[
    {
        "type": "message",
        "user": "U7TAF6RMF",
        "text": "Hi Marina، have you looked at the homepage that I made ",
        "ts": "1511724581.000105"
    },
    {
        "type": "message",
        "user": "U7RE90REK",
        "text": "Hi Omer I have modified it a bit",
        "ts": "1511724610.000063"
    },
    {
        "type": "message",
        "user": "U7RE90REK",
        "text": "Hi Marina",
        "ts": "1511724621.000032"
    },
    {
        "type": "message",
        "user": "U7TAF6RMF",
        "text": "Ok I will look at it ",
        "ts": "1511724654.000022"
    },
    {
        "type": "message",
        "user": "U7Q6YMWN4",
        "text": "Hi Takis Omer yes I am downloading the files",
        "ts": "1511724672.000061"
    },
    {
        "type": "message",
        "user": "U7TAF6RMF",
        "text": "Okay I have joined your login page and that from Takis together with the home page ",
        "ts": "1511724786.000082"
    },
    {
        "type": "message",
        "user": "U7RE90REK",
        "text": "I've installed a php pluggin and test environment for NetBeans",
        "ts": "1511724850.000021"
    },
    {
        "type": "message",
        "user": "U7RE90REK",
        "text": "so I can see the php pages now",
        "ts": "1511724855.000023"
    },
    {
        "type": "message",
        "user": "U7TAF6RMF",
        "text": "I want to know if the admin logged in which page he will see",
        "ts": "1511724886.000078"
    },
    {
        "type": "message",
        "user": "U7RE90REK",
        "text": "maybe I haven't seen your page because the code that was there this morning",
        "ts": "1511724909.000029"
    },
    {
        "type": "message",
        "user": "U7RE90REK",
        "text": "the link to admin wasn't active",
        "ts": "1511724914.000063"
    },
    {
        "type": "message",
        "user": "U7RE90REK",
        "text": "Marina having seen what the guys have produced we have two options",
        "ts": "1511724943.000084"
    },
    {
        "type": "message",
        "user": "U7RE90REK",
        "text": "either you get an ide to modify and view php files",
        "ts": "1511724952.000032"
    },
    {
        "type": "message",
        "user": "U7RE90REK",
        "text": "and update the html\/css",
        "ts": "1511724956.000005"
    },
    {
        "type": "message",
        "user": "U7TAF6RMF",
        "text": "I am using PHP my admin because I have to put everything in the T drive of the Uni",
        "ts": "1511724975.000089"
    },
    {
        "type": "message",
        "user": "U7RE90REK",
        "text": "or you somehow work on an html version",
        "ts": "1511724985.000118"
    },
    {
        "type": "message",
        "user": "U7RE90REK",
        "text": "and I can then integrate them with the php versions",
        "ts": "1511724996.000045"
    },
    {
        "type": "message",
        "user": "U7RE90REK",
        "text": "I think we could have a process where we design say a page with a form",
        "ts": "1511725017.000131"
    },
    {
        "type": "message",
        "user": "U7RE90REK",
        "text": "create it in html",
        "ts": "1511725022.000026"
    },
    {
        "type": "message",
        "user": "U7RE90REK",
        "text": "then we give it to the guys to add the php",
        "ts": "1511725034.000078"
    },
    {
        "type": "message",
        "user": "U7Q6YMWN4",
        "text": "thats what Omer did, right?",
        "ts": "1511725061.000101"
    },
    {
        "type": "message",
        "user": "U7Q6YMWN4",
        "text": "html then integrate it with php",
        "ts": "1511725077.000047"
    },
    {
        "type": "message",
        "user": "U7TAF6RMF",
        "text": "Yes that what I did ",
        "ts": "1511725090.000010"
    },
    {
        "type": "message",
        "user": "U7TAF6RMF",
        "text": "My task is to configure the pages together and adding PHP ",
        "ts": "1511725149.000097"
    },
    {
        "type": "message",
        "user": "U7Q6YMWN4",
        "text": "Takis what did you think about the admin page was it any good",
        "ts": "1511725461.000012"
    },
    {
        "type": "message",
        "user": "U7Q6YMWN4",
        "text": "I thought I try something but we did not have a chance to chat, so was not sure",
        "ts": "1511725507.000102"
    },
    {
        "type": "message",
        "user": "U7Q6YMWN4",
        "text": "if it was any good",
        "ts": "1511725526.000063"
    },
    {
        "type": "message",
        "user": "U7RE90REK",
        "text": "yes it's difficult",
        "ts": "1511725530.000079"
    },
    {
        "type": "message",
        "user": "U7RE90REK",
        "text": "one sec",
        "ts": "1511725539.000034"
    },
    {
        "type": "message",
        "user": "U7RE90REK",
        "text": "It looks good in terms of design but we haven't decided what's going on it yet",
        "ts": "1511725592.000057"
    },
    {
        "type": "message",
        "user": "U7RE90REK",
        "text": "I've added some tasks on the board for designing the use case diagrams",
        "ts": "1511725611.000028"
    },
    {
        "type": "message",
        "user": "U7RE90REK",
        "text": "The way I understand what we're doing is for example",
        "ts": "1511725677.000026"
    },
    {
        "type": "message",
        "user": "U7RE90REK",
        "text": "a user wants to view flight details",
        "ts": "1511725682.000054"
    },
    {
        "type": "message",
        "user": "U7RE90REK",
        "text": "so we chat about what needs to be displayed",
        "ts": "1511725689.000041"
    },
    {
        "type": "message",
        "user": "U7RE90REK",
        "text": "and then we create the input form",
        "ts": "1511725695.000060"
    },
    {
        "type": "message",
        "user": "U7RE90REK",
        "text": "and a page to display the output",
        "ts": "1511725702.000042"
    },
    {
        "type": "message",
        "user": "U7RE90REK",
        "text": "but the back end guys need to tell us what to put on there",
        "ts": "1511725710.000066"
    },
    {
        "type": "message",
        "user": "U7TAF6RMF",
        "text": "If you look at the storyboard on GitHub that I made you will get maybe an idea of what it spouse to be and that what Ben want to see",
        "ts": "1511725755.000075"
    },
    {
        "type": "message",
        "user": "U7RE90REK",
        "text": "Which tasks are you referring to?",
        "ts": "1511725788.000107"
    },
    {
        "type": "message",
        "user": "U7RE90REK",
        "text": "I'll have a look now",
        "ts": "1511725792.000063"
    },
    {
        "type": "message",
        "user": "U7TAF6RMF",
        "text": "On the design section GitHub ",
        "ts": "1511725878.000056"
    },
    {
        "type": "message",
        "user": "U7RE90REK",
        "text": "what's the issue id?",
        "ts": "1511725913.000029"
    },
    {
        "type": "message",
        "user": "U7RE90REK",
        "text": "ok you mean in the code repository",
        "ts": "1511725970.000078"
    },
    {
        "type": "message",
        "user": "U7RE90REK",
        "text": "in the design folder",
        "ts": "1511725976.000011"
    },
    {
        "type": "message",
        "user": "U7RE90REK",
        "text": "got it one sec",
        "ts": "1511725979.000066"
    },
    {
        "type": "message",
        "user": "U7TAF6RMF",
        "text": "Yes",
        "ts": "1511725983.000055"
    },
    {
        "type": "message",
        "user": "U7Q6YMWN4",
        "text": "it is the power point right",
        "ts": "1511726001.000031"
    },
    {
        "type": "message",
        "user": "U7Q6YMWN4",
        "text": "?",
        "ts": "1511726009.000056"
    },
    {
        "type": "message",
        "user": "U7TAF6RMF",
        "text": "Yes pp",
        "ts": "1511726027.000012"
    },
    {
        "type": "message",
        "user": "U7RE90REK",
        "text": "ok cool",
        "ts": "1511726042.000073"
    },
    {
        "type": "message",
        "user": "U7RE90REK",
        "text": "ok that's excellent",
        "ts": "1511726084.000090"
    },
    {
        "type": "message",
        "user": "U7RE90REK",
        "text": "So we have 4 pages that Marina can create in html",
        "ts": "1511726110.000047"
    },
    {
        "type": "message",
        "user": "U7RE90REK",
        "text": "the home page code can be modified",
        "ts": "1511726129.000047"
    },
    {
        "type": "message",
        "user": "U7RE90REK",
        "text": "we have a passenger page",
        "ts": "1511726133.000035"
    },
    {
        "type": "message",
        "user": "U7RE90REK",
        "text": "so if I add 4 tasks to the board to cover the front end for those 4 pages",
        "ts": "1511726165.000044"
    },
    {
        "type": "message",
        "user": "U7RE90REK",
        "text": "that will keep Marina and myself busy with front end stuff",
        "ts": "1511726181.000033"
    },
    {
        "type": "message",
        "user": "U7RE90REK",
        "text": "Marina I've started the home page I'll pass it to you for css",
        "ts": "1511726195.000077"
    },
    {
        "type": "message",
        "user": "U7RE90REK",
        "text": "is that ok?",
        "ts": "1511726202.000070"
    },
    {
        "type": "message",
        "user": "U7TAF6RMF",
        "text": "Have you checked my code",
        "ts": "1511726210.000003"
    },
    {
        "type": "message",
        "user": "U7RE90REK",
        "text": "I downloaded the code at 5 am this morning",
        "ts": "1511726230.000057"
    },
    {
        "type": "message",
        "user": "U7RE90REK",
        "text": "has it changed since then?",
        "ts": "1511726233.000098"
    },
    {
        "type": "message",
        "user": "U7RE90REK",
        "text": "lol no it's version dated",
        "ts": "1511726269.000073"
    },
    {
        "type": "message",
        "user": "U7RE90REK",
        "text": "so yes I have looked at the code",
        "ts": "1511726275.000077"
    },
    {
        "type": "message",
        "user": "U7RE90REK",
        "text": "and I have modified the homepage",
        "ts": "1511726283.000005"
    },
    {
        "type": "message",
        "user": "U7RE90REK",
        "text": "but haven't uploaded",
        "ts": "1511726287.000113"
    },
    {
        "type": "message",
        "user": "U7TAF6RMF",
        "text": "Could you do that please so I can check it",
        "ts": "1511726359.000087"
    },
    {
        "type": "message",
        "user": "U7Q6YMWN4",
        "text": "So Takis you will send me the front page and according I will create CSS and the other pages from the power point, right?",
        "ts": "1511726435.000019"
    },
    {
        "type": "message",
        "user": "U7Q6YMWN4",
        "text": "or just css for now",
        "ts": "1511726481.000115"
    },
    {
        "type": "message",
        "user": "U7TAF6RMF",
        "text": "You can download them from siteCode in GitHub Marina",
        "ts": "1511726539.000019"
    },
    {
        "type": "message",
        "user": "U7Q6YMWN4",
        "text": "from design",
        "ts": "1511726596.000083"
    },
    {
        "type": "message",
        "user": "U7Q6YMWN4",
        "text": "sorry",
        "ts": "1511726613.000028"
    },
    {
        "type": "message",
        "user": "U7Q6YMWN4",
        "text": "got it",
        "ts": "1511726615.000038"
    },
    {
        "type": "message",
        "user": "U7Q6YMWN4",
        "text": "OK I will remove the PHP at the start if that is OK",
        "ts": "1511726680.000005"
    },
    {
        "type": "message",
        "user": "U7Q6YMWN4",
        "text": "just to work on HTML",
        "ts": "1511726685.000074"
    },
    {
        "type": "message",
        "user": "U7Q6YMWN4",
        "text": "then we can add it back",
        "ts": "1511726695.000090"
    },
    {
        "type": "message",
        "user": "U7Q6YMWN4",
        "text": "Is that OK",
        "ts": "1511726699.000006"
    },
    {
        "type": "message",
        "user": "U7RE90REK",
        "text": "yes that's fine",
        "ts": "1511726729.000020"
    },
    {
        "type": "message",
        "user": "U7TAF6RMF",
        "text": "Ok no worries Marina I will configure them later on",
        "ts": "1511726758.000023"
    },
    {
        "type": "message",
        "user": "U7RE90REK",
        "text": "if there are any pages that need to be amended after php is added",
        "ts": "1511726779.000129"
    },
    {
        "type": "message",
        "user": "U7RE90REK",
        "text": "I can do those",
        "ts": "1511726782.000039"
    },
    {
        "type": "message",
        "user": "U7RE90REK",
        "text": "So Marina focuses on pure html\/css and I modify the php ones if needed",
        "ts": "1511726803.000093"
    },
    {
        "type": "message",
        "user": "U7RE90REK",
        "text": "does that sound ok?",
        "ts": "1511726807.000087"
    },
    {
        "type": "message",
        "user": "U7Q6YMWN4",
        "text": "perfect, thank you",
        "ts": "1511726819.000146"
    },
    {
        "type": "message",
        "user": "U7Q6YMWN4",
        "text": "just to confirm",
        "ts": "1511726830.000075"
    },
    {
        "type": "message",
        "user": "U7Q6YMWN4",
        "text": "design is Omer`s  home page and details inside is the power point",
        "ts": "1511726860.000073"
    },
    {
        "type": "message",
        "user": "U7TAF6RMF",
        "text": "Takis, now the admin login page is  ready I will work on the that with the database ",
        "ts": "1511726878.000040"
    },
    {
        "type": "message",
        "user": "U7TAF6RMF",
        "text": "I am working at the uni T drive to keep a record for the assessment ",
        "ts": "1511727007.000050"
    },
    {
        "type": "message",
        "user": "U7RE90REK",
        "text": "ok I don't have access to the uni T drive so when you're finished just upload to git if that's ok",
        "ts": "1511727589.000082"
    },
    {
        "type": "message",
        "user": "U7TAF6RMF",
        "text": "That's fine ",
        "ts": "1511727635.000139"
    },
    {
        "type": "message",
        "user": "U7TAF6RMF",
        "text": "Do you use PHP my admin Takis",
        "ts": "1511727685.000029"
    }
]