[
    {
        "type": "message",
        "user": "U7RE90REK",
        "text": "Hi all we'll have the meeting here in daily discussions I'll start at 7",
        "ts": "1511377013.000192"
    },
    {
        "type": "message",
        "user": "U7XGJRZ9S",
        "text": "hi Takis, i have missed your message in the morning i was not at my desk :slightly_smiling_face:",
        "ts": "1511377082.000043"
    },
    {
        "type": "message",
        "user": "U7RE90REK",
        "text": "Hi Badi that's fine we all dip in and out of slack and reply whenever we can, I think it's working quite well",
        "ts": "1511377134.000122"
    },
    {
        "type": "message",
        "user": "U7XGJRZ9S",
        "text": "yes it is now,",
        "ts": "1511377160.000005"
    },
    {
        "type": "message",
        "user": "U7RE90REK",
        "text": "Ok so Sprint review meeting",
        "ts": "1511377477.000554"
    },
    {
        "type": "message",
        "user": "U7RE90REK",
        "text": "So I don't know if everyone has had a chance to look at the project in GigHub",
        "ts": "1511377547.000584"
    },
    {
        "type": "message",
        "user": "U7YJDN73R",
        "text": "I have finished nearly 30% of the work at the back end for this sprint, I should finish most of it today in the next few hours",
        "ts": "1511377561.000213"
    },
    {
        "type": "message",
        "user": "U7RE90REK",
        "text": "That's great Leo can you write a few lines about what you're doing",
        "ts": "1511377604.000180"
    },
    {
        "type": "message",
        "user": "U7RE90REK",
        "text": "and I'll add it to the actions",
        "ts": "1511377611.000328"
    },
    {
        "type": "message",
        "user": "U7RE90REK",
        "text": "Or is it this ? Functional requirements:\n\nThe code should create the necessary SQL queries to fetch the required data from the Database according to the input from the front end.",
        "ts": "1511377685.000210"
    },
    {
        "type": "message",
        "user": "U7YJDN73R",
        "text": "I wrote connection.php file , to establish a connection to database ,it won't be used on it's own, but it will be used each time we fetch data from DB",
        "ts": "1511377689.000619"
    },
    {
        "type": "message",
        "user": "U7YJDN73R",
        "text": "now i'm working on the other codes that make the SQL queries for the three different scenarios that i mentioned",
        "ts": "1511377720.000107"
    },
    {
        "type": "message",
        "user": "U7Q9MGYN8",
        "text": "If you need database connection credentials again, I can provide them",
        "ts": "1511377740.000233"
    },
    {
        "type": "message",
        "user": "U7RE90REK",
        "text": "Ok I've moved the activity into \"in progress\" that's great",
        "ts": "1511377760.000130"
    },
    {
        "type": "message",
        "user": "U7RE90REK",
        "text": "I've created some wire frames for the site, under \"Design\" folder in code",
        "ts": "1511377779.000179"
    },
    {
        "type": "message",
        "user": "U7RE90REK",
        "text": "I'd like to sit with the developers and discuss what forms we need on there",
        "ts": "1511377798.000264"
    },
    {
        "type": "message",
        "user": "U7RE90REK",
        "text": "that's a task for tomorrow",
        "ts": "1511377804.000037"
    },
    {
        "type": "message",
        "user": "U7YJDN73R",
        "text": "Ok Rob, will let you know when I need them, probably tomorrow",
        "ts": "1511377807.000344"
    },
    {
        "type": "message",
        "user": "U7RE90REK",
        "text": "Ok so Rob you've done loads",
        "ts": "1511377821.000603"
    },
    {
        "type": "message",
        "user": "U7RE90REK",
        "text": "I've got your completed tasks listed I'll add them to the Sprint review doc tonight",
        "ts": "1511377847.000191"
    },
    {
        "type": "message",
        "user": "U7Q9MGYN8",
        "text": "OK, to summarize though: I've scripted the database tables for recreation when needed, along with setting unique on each table. I did run into a minor bug while deploying, I'll upload a fix for that tonight",
        "ts": "1511377919.000396"
    },
    {
        "type": "message",
        "user": "U7Q9MGYN8",
        "text": "Long story short I forgot to set a primary key on one of the tables, so it's a simple fix",
        "ts": "1511377945.000518"
    },
    {
        "type": "message",
        "user": "U7RE90REK",
        "text": "Ok that's good",
        "ts": "1511377969.000201"
    },
    {
        "type": "message",
        "user": "U7Q9MGYN8",
        "text": "I've also deployed it all to the test server which I've set up.",
        "ts": "1511377976.000206"
    },
    {
        "type": "message",
        "user": "U7Q9MGYN8",
        "text": "If anyone is interest, the whole environment is docker based, so if your familiar with the technology and want a local copy I can provide the docker files",
        "ts": "1511378020.000080"
    },
    {
        "type": "message",
        "user": "U7RE90REK",
        "text": "I'd be interested in learning about docker Rob, I'll ping you a note in the next few days",
        "ts": "1511378076.000180"
    },
    {
        "type": "message",
        "user": "U7YJDN73R",
        "text": "Takis have you considered how to pass the variables from front end (Html\/css) to backend (Php) , cause I need to consider it in my code",
        "ts": "1511378115.000382"
    },
    {
        "type": "message",
        "user": "U7YJDN73R",
        "text": "shall we use post method ?",
        "ts": "1511378122.000461"
    },
    {
        "type": "message",
        "user": "U7RE90REK",
        "text": "yes I'd use post unless there was a reason not to, e.g. ability to bookmark.",
        "ts": "1511378147.000131"
    },
    {
        "type": "message",
        "user": "U7Q9MGYN8",
        "text": "Post would be the most secure and is supported in html5 natively.",
        "ts": "1511378150.000520"
    },
    {
        "type": "message",
        "user": "U7RE90REK",
        "text": "agreed",
        "ts": "1511378157.000312"
    },
    {
        "type": "message",
        "user": "U7RE90REK",
        "text": "Like I said in tomorrow's meeting lets look at the wireframes",
        "ts": "1511378170.000561"
    },
    {
        "type": "message",
        "user": "U7YJDN73R",
        "text": "Cool, i also thought the same thing",
        "ts": "1511378179.000171"
    },
    {
        "type": "message",
        "user": "U7RE90REK",
        "text": "and lets jot down what we actually need with regards to forms",
        "ts": "1511378186.000096"
    },
    {
        "type": "message",
        "user": "U7RE90REK",
        "text": "we'll create the forms and we'll collaborate on variables, we need to show some design docs too so that will be good.",
        "ts": "1511378215.000236"
    },
    {
        "type": "message",
        "user": "U7RE90REK",
        "text": "Marina are you there?",
        "ts": "1511378219.000109"
    },
    {
        "type": "message",
        "user": "U7Q6YMWN4",
        "text": "I am here",
        "ts": "1511378274.000276"
    },
    {
        "type": "message",
        "user": "U7RE90REK",
        "text": "Hi Marina I've uploaded your Admin login html form to the github repository",
        "ts": "1511378294.000135"
    },
    {
        "type": "message",
        "user": "U7RE90REK",
        "text": "and I've moved your tasks to completed",
        "ts": "1511378301.000296"
    },
    {
        "type": "message",
        "user": "U7Q6YMWN4",
        "text": "I was looking at the files you uploaded now",
        "ts": "1511378310.000482"
    },
    {
        "type": "message",
        "user": "U7RE90REK",
        "text": "ok good as I was saying to Leo we'll sit down with the devs and sketch out the actual forms needed, I like your CSS we can use that on the site",
        "ts": "1511378356.000147"
    },
    {
        "type": "message",
        "user": "U7RE90REK",
        "text": "but the next step I think is to see what we need",
        "ts": "1511378372.000590"
    },
    {
        "type": "message",
        "user": "U7RE90REK",
        "text": "I think that's it for completed tasks",
        "ts": "1511378387.000123"
    },
    {
        "type": "message",
        "user": "U7RE90REK",
        "text": "oh Omer said he's done a front page and some backend work",
        "ts": "1511378408.000414"
    },
    {
        "type": "message",
        "user": "U7RE90REK",
        "text": "Rob I was thinking it might be good to have the Sprint 2 start meeting when you guys are with Ben",
        "ts": "1511378442.000490"
    },
    {
        "type": "message",
        "user": "U7RE90REK",
        "text": "to ask him what he wants delivering in sprint 2",
        "ts": "1511378450.000374"
    },
    {
        "type": "message",
        "user": "U7RE90REK",
        "text": "then we can pick up with everyone on the evening",
        "ts": "1511378458.000321"
    },
    {
        "type": "message",
        "user": "U7RE90REK",
        "text": "I'm working from home so I can fit half\/an hour meeting if everyone is available",
        "ts": "1511378474.000387"
    },
    {
        "type": "message",
        "user": "U7Q9MGYN8",
        "text": "Agreed, I can bring that up in lectures and we can do a meeting when needed",
        "ts": "1511378492.000201"
    },
    {
        "type": "message",
        "user": "U7RE90REK",
        "text": "ok ping me on here and we can have a video call like last time",
        "ts": "1511378520.000039"
    },
    {
        "type": "message",
        "user": "U7YJDN73R",
        "text": "I will be at the Uni tomorrow at 9:00 am",
        "ts": "1511378536.000122"
    },
    {
        "type": "message",
        "user": "U7RE90REK",
        "text": "I have work meetings I'll check my diary tomorrow and let you know but we should be ok",
        "ts": "1511378602.000450"
    },
    {
        "type": "message",
        "user": "U7RE90REK",
        "text": "Badi",
        "ts": "1511378610.000015"
    },
    {
        "type": "message",
        "user": "U7RE90REK",
        "text": "We've got you allocated to testing, what are you design\/uml type skills like?",
        "ts": "1511378628.000284"
    },
    {
        "type": "message",
        "user": "U7YJDN73R",
        "text": "So Takis Omer still haven't told you what he has done at the front end ?",
        "ts": "1511378645.000379"
    },
    {
        "type": "message",
        "user": "U7XGJRZ9S",
        "text": "yes i am following, i was looking at github",
        "ts": "1511378653.000060"
    },
    {
        "type": "message",
        "user": "U7RE90REK",
        "text": "No he hasn't",
        "ts": "1511378656.000031"
    },
    {
        "type": "message",
        "user": "U7RE90REK",
        "text": "<@U7XGJRZ9S> do you think you could also pick up some of the design tasks until we have more solid testing tasks to carry out?",
        "ts": "1511378687.000589"
    },
    {
        "type": "message",
        "user": "U7XGJRZ9S",
        "text": "i am not too good with the technologies used in the project:)",
        "ts": "1511378747.000396"
    },
    {
        "type": "message",
        "user": "U7RE90REK",
        "text": "how about some use case diagrams",
        "ts": "1511378772.000022"
    },
    {
        "type": "message",
        "user": "U7XGJRZ9S",
        "text": "i can look around and see what i can, yes i can do dsign but not php",
        "ts": "1511378797.000313"
    },
    {
        "type": "message",
        "user": "U7RE90REK",
        "text": "that's fine we have enough php guys I think we're lacking someone to analyse the requirements and turn them into use case diagrams",
        "ts": "1511378836.000329"
    },
    {
        "type": "message",
        "user": "U7RE90REK",
        "text": "I can work with you on this a bit if you want",
        "ts": "1511378855.000115"
    },
    {
        "type": "message",
        "user": "U7RE90REK",
        "text": "in fact we all need to maybe collaborate on this",
        "ts": "1511378870.000062"
    },
    {
        "type": "message",
        "user": "U7XGJRZ9S",
        "text": "i can go with use case diagrams",
        "ts": "1511378877.000369"
    },
    {
        "type": "message",
        "user": "U7RE90REK",
        "text": "but if you can take ownership of the task",
        "ts": "1511378883.000553"
    },
    {
        "type": "message",
        "user": "U7RE90REK",
        "text": "ok cool",
        "ts": "1511378887.000341"
    },
    {
        "type": "message",
        "user": "U7RE90REK",
        "text": "So Rob Leo will you see Omer tomorrow?",
        "ts": "1511378905.000120"
    },
    {
        "type": "message",
        "user": "U7Q9MGYN8",
        "text": "Yes, we are all in the same lecture",
        "ts": "1511379021.000155"
    },
    {
        "type": "message",
        "user": "U7RE90REK",
        "text": "Can you ask him to upload what he's done to git please?",
        "ts": "1511379073.000433"
    },
    {
        "type": "message",
        "user": "U7RE90REK",
        "text": "Marina you were typing something",
        "ts": "1511379084.000304"
    },
    {
        "type": "message",
        "user": "U7Q6YMWN4",
        "text": "yes, I wanted to ask will you tell me more details about my next task after the meeting. Sorry I dont type as fast as you do guys, English is not my first language",
        "ts": "1511379151.000212"
    },
    {
        "type": "message",
        "user": "U7Q6YMWN4",
        "text": "the admin page, as I dont want to start",
        "ts": "1511379184.000080"
    },
    {
        "type": "message",
        "user": "U7Q6YMWN4",
        "text": "something then it is not want we need.",
        "ts": "1511379205.000036"
    },
    {
        "type": "message",
        "user": "U7RE90REK",
        "text": "yes that's why I've held back a bit too",
        "ts": "1511379228.000009"
    },
    {
        "type": "message",
        "user": "U7RE90REK",
        "text": "lets stick to the wire frames until we know what we want",
        "ts": "1511379240.000512"
    },
    {
        "type": "message",
        "user": "U7Q6YMWN4",
        "text": "Ok great thank you",
        "ts": "1511379241.000173"
    },
    {
        "type": "message",
        "user": "U7RE90REK",
        "text": "so what I was thinking was doing the meeting in two parts",
        "ts": "1511379252.000095"
    },
    {
        "type": "message",
        "user": "U7RE90REK",
        "text": "through the day with ben to make sure we get some customer input",
        "ts": "1511379262.000312"
    },
    {
        "type": "message",
        "user": "U7RE90REK",
        "text": "then we'll have our evening meeting to update you and discuss further",
        "ts": "1511379272.000525"
    },
    {
        "type": "message",
        "user": "U7RE90REK",
        "text": "and yes the main focus will be a. What we want to deliver b. break it down into tasks for everyone c. prioritise",
        "ts": "1511379298.000403"
    },
    {
        "type": "message",
        "user": "U7RE90REK",
        "text": "I'm done I think anyone else?",
        "ts": "1511379339.000275"
    },
    {
        "type": "message",
        "user": "U7Q6YMWN4",
        "text": "will we have another meeting at 7pm tomorrow as well",
        "ts": "1511379391.000142"
    },
    {
        "type": "message",
        "user": "U7RE90REK",
        "text": "Yes",
        "ts": "1511379462.000426"
    },
    {
        "type": "message",
        "user": "U7YJDN73R",
        "text": "I'm not sure when I make it home from uni tomorrow. I might miss it",
        "ts": "1511379514.000224"
    },
    {
        "type": "message",
        "user": "U7Q9MGYN8",
        "text": "If we are thinking of follow up tasks: we will need some dummy information for the passenger and flights data tables, along with populating the airports and risk tables. I'll bring the different risks up with Ben tomorrow, and once I have an idea make a script to populate the tables.",
        "ts": "1511379529.000274"
    },
    {
        "type": "message",
        "user": "U7RE90REK",
        "text": "Ok that's good we know we'll need that anyway",
        "ts": "1511379617.000455"
    },
    {
        "type": "message",
        "user": "U7RE90REK",
        "text": "Ok I'm off good night everyone",
        "ts": "1511379832.000476"
    },
    {
        "type": "message",
        "user": "U7Q9MGYN8",
        "text": "I am as well, good night all",
        "ts": "1511379870.000417"
    },
    {
        "type": "message",
        "user": "U7YJDN73R",
        "text": "Goodnight",
        "ts": "1511379899.000295"
    },
    {
        "type": "message",
        "user": "U7XGJRZ9S",
        "text": "good night all1",
        "ts": "1511379927.000053"
    }
]