[
    {
        "type": "message",
        "user": "U7TAF6RMF",
        "text": "\nWho is there guys ",
        "ts": "1510824178.000373"
    },
    {
        "type": "message",
        "user": "U7Q8KM62X",
        "text": "<@U7XGJRZ9S> <@U7RE90REK> <@U7Q9MGYN8> <@U7TAF6RMF> <@U7Q6YMWN4> <@U7YJDN73R> OK guys, can you please record result of your first meeting and upload it to git hub, including roles allocation. and I want each person have a list of allocated tasks, what is done, and what is in the progress and also a reason why it is not done yet, how it can be solved! (everyone should do this for his\/her tasks).",
        "ts": "1510824499.000171"
    }
]