[
    {
        "type": "message",
        "user": "U7YJDN73R",
        "text": "Come on guys, the week is almost over, shouldn't we have at least one meeting ?",
        "ts": "1510685458.000493"
    },
    {
        "type": "message",
        "user": "U7Q6YMWN4",
        "text": "Hi all, I agree with Leo, hope you don`t mind me suggesting this idea, not sure if it is a good one ,but  maybe we can agree two meeting, one in the day and one in the evening, since we all have commitments and our times conflict. Or just have a meeting anyway with the group that can attend and then feedback to the rest??",
        "ts": "1510692337.000255"
    },
    {
        "type": "message",
        "user": "U7Q9MGYN8",
        "text": "I agree with that, it's like you say, we all have different commitments and it makes doing consistent meetings difficult. If anyone is free tomorrow in the afternoon, we could do a Skype session and feedback through Slack to whoever wasn't able to attend?",
        "ts": "1510693518.000204"
    },
    {
        "type": "message",
        "user": "U7Q9MGYN8",
        "text": "I have some things I can do in preparation for the meeting too like the backlog and tasks (I would tonight but I have just got off a 9 hour coach from London, haha)",
        "ts": "1510693599.000219"
    },
    {
        "type": "message",
        "user": "U7RE90REK",
        "text": "How about we try every day at 7 pm",
        "ts": "1510693672.000237"
    },
    {
        "type": "message",
        "user": "U7RE90REK",
        "text": "I think most people said they could make evenings",
        "ts": "1510693678.000469"
    },
    {
        "type": "message",
        "user": "U7Q9MGYN8",
        "text": "Works for me",
        "ts": "1510693780.000029"
    },
    {
        "type": "message",
        "user": "U7RE90REK",
        "text": "I've just sent an outlook meeting request for everyone with a token gesture meeting agenda",
        "ts": "1510694079.000206"
    },
    {
        "type": "message",
        "user": "U7RE90REK",
        "text": "Lets try to get the ball rolling tomorrow",
        "ts": "1510694099.000049"
    },
    {
        "type": "message",
        "user": "U7Q6YMWN4",
        "text": "7 is good for me, I will use Skype on the right side of our Uni email, never tried it, but I think it will work.",
        "ts": "1510694954.000472"
    },
    {
        "type": "message",
        "user": "U7Q6YMWN4",
        "text": "Tried Skype for business but won`t install on my pc unless I remove microsoft 2007",
        "ts": "1510694995.000213"
    },
    {
        "type": "message",
        "user": "U7RE90REK",
        "text": "I'm not sure it will work with the skype on the side",
        "ts": "1510695014.000179"
    },
    {
        "type": "message",
        "user": "U7Q6YMWN4",
        "text": "but I need microsoft and can`t remove it of PC",
        "ts": "1510695017.000310"
    },
    {
        "type": "message",
        "user": "U7RE90REK",
        "text": "can you install it on your phone?",
        "ts": "1510695020.000141"
    },
    {
        "type": "message",
        "user": "U7Q6YMWN4",
        "text": "Oh OK, I will try that, thank you",
        "ts": "1510695093.000170"
    },
    {
        "type": "message",
        "user": "U7RE90REK",
        "text": "just sign in with your uni email and password",
        "ts": "1510695119.000395"
    },
    {
        "type": "message",
        "user": "U7RE90REK",
        "text": "I'm pretty sure tomorrow's meeting will be us trying to get a group skype call together :slightly_smiling_face:",
        "ts": "1510695140.000320"
    },
    {
        "type": "message",
        "user": "U7Q6YMWN4",
        "text": "I agree",
        "ts": "1510695244.000411"
    }
]