[
    {
        "type": "message",
        "user": "U7RE90REK",
        "text": "Hi Ben see the wiki on GitHubfor roles product backlog and previous minutes.  last night's minutes will be uploaded tonight when I'm home. Tasks will be added too we have another meeting tonight, sprint actions will be added and prioritised in the spreadsheet you provided please confirm this is where you want them. Thanks",
        "ts": "1511261991.000333"
    },
    {
        "type": "message",
        "user": "U7YJDN73R",
        "text": "Hi everyone, are we gonna start the meeting ?",
        "ts": "1511290910.000756"
    },
    {
        "type": "message",
        "user": "U7RE90REK",
        "text": "Hi Leo we're in general",
        "ts": "1511290949.000358"
    }
]