[
    {
        "type": "message",
        "user": "U7RE90REK",
        "text": "Hi Marina",
        "ts": "1512153897.000570"
    },
    {
        "type": "message",
        "user": "U7RE90REK",
        "text": "I have just updated index.php, passengers.php I have created flights.php and AdminHome.php",
        "ts": "1512153919.000301"
    },
    {
        "type": "message",
        "user": "U7RE90REK",
        "text": "and updated all the navigation",
        "ts": "1512153927.000722"
    },
    {
        "type": "message",
        "user": "U7RE90REK",
        "text": "I've just pushed it to the repository",
        "ts": "1512153944.000034"
    },
    {
        "type": "message",
        "user": "U7RE90REK",
        "text": "Hi Leo",
        "ts": "1512153969.000314"
    },
    {
        "type": "message",
        "user": "U7YJDN73R",
        "text": "Hello",
        "ts": "1512153975.000758"
    },
    {
        "type": "message",
        "user": "U7RE90REK",
        "text": "lets keep it short tonight it's Friday night",
        "ts": "1512154000.000074"
    },
    {
        "type": "message",
        "user": "U7RE90REK",
        "text": "oh it's not 7 yet I didn't notice :slightly_smiling_face:",
        "ts": "1512154035.000756"
    },
    {
        "type": "message",
        "user": "U7YJDN73R",
        "text": "yeah, nothing much has been done since yesterday anyways apart from your and maybe Marina's work",
        "ts": "1512154053.000404"
    },
    {
        "type": "message",
        "user": "U7RE90REK",
        "text": "Don't worry about the layout CSS as long as you guys have enough to be doing your work",
        "ts": "1512154115.000380"
    },
    {
        "type": "message",
        "user": "U7YJDN73R",
        "text": "Omer is worked yesterday, Rob is probably working too, I'm sorting out the T drive",
        "ts": "1512154123.000325"
    },
    {
        "type": "message",
        "user": "U7RE90REK",
        "text": "ok that's fine",
        "ts": "1512154133.000339"
    },
    {
        "type": "message",
        "user": "U7RE90REK",
        "text": "I'm going to complete all the front end pages this weekend",
        "ts": "1512154146.000140"
    },
    {
        "type": "message",
        "user": "U7RE90REK",
        "text": "I'll go through them and tidy them up with Marina",
        "ts": "1512154172.000305"
    },
    {
        "type": "message",
        "user": "U7RE90REK",
        "text": "I will also do the use case diagrams for what we have",
        "ts": "1512154181.000199"
    },
    {
        "type": "message",
        "user": "U7RE90REK",
        "text": "and do a test plan",
        "ts": "1512154201.000125"
    },
    {
        "type": "message",
        "user": "U7RE90REK",
        "text": "at least start one",
        "ts": "1512154206.000373"
    },
    {
        "type": "message",
        "user": "U7RE90REK",
        "text": "UAT type stuff",
        "ts": "1512154214.000557"
    },
    {
        "type": "message",
        "user": "U7RE90REK",
        "text": "so make sure that the functionality works",
        "ts": "1512154220.000666"
    },
    {
        "type": "message",
        "user": "U7RE90REK",
        "text": "I don't mind doing this it won't take me long",
        "ts": "1512154227.000428"
    },
    {
        "type": "message",
        "user": "U7RE90REK",
        "text": "and I have to rewrite the powerPoint as tasks",
        "ts": "1512154236.000183"
    },
    {
        "type": "message",
        "user": "U7YJDN73R",
        "text": "I'm gonna work on Managing Emerging Technologies this weekend (the deadline is 8th of December) but from Monday I will work on the project again, so if you finish the Front end till Monday it will be good for me, but you can take your time till Wednesday",
        "ts": "1512154250.000622"
    },
    {
        "type": "message",
        "user": "U7RE90REK",
        "text": "that's fine Leo",
        "ts": "1512154263.000539"
    },
    {
        "type": "message",
        "user": "U7RE90REK",
        "text": "I'm doing SAP1",
        "ts": "1512154267.000626"
    },
    {
        "type": "message",
        "user": "U7YJDN73R",
        "text": "The most important thing is to make progress otherwise we will lose marks",
        "ts": "1512154268.000179"
    },
    {
        "type": "message",
        "user": "U7RE90REK",
        "text": "yes well we are all doing what we can",
        "ts": "1512154279.000245"
    },
    {
        "type": "message",
        "user": "U7RE90REK",
        "text": "the front end stuff in the PP will be done",
        "ts": "1512154286.000156"
    },
    {
        "type": "message",
        "user": "U7RE90REK",
        "text": "and I will also add some data entry forms",
        "ts": "1512154291.000667"
    },
    {
        "type": "message",
        "user": "U7RE90REK",
        "text": "I will look at the db entity diagram",
        "ts": "1512154300.000398"
    },
    {
        "type": "message",
        "user": "U7RE90REK",
        "text": "and make some forms to enter data",
        "ts": "1512154307.000668"
    },
    {
        "type": "message",
        "user": "U7RE90REK",
        "text": "Marina are you on?",
        "ts": "1512154331.000389"
    },
    {
        "type": "message",
        "user": "U7YJDN73R",
        "text": "Good",
        "ts": "1512154334.000417"
    },
    {
        "type": "message",
        "user": "U7RE90REK",
        "text": "I'll wait around a bit",
        "ts": "1512154345.000067"
    },
    {
        "type": "message",
        "user": "U7Q6YMWN4",
        "text": "yes",
        "ts": "1512154502.000005"
    },
    {
        "type": "message",
        "user": "U7Q6YMWN4",
        "text": "agree if we finish the front end this weekend would be great",
        "ts": "1512154547.000442"
    },
    {
        "type": "message",
        "user": "U7RE90REK",
        "text": "Sorry Marina I've been busy until this afternoon",
        "ts": "1512154611.000433"
    },
    {
        "type": "message",
        "user": "U7RE90REK",
        "text": "but I've updated index and passengers",
        "ts": "1512154631.000183"
    },
    {
        "type": "message",
        "user": "U7Q6YMWN4",
        "text": "it is OK, i was working on my other module",
        "ts": "1512154633.000134"
    },
    {
        "type": "message",
        "user": "U7RE90REK",
        "text": "and created flights and adminHome",
        "ts": "1512154641.000209"
    },
    {
        "type": "message",
        "user": "U7RE90REK",
        "text": "if it's ok I'll create all the pages",
        "ts": "1512154649.000414"
    },
    {
        "type": "message",
        "user": "U7Q6YMWN4",
        "text": "I am looking at them now",
        "ts": "1512154652.000375"
    },
    {
        "type": "message",
        "user": "U7RE90REK",
        "text": "I mean like an outline",
        "ts": "1512154671.000090"
    },
    {
        "type": "message",
        "user": "U7RE90REK",
        "text": "then we can discuss what we need to change",
        "ts": "1512154677.000071"
    },
    {
        "type": "message",
        "user": "U7RE90REK",
        "text": "Marina if you don't have anything else to add",
        "ts": "1512154731.000702"
    },
    {
        "type": "message",
        "user": "U7RE90REK",
        "text": "lets not keep this meeting going long",
        "ts": "1512154737.000455"
    },
    {
        "type": "message",
        "user": "U7RE90REK",
        "text": "do either of you have any last comment?",
        "ts": "1512154752.000166"
    },
    {
        "type": "message",
        "user": "U7RE90REK",
        "text": "comments*?",
        "ts": "1512154756.000307"
    },
    {
        "type": "message",
        "user": "U7RE90REK",
        "text": "... just realised someone might come on at 7",
        "ts": "1512154769.000112"
    },
    {
        "type": "message",
        "user": "U7RE90REK",
        "text": "I'll hang around a bit",
        "ts": "1512154772.000033"
    },
    {
        "type": "message",
        "user": "U7Q6YMWN4",
        "text": "Ok, just let me know if you wanted me to do anything.",
        "ts": "1512154934.000157"
    },
    {
        "type": "message",
        "user": "U7Q6YMWN4",
        "text": "after you created the proper layout",
        "ts": "1512154994.000045"
    },
    {
        "type": "message",
        "user": "U7Q6YMWN4",
        "text": "If you send me a message on Slack on the weekend I can help",
        "ts": "1512155040.000284"
    },
    {
        "type": "message",
        "user": "U7Q6YMWN4",
        "text": "Bye for now",
        "ts": "1512155045.000309"
    },
    {
        "type": "message",
        "user": "U7RE90REK",
        "text": "that will be good",
        "ts": "1512155046.000525"
    },
    {
        "type": "message",
        "user": "U7RE90REK",
        "text": "bye Marina",
        "ts": "1512155049.000145"
    },
    {
        "type": "message",
        "user": "U7RE90REK",
        "text": "thanks",
        "ts": "1512155053.000179"
    }
]