[
    {
        "type": "message",
        "user": "U7RE90REK",
        "text": "Hi",
        "ts": "1511809167.000372"
    },
    {
        "type": "message",
        "user": "U7TAF6RMF",
        "text": "Hi Takis",
        "ts": "1511809213.000148"
    },
    {
        "type": "message",
        "user": "U7RE90REK",
        "text": "Hi Omer",
        "ts": "1511809247.000200"
    },
    {
        "type": "message",
        "user": "U7RE90REK",
        "text": "Ok so lets try to keep this to daily standup",
        "ts": "1511809283.000375"
    },
    {
        "type": "message",
        "user": "U7RE90REK",
        "text": "lets just go round everyone and give an update",
        "ts": "1511809291.000226"
    },
    {
        "type": "message",
        "user": "U7RE90REK",
        "text": "I'll start",
        "ts": "1511809296.000446"
    },
    {
        "type": "message",
        "user": "U7RE90REK",
        "text": "I've reviewed the code that's on github, I've downloaded git desktop and I've made an amendment to the homepage.php renamed it to index and added a bit of navigation",
        "ts": "1511809344.000040"
    },
    {
        "type": "message",
        "user": "U7RE90REK",
        "text": "I've also added the same navigation to the passengers.php, this is more as a test. Then I did a commit to master on both these files.",
        "ts": "1511809369.000410"
    },
    {
        "type": "message",
        "user": "U7RE90REK",
        "text": "One question I have is how are we managing version control are we doing branches and merging or are we all just updating master",
        "ts": "1511809392.000010"
    },
    {
        "type": "message",
        "user": "U7RE90REK",
        "text": "I've added some tasks to the board on github",
        "ts": "1511809415.000199"
    },
    {
        "type": "message",
        "user": "U7RE90REK",
        "text": "these are suggestions that I wanted to discuss with everyone. In particular some UML design tasks that I've allocated to Badi",
        "ts": "1511809439.000050"
    },
    {
        "type": "message",
        "user": "U7RE90REK",
        "text": "I didn't allocate any back end tasks so back end devs please update the tasks with the work you have",
        "ts": "1511809470.000394"
    },
    {
        "type": "message",
        "user": "U7RE90REK",
        "text": "I've also updated some meeting minutes notes",
        "ts": "1511809491.000200"
    },
    {
        "type": "message",
        "user": "U7RE90REK",
        "text": "I will complete these for spring 1 and spring 2 what we've done so far this week",
        "ts": "1511809506.000316"
    },
    {
        "type": "message",
        "user": "U7RE90REK",
        "text": "ok who'd next?",
        "ts": "1511809516.000707"
    },
    {
        "type": "message",
        "user": "U7YJDN73R",
        "text": "Hi everyone, I've been looking for some rsecurity related issues (SQL injection,Password encryption) for the login page, I've downloaded git desktop, I'm gonna start coding tonight, and it should be complete by next Thursday",
        "ts": "1511809565.000344"
    },
    {
        "type": "message",
        "user": "U7TAF6RMF",
        "text": "My task was configuring the home page with your passenger side and login Marina side",
        "ts": "1511809605.000577"
    },
    {
        "type": "message",
        "user": "U7YJDN73R",
        "text": "As for the Version control , I prefer if we update the master, but it's something we can debate",
        "ts": "1511809610.000376"
    },
    {
        "type": "message",
        "user": "U7RE90REK",
        "text": "Can you add these tasks to the board please Leo?",
        "ts": "1511809613.000621"
    },
    {
        "type": "message",
        "user": "U7YJDN73R",
        "text": "Yes Takis, I will do it tonight",
        "ts": "1511809627.000601"
    },
    {
        "type": "message",
        "user": "U7RE90REK",
        "text": "<@U7TAF6RMF> can you update some detail on the board too please?",
        "ts": "1511809675.000066"
    },
    {
        "type": "message",
        "user": "U7TAF6RMF",
        "text": "Ok I will do",
        "ts": "1511809696.000465"
    },
    {
        "type": "message",
        "user": "U7RE90REK",
        "text": "thanks both",
        "ts": "1511809711.000581"
    },
    {
        "type": "message",
        "user": "U7RE90REK",
        "text": "Badi hi",
        "ts": "1511809717.000440"
    },
    {
        "type": "message",
        "user": "U7TAF6RMF",
        "text": "I think we can keep the originals versions and every time when we do an update to it just added it to the CodeSite in GitHub so that we keep the old versions",
        "ts": "1511809914.000001"
    },
    {
        "type": "message",
        "user": "U7RE90REK",
        "text": "Ok sounds good to me",
        "ts": "1511809937.000049"
    },
    {
        "type": "message",
        "user": "U7RE90REK",
        "text": "Marina hi",
        "ts": "1511809943.000088"
    },
    {
        "type": "message",
        "user": "U7Q6YMWN4",
        "text": "hi",
        "ts": "1511810027.000240"
    },
    {
        "type": "message",
        "user": "U7Q6YMWN4",
        "text": "I am downloading your updated version",
        "ts": "1511810074.000177"
    },
    {
        "type": "message",
        "user": "U7RE90REK",
        "text": "ok from the powerpoint the pages that don't exist are you ok to do the ones that don't exist?",
        "ts": "1511810137.000410"
    },
    {
        "type": "message",
        "user": "U7RE90REK",
        "text": "just in html",
        "ts": "1511810144.000123"
    },
    {
        "type": "message",
        "user": "U7Q6YMWN4",
        "text": "yes",
        "ts": "1511810340.000373"
    },
    {
        "type": "message",
        "user": "U7Q6YMWN4",
        "text": "using the index you created",
        "ts": "1511810390.000318"
    },
    {
        "type": "message",
        "user": "U7RE90REK",
        "text": "well it's leo\/omer's file",
        "ts": "1511810404.000378"
    },
    {
        "type": "message",
        "user": "U7RE90REK",
        "text": "I just renamed it",
        "ts": "1511810409.000345"
    },
    {
        "type": "message",
        "user": "U7RE90REK",
        "text": "and added a bit of navigation",
        "ts": "1511810414.000146"
    },
    {
        "type": "message",
        "user": "U7Q6YMWN4",
        "text": "sorry right",
        "ts": "1511810425.000591"
    },
    {
        "type": "message",
        "user": "U7Q6YMWN4",
        "text": "I will create three pages then",
        "ts": "1511810437.000171"
    },
    {
        "type": "message",
        "user": "U7TAF6RMF",
        "text": "Hi guys try to keep it simple as possible it is more about agile ",
        "ts": "1511810443.000142"
    },
    {
        "type": "message",
        "user": "U7RE90REK",
        "text": "yeah",
        "ts": "1511810465.000277"
    },
    {
        "type": "message",
        "user": "U7RE90REK",
        "text": "the plan is just to create what you've put in the powerpoint",
        "ts": "1511810476.000197"
    },
    {
        "type": "message",
        "user": "U7RE90REK",
        "text": "again Marina can you update some tasks on the gigHub board please?",
        "ts": "1511810495.000370"
    },
    {
        "type": "message",
        "user": "U7Q6YMWN4",
        "text": "OK, will finish it by thursday",
        "ts": "1511810510.000328"
    },
    {
        "type": "message",
        "user": "U7TAF6RMF",
        "text": "That is more for the passenger what in the pp ",
        "ts": "1511810533.000216"
    },
    {
        "type": "message",
        "user": "U7TAF6RMF",
        "text": "And for the flight nearly the same steps ",
        "ts": "1511810581.000177"
    },
    {
        "type": "message",
        "user": "U7RE90REK",
        "text": "The the UML tasks that I added",
        "ts": "1511810662.000427"
    },
    {
        "type": "message",
        "user": "U7RE90REK",
        "text": "were for some use case diagrams",
        "ts": "1511810669.000071"
    },
    {
        "type": "message",
        "user": "U7RE90REK",
        "text": "to give us an idea of the features we need to develop",
        "ts": "1511810677.000610"
    },
    {
        "type": "message",
        "user": "U7RE90REK",
        "text": "also how do we calculate risk?",
        "ts": "1511810693.000615"
    },
    {
        "type": "message",
        "user": "U7RE90REK",
        "text": "there is a requirement to show red amber green for risk on flights",
        "ts": "1511810711.000130"
    },
    {
        "type": "message",
        "user": "U7RE90REK",
        "text": "Omer\/Leo can you have a word with Ben and Rob and see if this is something we need to do?",
        "ts": "1511810733.000429"
    },
    {
        "type": "message",
        "user": "U7TAF6RMF",
        "text": "Ok we will do ",
        "ts": "1511810771.000562"
    },
    {
        "type": "message",
        "user": "U7YJDN73R",
        "text": "If we ask Ben I expect him to say it's up to us, but I can ask him anyway",
        "ts": "1511810781.000276"
    },
    {
        "type": "message",
        "user": "U7RE90REK",
        "text": "Ok that's fine if it's up to us",
        "ts": "1511810803.000585"
    },
    {
        "type": "message",
        "user": "U7RE90REK",
        "text": "it would be great if we can define what we will deliver in this sprint",
        "ts": "1511810816.000135"
    },
    {
        "type": "message",
        "user": "U7RE90REK",
        "text": "so if we can make a list of features to be delivered",
        "ts": "1511810825.000128"
    },
    {
        "type": "message",
        "user": "U7RE90REK",
        "text": "then we can finalise front end back end and db for that",
        "ts": "1511810832.000317"
    },
    {
        "type": "message",
        "user": "U7YJDN73R",
        "text": "And I think for the sake of keeping things simple he said we store the risk level in database as data,instead of having some inputs from database and creating an algorithm to calculate the risk based on those inputs",
        "ts": "1511810863.000494"
    },
    {
        "type": "message",
        "user": "U7RE90REK",
        "text": "ok",
        "ts": "1511810907.000093"
    },
    {
        "type": "message",
        "user": "U7TAF6RMF",
        "text": "@Takis, can you please make a record for yesterday and today discussion for  Ben ",
        "ts": "1511810912.000213"
    },
    {
        "type": "message",
        "user": "U7RE90REK",
        "text": "yes",
        "ts": "1511810918.000580"
    },
    {
        "type": "message",
        "user": "U7RE90REK",
        "text": "I'll do that tonight",
        "ts": "1511810922.000629"
    },
    {
        "type": "message",
        "user": "U7TAF6RMF",
        "text": "Ok thanks ",
        "ts": "1511810970.000231"
    },
    {
        "type": "message",
        "user": "U7RE90REK",
        "text": "anyone else?",
        "ts": "1511810978.000544"
    },
    {
        "type": "message",
        "user": "U7RE90REK",
        "text": "lets try to keep these to 30 mins tops",
        "ts": "1511810986.000302"
    },
    {
        "type": "message",
        "user": "U7RE90REK",
        "text": "Ok thanks all",
        "ts": "1511811021.000156"
    },
    {
        "type": "message",
        "user": "U7YJDN73R",
        "text": "That's it for today I guess,",
        "ts": "1511811070.000770"
    },
    {
        "type": "message",
        "user": "U7TAF6RMF",
        "text": "Hi Do you use PHP my admin Leo and Takis",
        "ts": "1511811074.000507"
    },
    {
        "type": "message",
        "user": "U7RE90REK",
        "text": "I'm using netbeans with xampp",
        "ts": "1511811102.000526"
    },
    {
        "type": "message",
        "user": "U7RE90REK",
        "text": "I used netbeans for java so I'm familiar with it",
        "ts": "1511811114.000559"
    },
    {
        "type": "message",
        "user": "U7RE90REK",
        "text": "but I'm only updating individual files so I'll keep them clean",
        "ts": "1511811128.000662"
    },
    {
        "type": "message",
        "user": "U7YJDN73R",
        "text": "I didn't need it to complete any of my tasks so far, but I can use it if I have to",
        "ts": "1511811138.000272"
    },
    {
        "type": "message",
        "user": "U7TAF6RMF",
        "text": "Because I am used it for the record of the Uni",
        "ts": "1511811186.000341"
    },
    {
        "type": "message",
        "user": "U7TAF6RMF",
        "text": "Ok that is fine ,see you tomorrow everyone",
        "ts": "1511811274.000196"
    },
    {
        "type": "message",
        "user": "U7YJDN73R",
        "text": "See you",
        "ts": "1511811304.000226"
    }
]