[
    {
        "type": "message",
        "user": "U7Q6YMWN4",
        "text": "Hi Takis, can`t attend tonight meeting, working late today. I will be working on the missing pages and update the task on the github.",
        "ts": "1511884470.000453"
    },
    {
        "type": "message",
        "user": "U7RE90REK",
        "text": "Ok Marina thanks for letting me know",
        "ts": "1511893294.000329"
    },
    {
        "type": "message",
        "user": "U7TAF6RMF",
        "text": "Hi everyone ",
        "ts": "1511895769.000448"
    },
    {
        "type": "message",
        "user": "U7RE90REK",
        "text": "Hi Omer",
        "ts": "1511895838.000248"
    },
    {
        "type": "message",
        "user": "U7TAF6RMF",
        "text": "Hi Takis ",
        "ts": "1511895878.000113"
    },
    {
        "type": "message",
        "user": "U7RE90REK",
        "text": "Hi Leo",
        "ts": "1511895884.000624"
    },
    {
        "type": "message",
        "user": "U7YJDN73R",
        "text": "Hello",
        "ts": "1511895894.000419"
    },
    {
        "type": "message",
        "user": "U7TAF6RMF",
        "text": "Hi Leo ",
        "ts": "1511895939.000204"
    },
    {
        "type": "message",
        "user": "U7RE90REK",
        "text": "I think today's meeting will be really short, my progress is that I've updated the meeting minutes for the last couple of meetings I'm going to finish off the rest today",
        "ts": "1511895995.000119"
    },
    {
        "type": "message",
        "user": "U7RE90REK",
        "text": "tidy up the wiki a bit so all the SP1 and SP2 meeting minutes are together",
        "ts": "1511896010.000608"
    },
    {
        "type": "message",
        "user": "U7TAF6RMF",
        "text": "@ Leo could you use PHP my admin for your work",
        "ts": "1511896040.000103"
    },
    {
        "type": "message",
        "user": "U7TAF6RMF",
        "text": "Okay Takis that is fine",
        "ts": "1511896064.000064"
    },
    {
        "type": "message",
        "user": "U7YJDN73R",
        "text": "I created the issue and put it in \"to do\" list, should finish it by tomorrow,I just want to confirm that the login page will be for everyone and  we won't make separate login for admins",
        "ts": "1511896113.000351"
    },
    {
        "type": "message",
        "user": "U7TAF6RMF",
        "text": "We can do that Leo",
        "ts": "1511896171.000569"
    },
    {
        "type": "message",
        "user": "U7RE90REK",
        "text": "I agree",
        "ts": "1511896221.000542"
    },
    {
        "type": "message",
        "user": "U7RE90REK",
        "text": "the validation can give access to the user area only",
        "ts": "1511896234.000321"
    },
    {
        "type": "message",
        "user": "U7RE90REK",
        "text": "or user and admin for admins",
        "ts": "1511896237.000626"
    },
    {
        "type": "message",
        "user": "U7RE90REK",
        "text": "In a previous meeting I was wondering if we need user login",
        "ts": "1511896249.000616"
    },
    {
        "type": "message",
        "user": "U7RE90REK",
        "text": "but having read the requirement again",
        "ts": "1511896255.000266"
    },
    {
        "type": "message",
        "user": "U7RE90REK",
        "text": "users need to display their flights",
        "ts": "1511896263.000275"
    },
    {
        "type": "message",
        "user": "U7TAF6RMF",
        "text": "Admin has to login so that he can see the risk that passengers bring",
        "ts": "1511896263.000724"
    },
    {
        "type": "message",
        "user": "U7RE90REK",
        "text": "so we will",
        "ts": "1511896265.000512"
    },
    {
        "type": "message",
        "user": "U7RE90REK",
        "text": "I was thinking the admin page can be used for data entry",
        "ts": "1511896285.000705"
    },
    {
        "type": "message",
        "user": "U7RE90REK",
        "text": "and for what Omer just said",
        "ts": "1511896289.000353"
    },
    {
        "type": "message",
        "user": "U7YJDN73R",
        "text": "so the login page now is it for users only ? or both users and admin ?",
        "ts": "1511896291.000008"
    },
    {
        "type": "message",
        "user": "U7RE90REK",
        "text": "I think both",
        "ts": "1511896307.000152"
    },
    {
        "type": "message",
        "user": "U7RE90REK",
        "text": "but I'll take your advice",
        "ts": "1511896314.000387"
    },
    {
        "type": "message",
        "user": "U7YJDN73R",
        "text": "Ok",
        "ts": "1511896337.000245"
    },
    {
        "type": "message",
        "user": "U7TAF6RMF",
        "text": "If you can do one of them I will work on the other Leo",
        "ts": "1511896347.000356"
    },
    {
        "type": "message",
        "user": "U7YJDN73R",
        "text": "Omer I don't think I need to use php my admin to complete my tasks, I'm just writing php codes , can you explain how php my admin would help me to complete my tasks ?",
        "ts": "1511896391.000442"
    },
    {
        "type": "message",
        "user": "U7YJDN73R",
        "text": "I will write them, did you configure the php codes that I wrote last week ?",
        "ts": "1511896416.000131"
    },
    {
        "type": "message",
        "user": "U7TAF6RMF",
        "text": "We need that for the record at the Uni ",
        "ts": "1511896455.000655"
    },
    {
        "type": "message",
        "user": "U7TAF6RMF",
        "text": "The assessment ",
        "ts": "1511896462.000255"
    },
    {
        "type": "message",
        "user": "U7TAF6RMF",
        "text": "I have to put the code in the T drive",
        "ts": "1511896561.000060"
    },
    {
        "type": "message",
        "user": "U7TAF6RMF",
        "text": "Ben aren't going to use GitHub for the assessment ",
        "ts": "1511896643.000413"
    },
    {
        "type": "message",
        "user": "U7YJDN73R",
        "text": "Ok",
        "ts": "1511896668.000242"
    },
    {
        "type": "message",
        "user": "U7RE90REK",
        "text": "Ok so we collect everything together and submit it to the T drive, distance learners don't have access anyway",
        "ts": "1511896702.000194"
    },
    {
        "type": "message",
        "user": "U7TAF6RMF",
        "text": "We need PHP my admin for the tables ",
        "ts": "1511896733.000130"
    },
    {
        "type": "message",
        "user": "U7RE90REK",
        "text": "I thought PHP myAdmin was just for managing the database",
        "ts": "1511896781.000075"
    },
    {
        "type": "message",
        "user": "U7RE90REK",
        "text": "not for writing php code",
        "ts": "1511896790.000137"
    },
    {
        "type": "message",
        "user": "U7YJDN73R",
        "text": "Me too",
        "ts": "1511896792.000378"
    },
    {
        "type": "message",
        "user": "U7YJDN73R",
        "text": "This is the description of PHP myAdmin according to Wiki \"phpMyAdmin is a free and open source administration tool for MySQL and MariaDB. As a portable web application written primarily in PHP, it has become one of the most popular MySQL administration tools, especially for web hosting services.\"",
        "ts": "1511896851.000457"
    },
    {
        "type": "message",
        "user": "U7TAF6RMF",
        "text": "Leo where are the tables that you are going to use for the login",
        "ts": "1511896913.000388"
    },
    {
        "type": "message",
        "user": "U7YJDN73R",
        "text": "Omer you need to ask Rob",
        "ts": "1511896937.000262"
    },
    {
        "type": "message",
        "user": "U7TAF6RMF",
        "text": "If you create the login code you need to test it with the tables or not Leo",
        "ts": "1511896995.000313"
    },
    {
        "type": "message",
        "user": "U7YJDN73R",
        "text": "That's what we agreed with Ben last week, I will do it tomorrow, I still haven't looked at them, you need to ask Rob now,cause I'm gonna ask him too",
        "ts": "1511897087.000011"
    },
    {
        "type": "message",
        "user": "U7TAF6RMF",
        "text": "Anyhow I am using MySQL and PHP my admin at the university for the T drive ",
        "ts": "1511897183.000641"
    },
    {
        "type": "message",
        "user": "U7RE90REK",
        "text": "Ok if you need any front end stuff doing let me know",
        "ts": "1511897920.000686"
    },
    {
        "type": "message",
        "user": "U7RE90REK",
        "text": "see you guys goodnight",
        "ts": "1511897928.000288"
    },
    {
        "type": "message",
        "user": "U7YJDN73R",
        "text": "Goodnight",
        "ts": "1511897950.000279"
    },
    {
        "type": "message",
        "user": "U7TAF6RMF",
        "text": "Ok see you guys ",
        "ts": "1511897963.000217"
    }
]