[
    {
        "type": "message",
        "user": "U7TAF6RMF",
        "text": "Hi everyone I have uploaded the new version of the storyboard (version 2) under the design by the code site please follow that design in your work as that what the product owner asked for. ",
        "ts": "1512056692.000274"
    },
    {
        "type": "message",
        "user": "U7TAF6RMF",
        "text": "Unfortunately, I have to work today and tomorrow and I wouldn't be there for the daily meeting. ",
        "ts": "1512056828.000166"
    },
    {
        "type": "message",
        "user": "U7TAF6RMF",
        "text": "The storyboard needs what more update and I will do that tomorrow but you can use the first 4 of 5 pages. Have a good day and see you later",
        "ts": "1512057028.000412"
    },
    {
        "type": "message",
        "user": "U7RE90REK",
        "text": "Hi everyone",
        "ts": "1512068832.000478"
    },
    {
        "type": "message",
        "user": "U7Q6YMWN4",
        "text": "Hi",
        "ts": "1512068860.000356"
    },
    {
        "type": "message",
        "user": "U7Q6YMWN4",
        "text": "I had a look at the new PP on the github",
        "ts": "1512068916.000196"
    },
    {
        "type": "message",
        "user": "U7Q6YMWN4",
        "text": "I have updated the home page according to that, is that OK",
        "ts": "1512068972.000018"
    },
    {
        "type": "message",
        "user": "U7Q6YMWN4",
        "text": "added the buttons and updated the navigation",
        "ts": "1512068985.000159"
    },
    {
        "type": "message",
        "user": "U7RE90REK",
        "text": "I' haven't had a look yet",
        "ts": "1512068986.000385"
    },
    {
        "type": "message",
        "user": "U7RE90REK",
        "text": "but sounds good",
        "ts": "1512068991.000001"
    },
    {
        "type": "message",
        "user": "U7RE90REK",
        "text": "I was working late",
        "ts": "1512068997.000039"
    },
    {
        "type": "message",
        "user": "U7RE90REK",
        "text": "so I haven't reviewed what Omer has added",
        "ts": "1512069004.000418"
    },
    {
        "type": "message",
        "user": "U7RE90REK",
        "text": "Hi Leo",
        "ts": "1512069011.000030"
    },
    {
        "type": "message",
        "user": "U7Q6YMWN4",
        "text": "it is more clear",
        "ts": "1512069011.000418"
    },
    {
        "type": "message",
        "user": "U7Q6YMWN4",
        "text": "but there is lots more there",
        "ts": "1512069031.000076"
    },
    {
        "type": "message",
        "user": "U7Q6YMWN4",
        "text": "i wanted to ask you about the github",
        "ts": "1512069054.000438"
    },
    {
        "type": "message",
        "user": "U7Q6YMWN4",
        "text": "is it the product backlog sprint 2 file that you wanted me to update",
        "ts": "1512069089.000495"
    },
    {
        "type": "message",
        "user": "U7Q6YMWN4",
        "text": "tasks?",
        "ts": "1512069110.000574"
    },
    {
        "type": "message",
        "user": "U7RE90REK",
        "text": "yes please whatever you're doing",
        "ts": "1512069204.000313"
    },
    {
        "type": "message",
        "user": "U7RE90REK",
        "text": "Ben also sent some instructions that I need to review",
        "ts": "1512069213.000015"
    },
    {
        "type": "message",
        "user": "U7Q6YMWN4",
        "text": "OK, shall I add new numbers",
        "ts": "1512069226.000410"
    },
    {
        "type": "message",
        "user": "U7YJDN73R",
        "text": "Hello",
        "ts": "1512069227.000083"
    },
    {
        "type": "message",
        "user": "U7RE90REK",
        "text": "My main task for today is to review what Ben's said",
        "ts": "1512069542.000022"
    },
    {
        "type": "message",
        "user": "U7RE90REK",
        "text": "and gather the requirements from Omer",
        "ts": "1512069555.000127"
    },
    {
        "type": "message",
        "user": "U7YJDN73R",
        "text": "Guys, Ben was so upset today, it looks like there is a lack of communication between team members",
        "ts": "1512069582.000067"
    },
    {
        "type": "message",
        "user": "U7YJDN73R",
        "text": "Basically he said we're gonna lose marks :stuck_out_tongue:",
        "ts": "1512069594.000012"
    },
    {
        "type": "message",
        "user": "U7YJDN73R",
        "text": "I think the Front end needs to be re designed based on the new Storyboard, and we need to start testing our codes not just upload it on GitHub",
        "ts": "1512069721.000619"
    },
    {
        "type": "message",
        "user": "U7RE90REK",
        "text": "Well if we have the final requirements",
        "ts": "1512069853.000225"
    },
    {
        "type": "message",
        "user": "U7RE90REK",
        "text": "then we can get on with it",
        "ts": "1512069857.000276"
    },
    {
        "type": "message",
        "user": "U7YJDN73R",
        "text": "Well the new storyboard is on Github now",
        "ts": "1512069991.000110"
    },
    {
        "type": "message",
        "user": "U7RE90REK",
        "text": "ok",
        "ts": "1512070009.000525"
    },
    {
        "type": "message",
        "user": "U7RE90REK",
        "text": "where is it?",
        "ts": "1512070170.000423"
    },
    {
        "type": "message",
        "user": "U7YJDN73R",
        "text": "There is no need for buttons named  \"Firstname\" \"Surname\" , Omer's first Storyboard was poorly designed and would make someone confuse the labels with buttons, but I think the person who did the Front end work could use common sense and avoid designing the Front end that way,",
        "ts": "1512070207.000282"
    },
    {
        "type": "message",
        "user": "U7YJDN73R",
        "text": "Omer wrote Something",
        "ts": "1512070237.000481"
    },
    {
        "type": "message",
        "user": "U7RE90REK",
        "text": "the buttons will come from the requirements",
        "ts": "1512070248.000786"
    },
    {
        "type": "message",
        "user": "U7RE90REK",
        "text": "and yes it will be obvious",
        "ts": "1512070254.000136"
    },
    {
        "type": "message",
        "user": "U7RE90REK",
        "text": "I can't see where the new story board is Leo",
        "ts": "1512070264.000604"
    },
    {
        "type": "message",
        "user": "U7Q6YMWN4",
        "text": "it is in design",
        "ts": "1512070292.000154"
    },
    {
        "type": "message",
        "user": "U7YJDN73R",
        "text": "<https:\/\/github.com\/StaffsMSC-ASD\/ProjectPTS\/blob\/master\/Design\/GLS%20StoryBoard%20Version2.pptx>",
        "attachments": [
            {
                "service_name": "GitHub",
                "title": "StaffsMSC-ASD\/ProjectPTS",
                "title_link": "https:\/\/github.com\/StaffsMSC-ASD\/ProjectPTS\/blob\/master\/Design\/GLS%20StoryBoard%20Version2.pptx",
                "text": "ProjectPTS - Module Assignment Repository",
                "fallback": "GitHub: StaffsMSC-ASD\/ProjectPTS",
                "from_url": "https:\/\/github.com\/StaffsMSC-ASD\/ProjectPTS\/blob\/master\/Design\/GLS%20StoryBoard%20Version2.pptx",
                "thumb_url": "https:\/\/avatars0.githubusercontent.com\/u\/33313370?s=400&v=4",
                "thumb_width": 250,
                "thumb_height": 250,
                "service_icon": "https:\/\/a.slack-edge.com\/bfaba\/img\/unfurl_icons\/github.png",
                "id": 1
            }
        ],
        "ts": "1512070305.000439"
    },
    {
        "type": "message",
        "user": "U7RE90REK",
        "text": "ok",
        "ts": "1512070345.000186"
    },
    {
        "type": "message",
        "user": "U7RE90REK",
        "text": "right ok",
        "ts": "1512070349.000353"
    },
    {
        "type": "message",
        "user": "U7RE90REK",
        "text": "Leo do you knwo if you went through the list of deliverables with Ben",
        "ts": "1512070386.000320"
    },
    {
        "type": "message",
        "user": "U7RE90REK",
        "text": "the ones we discussed yesterday",
        "ts": "1512070395.000265"
    },
    {
        "type": "message",
        "user": "U7YJDN73R",
        "text": "One thing I noticed in the old code is that the buttons are written like this \" &lt;button type = \"submit\"&gt;SIGN UP &lt;\/button&gt;\" . it should be as an input something like this \"&lt;input type=\"submit\" name=\"submit\" value=\"Sign Up\" class=\"btn btn-success btn-lg marginTop\"\/&gt; \"",
        "ts": "1512070507.000035"
    },
    {
        "type": "message",
        "user": "U7YJDN73R",
        "text": "Otherwise the values won't pass through the post Method to the PHP (as far as I'm concerned)",
        "ts": "1512070535.000016"
    },
    {
        "type": "message",
        "user": "U7Q6YMWN4",
        "text": "but do we need sign up",
        "ts": "1512070564.000224"
    },
    {
        "type": "message",
        "user": "U7RE90REK",
        "text": "that was just an example",
        "ts": "1512070575.000658"
    },
    {
        "type": "message",
        "user": "U7Q6YMWN4",
        "text": "I thought it is only sign in",
        "ts": "1512070581.000358"
    },
    {
        "type": "message",
        "user": "U7YJDN73R",
        "text": "That's not the point Marina",
        "ts": "1512070600.000430"
    },
    {
        "type": "message",
        "user": "U7YJDN73R",
        "text": "I just copied and paste this as an example",
        "ts": "1512070608.000221"
    },
    {
        "type": "message",
        "user": "U7Q6YMWN4",
        "text": "OK sorry",
        "ts": "1512070622.000077"
    },
    {
        "type": "message",
        "user": "U7YJDN73R",
        "text": "I think it should be as an input with type submit not button",
        "ts": "1512070656.000091"
    },
    {
        "type": "message",
        "user": "U7RE90REK",
        "text": "that's fine it's easily changeable",
        "ts": "1512070684.000184"
    },
    {
        "type": "message",
        "user": "U7RE90REK",
        "text": "that's just down to our collaboration",
        "ts": "1512070693.000410"
    },
    {
        "type": "message",
        "user": "U7YJDN73R",
        "text": "yeah. we talked about the deliverables",
        "ts": "1512070698.000188"
    },
    {
        "type": "message",
        "user": "U7RE90REK",
        "text": "ok",
        "ts": "1512070702.000336"
    },
    {
        "type": "message",
        "user": "U7RE90REK",
        "text": "that's what needs to be finalised so we can get on with this",
        "ts": "1512070716.000381"
    },
    {
        "type": "message",
        "user": "U7YJDN73R",
        "text": "I was right that users don't need to sign in , this software is used for admins or plane operatives only",
        "ts": "1512070717.000395"
    },
    {
        "type": "message",
        "user": "U7YJDN73R",
        "text": "so one sign in page is enough, and he told that it's not the important part of the project",
        "ts": "1512070742.000376"
    },
    {
        "type": "message",
        "user": "U7YJDN73R",
        "text": "we need to focus more on the part of searching passengers\/flights lists\/details",
        "ts": "1512070767.000187"
    },
    {
        "type": "message",
        "user": "U7RE90REK",
        "text": "ok",
        "ts": "1512070770.000544"
    },
    {
        "type": "message",
        "user": "U7RE90REK",
        "text": "so did you discuss the list and come up with the final list?",
        "ts": "1512070782.000457"
    },
    {
        "type": "message",
        "user": "U7YJDN73R",
        "text": "I think on Omer's story board it is more clear about what we need to do",
        "ts": "1512070797.000432"
    },
    {
        "type": "message",
        "user": "U7RE90REK",
        "text": "that's fine",
        "ts": "1512070837.000092"
    },
    {
        "type": "message",
        "user": "U7RE90REK",
        "text": "but you can't put that in the sprint backlog",
        "ts": "1512070843.000772"
    },
    {
        "type": "message",
        "user": "U7RE90REK",
        "text": "it's supposed to be expressed as what a user wants",
        "ts": "1512070858.000371"
    },
    {
        "type": "message",
        "user": "U7RE90REK",
        "text": "so I'll go through the front end designs",
        "ts": "1512070865.000586"
    },
    {
        "type": "message",
        "user": "U7RE90REK",
        "text": "and pull that info out",
        "ts": "1512070868.000381"
    },
    {
        "type": "message",
        "user": "U7RE90REK",
        "text": "and make tasks for user case",
        "ts": "1512070883.000612"
    },
    {
        "type": "message",
        "user": "U7RE90REK",
        "text": "it's doing it backwards",
        "ts": "1512070887.000664"
    },
    {
        "type": "message",
        "user": "U7RE90REK",
        "text": "but never mind",
        "ts": "1512070889.000670"
    },
    {
        "type": "message",
        "user": "U7RE90REK",
        "text": "lets just get on with it",
        "ts": "1512070893.000108"
    },
    {
        "type": "message",
        "user": "U7YJDN73R",
        "text": "I know that the search for passenger search should be based on \"First Name\",\"Surname\",\"DOB\",\"passport\"",
        "ts": "1512070899.000568"
    },
    {
        "type": "message",
        "user": "U7RE90REK",
        "text": "so we're delivering what's on those 7 slides",
        "ts": "1512070900.000444"
    },
    {
        "type": "message",
        "user": "U7RE90REK",
        "text": "yeah?",
        "ts": "1512070908.000138"
    },
    {
        "type": "message",
        "user": "U7RE90REK",
        "text": "that's it for this sprint?",
        "ts": "1512070911.000604"
    },
    {
        "type": "message",
        "user": "U7YJDN73R",
        "text": "Well there are three searches, this is one of them, The rest we should sit down and look at the storyboard and plan again",
        "ts": "1512070976.000335"
    },
    {
        "type": "message",
        "user": "U7RE90REK",
        "text": "ok",
        "ts": "1512070984.000240"
    },
    {
        "type": "message",
        "user": "U7RE90REK",
        "text": "that's fine I just want to know that we've captured this sprint's functionality",
        "ts": "1512071001.000483"
    },
    {
        "type": "message",
        "user": "U7RE90REK",
        "text": "So over the weekend and tomorrow",
        "ts": "1512071013.000192"
    },
    {
        "type": "message",
        "user": "U7RE90REK",
        "text": "I can do  the bottom half",
        "ts": "1512071022.000339"
    },
    {
        "type": "message",
        "user": "U7RE90REK",
        "text": "which ones are you working on at the moment Marina?",
        "ts": "1512071034.000075"
    },
    {
        "type": "message",
        "user": "U7YJDN73R",
        "text": "we didn't do the planning there with ben (he doesn't do that) , but we have what we need to have to plan again and make the changes for the front end",
        "ts": "1512071041.000017"
    },
    {
        "type": "message",
        "user": "U7YJDN73R",
        "text": "And I need to start testing my codes at the back end",
        "ts": "1512071058.000560"
    },
    {
        "type": "message",
        "user": "U7RE90REK",
        "text": "Ok",
        "ts": "1512071113.000539"
    },
    {
        "type": "message",
        "user": "U7RE90REK",
        "text": "from the requirements we can come up with a test plan",
        "ts": "1512071122.000258"
    },
    {
        "type": "message",
        "user": "U7RE90REK",
        "text": "I'll see if Badi can do that",
        "ts": "1512071132.000265"
    },
    {
        "type": "message",
        "user": "U7RE90REK",
        "text": "so user case diagrams, front end back end, testing and db",
        "ts": "1512071149.000245"
    },
    {
        "type": "message",
        "user": "U7RE90REK",
        "text": "for those 7 pages",
        "ts": "1512071152.000727"
    },
    {
        "type": "message",
        "user": "U7RE90REK",
        "text": "I need to go pick the kids up from kickboxing",
        "ts": "1512071159.000404"
    },
    {
        "type": "message",
        "user": "U7Q6YMWN4",
        "text": "I finished slide one and uploaded",
        "ts": "1512071195.000054"
    },
    {
        "type": "message",
        "user": "U7YJDN73R",
        "text": "The flight search should be on \"Flight no,Airline,Depart From,Arrival to,Connections,Ticket details\"",
        "ts": "1512071201.000378"
    },
    {
        "type": "message",
        "user": "U7Q6YMWN4",
        "text": "second slide is done as it is the login",
        "ts": "1512071212.000217"
    },
    {
        "type": "message",
        "user": "U7Q6YMWN4",
        "text": "I need to go as well",
        "ts": "1512071230.000273"
    },
    {
        "type": "message",
        "user": "U7RE90REK",
        "text": "ok Leo",
        "ts": "1512071234.000076"
    },
    {
        "type": "message",
        "user": "U7RE90REK",
        "text": "I'll take your notes",
        "ts": "1512071238.000058"
    },
    {
        "type": "message",
        "user": "U7RE90REK",
        "text": "and start working on that one next",
        "ts": "1512071242.000203"
    },
    {
        "type": "message",
        "user": "U7RE90REK",
        "text": "Thanks guys I've got to shoot",
        "ts": "1512071249.000315"
    },
    {
        "type": "message",
        "user": "U7RE90REK",
        "text": "Marina we can discuss on front end",
        "ts": "1512071259.000335"
    },
    {
        "type": "message",
        "user": "U7Q6YMWN4",
        "text": "I am working from home tomorrow",
        "ts": "1512071266.000217"
    },
    {
        "type": "message",
        "user": "U7RE90REK",
        "text": "sorry I've not been able to do much since yesterday",
        "ts": "1512071267.000254"
    },
    {
        "type": "message",
        "user": "U7RE90REK",
        "text": "ok",
        "ts": "1512071270.000283"
    },
    {
        "type": "message",
        "user": "U7YJDN73R",
        "text": "And then we have the passenger details, I think we need to work quickly on these two in the next few days then we think about that",
        "ts": "1512071277.000236"
    },
    {
        "type": "message",
        "user": "U7Q6YMWN4",
        "text": "i will login we can chat",
        "ts": "1512071278.000188"
    },
    {
        "type": "message",
        "user": "U7RE90REK",
        "text": "We'll do them for tomorrow night Leo",
        "ts": "1512071293.000081"
    },
    {
        "type": "message",
        "user": "U7RE90REK",
        "text": "one way or another",
        "ts": "1512071296.000323"
    },
    {
        "type": "message",
        "user": "U7RE90REK",
        "text": "night guys",
        "ts": "1512071299.000507"
    },
    {
        "type": "message",
        "user": "U7Q6YMWN4",
        "text": "bye for now",
        "ts": "1512071300.000251"
    },
    {
        "type": "message",
        "user": "U7RE90REK",
        "text": "thanks",
        "ts": "1512071300.000290"
    },
    {
        "type": "message",
        "user": "U7YJDN73R",
        "text": "Another thing Ben noticed, that the pages each of them is different color, but that can easily be changed in CSS I think but just saying",
        "ts": "1512071330.000168"
    },
    {
        "type": "message",
        "user": "U7YJDN73R",
        "text": "Anyways Goodnight",
        "ts": "1512071336.000275"
    }
]