[
    {
        "type": "message",
        "user": "U7Q6YMWN4",
        "text": "Hi Takis",
        "ts": "1511982004.000182"
    },
    {
        "type": "message",
        "user": "U7RE90REK",
        "text": "Hi Marina",
        "ts": "1511982060.000136"
    },
    {
        "type": "message",
        "user": "U7RE90REK",
        "text": "Hi Leo, Omer",
        "ts": "1511982066.000514"
    },
    {
        "type": "message",
        "user": "U7YJDN73R",
        "text": "Hi Takis and everyone",
        "ts": "1511982120.000394"
    },
    {
        "type": "message",
        "user": "U7TAF6RMF",
        "text": "Hi Guys ",
        "ts": "1511982135.000331"
    },
    {
        "type": "message",
        "user": "U7YJDN73R",
        "text": "Omer these are the Database credentials for any connection code:\n\nHost: mysql\nUser: asd\nPass: asd\nDB: asd",
        "ts": "1511982157.000247"
    },
    {
        "type": "message",
        "user": "U7Q9MGYN8",
        "text": "Evening everyone",
        "ts": "1511982195.000555"
    },
    {
        "type": "message",
        "user": "U7RE90REK",
        "text": "Hi Rob",
        "ts": "1511982229.000263"
    },
    {
        "type": "message",
        "user": "U7TAF6RMF",
        "text": "Ok I know that Leo ",
        "ts": "1511982238.000206"
    },
    {
        "type": "message",
        "user": "U7YJDN73R",
        "text": "Ok, you asked me yesterday about it",
        "ts": "1511982255.000036"
    },
    {
        "type": "message",
        "user": "U7TAF6RMF",
        "text": "I mean you and me need a data  to test our code login for example",
        "ts": "1511982353.000274"
    },
    {
        "type": "message",
        "user": "U7RE90REK",
        "text": "I think we were going to ask Rob about the user details for the login functionality",
        "ts": "1511982378.000459"
    },
    {
        "type": "message",
        "user": "U7YJDN73R",
        "text": "I will test my codes, but I haven't seen Rob since last Friday or Saturday,",
        "ts": "1511982414.000444"
    },
    {
        "type": "message",
        "user": "U7YJDN73R",
        "text": "I can do it tonight",
        "ts": "1511982427.000256"
    },
    {
        "type": "message",
        "user": "U7YJDN73R",
        "text": "Still have few lines to write",
        "ts": "1511982437.000534"
    },
    {
        "type": "message",
        "user": "U7YJDN73R",
        "text": "before testing",
        "ts": "1511982444.000445"
    },
    {
        "type": "message",
        "user": "U7Q9MGYN8",
        "text": "Yes, I redid the script last week before I had to work over the weekend, so apologies for my absence. I just need to run the new script against the test database and it will be usable",
        "ts": "1511982452.000062"
    },
    {
        "type": "message",
        "user": "U7Q9MGYN8",
        "text": "I can provide you with details of the schema for writing the queries in the meantime",
        "ts": "1511982469.000759"
    },
    {
        "type": "message",
        "user": "U7YJDN73R",
        "text": "No worries Rob, Personally I need to test tonight,",
        "ts": "1511982474.000404"
    },
    {
        "type": "message",
        "user": "U7TAF6RMF",
        "text": "Ok guys I have to put everything in the T drive using PHP my admin for the assessment later on",
        "ts": "1511982568.000065"
    },
    {
        "type": "message",
        "user": "U7TAF6RMF",
        "text": "As Ben said he need a record for the university assessment ",
        "ts": "1511982625.000777"
    },
    {
        "type": "message",
        "user": "U7RE90REK",
        "text": "Omer are you able to add everyone's work on there?",
        "ts": "1511982640.000541"
    },
    {
        "type": "message",
        "user": "U7RE90REK",
        "text": "so when we complete the project put all code on there?",
        "ts": "1511982654.000593"
    },
    {
        "type": "message",
        "user": "U7Q6YMWN4",
        "text": "I am working on the pages now for the front end now, sorry started today",
        "ts": "1511982663.000463"
    },
    {
        "type": "message",
        "user": "U7RE90REK",
        "text": "or are we expected to submit what everyone did individually",
        "ts": "1511982665.000001"
    },
    {
        "type": "message",
        "user": "U7TAF6RMF",
        "text": "My task is to configure the everyone work I mean the code",
        "ts": "1511982731.000099"
    },
    {
        "type": "message",
        "user": "U7Q9MGYN8",
        "text": "We need to get clarity on that tomorrow I think, Ben has access to all of the resources we have been using (GitHub, Slack etc), but we will still need to upload it on University systems, either under blackboard or the T drive",
        "ts": "1511982743.000155"
    },
    {
        "type": "message",
        "user": "U7Q9MGYN8",
        "text": "Also <@U7YJDN73R> here is the user table scheme from the code:\n```\nCREATE TABLE USERS(\n\tUSER_ID BIGINT UNSIGNED AUTO_INCREMENT PRIMARY KEY,\n\tUSERNAME VARCHAR(20) NOT NULL,\n\tPASSWORD TEXT NOT NULL,\n\tUSER_TYPE VARCHAR(5) NOT NULL\n);\n```",
        "ts": "1511982774.000545"
    },
    {
        "type": "message",
        "user": "U7RE90REK",
        "text": "With regards to the Agile stuff, I was going to write up the sprint planning and review meeting notes in word",
        "ts": "1511982781.000055"
    },
    {
        "type": "message",
        "user": "U7RE90REK",
        "text": "and then collect teh standup notes for sp1 and sp2 in two documents",
        "ts": "1511982791.000764"
    },
    {
        "type": "message",
        "user": "U7RE90REK",
        "text": "also update the tasks in the spreadsheets that Ben provided",
        "ts": "1511982803.000254"
    },
    {
        "type": "message",
        "user": "U7TAF6RMF",
        "text": "I am working on the T drive Rob now and I have put our code there ",
        "ts": "1511982813.000282"
    },
    {
        "type": "message",
        "user": "U7RE90REK",
        "text": "I'd like everyone to peer review",
        "ts": "1511982817.000513"
    },
    {
        "type": "message",
        "user": "U7RE90REK",
        "text": "and then submit all together for everyone",
        "ts": "1511982827.000145"
    },
    {
        "type": "message",
        "user": "U7Q9MGYN8",
        "text": "Yes, I think we all need to check each others work over once for review",
        "ts": "1511982856.000155"
    },
    {
        "type": "message",
        "user": "U7YJDN73R",
        "text": "Thanks Rob, can you also please respond to my last email ? it's about how to access to that remote server from my lap top",
        "ts": "1511982877.000734"
    },
    {
        "type": "message",
        "user": "U7TAF6RMF",
        "text": "My question has everyone checked our  code and saw what we did so far",
        "ts": "1511982944.000303"
    },
    {
        "type": "message",
        "user": "U7YJDN73R",
        "text": "I check the codes for the Front end and The Database Folder every now and then, I need to check anyways as a beck end developer",
        "ts": "1511983001.000343"
    },
    {
        "type": "message",
        "user": "U7Q9MGYN8",
        "text": "Sorry Leo, I missed it, the RDP details are: host: dev.rhartley.tech user: asdtesting pw: AsdServ321",
        "ts": "1511983027.000233"
    },
    {
        "type": "message",
        "user": "U7YJDN73R",
        "text": "No worries Rob, I know these details, but the question is, do I need to install anything on my lap top ?",
        "ts": "1511983056.000033"
    },
    {
        "type": "message",
        "user": "U7RE90REK",
        "text": "Can we quickly list what functionality we're planning to deliver this sprint",
        "ts": "1511983075.000619"
    },
    {
        "type": "message",
        "user": "U7YJDN73R",
        "text": "Maybe that Cisco client that we use for the DB module ?",
        "ts": "1511983086.000288"
    },
    {
        "type": "message",
        "user": "U7Q9MGYN8",
        "text": "No, Remote Desktop connection is available on all Windows computers",
        "ts": "1511983094.000015"
    },
    {
        "type": "message",
        "user": "U7Q9MGYN8",
        "text": "Search under the start menu and you should find it",
        "ts": "1511983105.000097"
    },
    {
        "type": "message",
        "user": "U7RE90REK",
        "text": "or go to run and type mstc",
        "ts": "1511983130.000150"
    },
    {
        "type": "message",
        "user": "U7YJDN73R",
        "text": "Ok, sorry I'm not a big fan of Windows 10 (prefer Linux and Ubuntu) :stuck_out_tongue:",
        "ts": "1511983140.000394"
    },
    {
        "type": "message",
        "user": "U7RE90REK",
        "text": ":slightly_smiling_face:",
        "ts": "1511983149.000048"
    },
    {
        "type": "message",
        "user": "U7Q9MGYN8",
        "text": "Same haha",
        "ts": "1511983154.000156"
    },
    {
        "type": "message",
        "user": "U7RE90REK",
        "text": "vnc I guess",
        "ts": "1511983155.000374"
    },
    {
        "type": "message",
        "user": "U7Q9MGYN8",
        "text": "But anyway, functionality",
        "ts": "1511983162.000112"
    },
    {
        "type": "message",
        "user": "U7RE90REK",
        "text": "yes",
        "ts": "1511983167.000016"
    },
    {
        "type": "message",
        "user": "U7Q9MGYN8",
        "text": "I think we need: Working data view, working log on, populated with dummy data",
        "ts": "1511983184.000010"
    },
    {
        "type": "message",
        "user": "U7RE90REK",
        "text": "what does teh working data view contain exactly?",
        "ts": "1511983200.000300"
    },
    {
        "type": "message",
        "user": "U7Q9MGYN8",
        "text": "A simple grid view of passengers on system, with risk scores and flights etc",
        "ts": "1511983221.000237"
    },
    {
        "type": "message",
        "user": "U7RE90REK",
        "text": "ok lets make a quick list",
        "ts": "1511983231.000482"
    },
    {
        "type": "message",
        "user": "U7RE90REK",
        "text": "view my flights for logged in user",
        "ts": "1511983237.000795"
    },
    {
        "type": "message",
        "user": "U7RE90REK",
        "text": "view all flights",
        "ts": "1511983241.000236"
    },
    {
        "type": "message",
        "user": "U7RE90REK",
        "text": "view all passengers",
        "ts": "1511983245.000396"
    },
    {
        "type": "message",
        "user": "U7RE90REK",
        "text": "view passengers per flight",
        "ts": "1511983253.000313"
    },
    {
        "type": "message",
        "user": "U7RE90REK",
        "text": "view all destinations?",
        "ts": "1511983263.000459"
    },
    {
        "type": "message",
        "user": "U7Q9MGYN8",
        "text": "I think the distinction between admin and user is that one is view only, the other can add new data",
        "ts": "1511983292.000498"
    },
    {
        "type": "message",
        "user": "U7RE90REK",
        "text": "ok",
        "ts": "1511983305.000613"
    },
    {
        "type": "message",
        "user": "U7Q9MGYN8",
        "text": "To my knowledge there isnt a need for viewing your own flights",
        "ts": "1511983309.000640"
    },
    {
        "type": "message",
        "user": "U7RE90REK",
        "text": "and access to the admin area",
        "ts": "1511983310.000085"
    },
    {
        "type": "message",
        "user": "U7Q9MGYN8",
        "text": "Otherwise they all sound correct",
        "ts": "1511983321.000646"
    },
    {
        "type": "message",
        "user": "U7YJDN73R",
        "text": "I think the admins log from different pages usually, so the main page should be for normal users, am I wrong ?",
        "ts": "1511983339.000253"
    },
    {
        "type": "message",
        "user": "U7RE90REK",
        "text": "•\tUser screens present passenger data in summary view and display an overall risk indicator (red, yellow, green) in the “My Flights” Navigation pane as well as in the data grid below the map layer at the bottom of the screen. Passengers are force ranked in order of risk score from highest to lowest",
        "ts": "1511983367.000025"
    },
    {
        "type": "message",
        "user": "U7Q9MGYN8",
        "text": "I think both can log on from same screen, but options available would be different",
        "ts": "1511983387.000243"
    },
    {
        "type": "message",
        "user": "U7RE90REK",
        "text": "we just add a flag for admin",
        "ts": "1511983399.000494"
    },
    {
        "type": "message",
        "user": "U7RE90REK",
        "text": "and they are directed to the admin area",
        "ts": "1511983405.000258"
    },
    {
        "type": "message",
        "user": "U7RE90REK",
        "text": "but they can access normal area too?",
        "ts": "1511983411.000216"
    },
    {
        "type": "message",
        "user": "U7Q9MGYN8",
        "text": "Yes sounds about right. We need to figure out boundaries for risk scores too",
        "ts": "1511983484.000066"
    },
    {
        "type": "message",
        "user": "U7TAF6RMF",
        "text": "I think the passenger can login from the passenger page and the admin from the home page ",
        "ts": "1511983505.000284"
    },
    {
        "type": "message",
        "user": "U7Q9MGYN8",
        "text": "Hang on, I think we are confusing the functionality of the system a little bit",
        "ts": "1511983592.000157"
    },
    {
        "type": "message",
        "user": "U7Q9MGYN8",
        "text": "The initial spec indicates that this system allows for viewing passengers who are considered risks, I dont think its a case of a passenger being able to log on themselves",
        "ts": "1511983636.000236"
    },
    {
        "type": "message",
        "user": "U7Q9MGYN8",
        "text": "More that, the users would be, say, airport operatives, ensuring no high risk passengers are on a flight",
        "ts": "1511983658.000182"
    },
    {
        "type": "message",
        "user": "U7Q9MGYN8",
        "text": "Ill re-read the spec but that was what I got",
        "ts": "1511983673.000480"
    },
    {
        "type": "message",
        "user": "U7YJDN73R",
        "text": "Or maybe customers looking for journeys ?",
        "ts": "1511983678.000354"
    },
    {
        "type": "message",
        "user": "U7RE90REK",
        "text": "it was just the myFlights in that paragraph I pasted that made me think passengers need to log in",
        "ts": "1511983702.000187"
    },
    {
        "type": "message",
        "user": "U7RE90REK",
        "text": "at the end of the day we need to produce something in a sprint",
        "ts": "1511983718.000125"
    },
    {
        "type": "message",
        "user": "U7RE90REK",
        "text": "that's why I thought while we're all here we just agree on a few items to deliver",
        "ts": "1511983734.000212"
    },
    {
        "type": "message",
        "user": "U7RE90REK",
        "text": "it would make sense to keep it as simple as possible",
        "ts": "1511983742.000108"
    },
    {
        "type": "message",
        "user": "U7Q9MGYN8",
        "text": "Simple is good haha",
        "ts": "1511983751.000049"
    },
    {
        "type": "message",
        "user": "U7RE90REK",
        "text": "ok so why don't we just do admin login",
        "ts": "1511983768.000202"
    },
    {
        "type": "message",
        "user": "U7RE90REK",
        "text": "display all flights",
        "ts": "1511983774.000238"
    },
    {
        "type": "message",
        "user": "U7RE90REK",
        "text": "display all passengers",
        "ts": "1511983781.000460"
    },
    {
        "type": "message",
        "user": "U7RE90REK",
        "text": "display passengers on a flight",
        "ts": "1511983795.000189"
    },
    {
        "type": "message",
        "user": "U7YJDN73R",
        "text": "Well normally I don't think normal users would be allowed to have details about passengers (risk degree,committed crimes...etc)",
        "ts": "1511983795.000476"
    },
    {
        "type": "message",
        "user": "U7RE90REK",
        "text": "yeah lol this application generally isn't very politically correct :slightly_smiling_face:",
        "ts": "1511983819.000251"
    },
    {
        "type": "message",
        "user": "U7RE90REK",
        "text": "It sounds like something Trump would want",
        "ts": "1511983843.000245"
    },
    {
        "type": "message",
        "user": "U7Q9MGYN8",
        "text": ":joy:",
        "ts": "1511983875.000229"
    },
    {
        "type": "message",
        "user": "U7YJDN73R",
        "text": "We can pretend that we are PC , and assume only admins will login",
        "ts": "1511983898.000355"
    },
    {
        "type": "message",
        "user": "U7TAF6RMF",
        "text": "I think it's ok if we let the passenger login then the admin can use his details ",
        "ts": "1511983900.000424"
    },
    {
        "type": "message",
        "user": "U7Q9MGYN8",
        "text": "Yeah, we'll keep to that then",
        "ts": "1511983915.000390"
    },
    {
        "type": "message",
        "user": "U7RE90REK",
        "text": "do we need data entry in the admin area?",
        "ts": "1511983929.000445"
    },
    {
        "type": "message",
        "user": "U7RE90REK",
        "text": "to add users and flights?",
        "ts": "1511983933.000309"
    },
    {
        "type": "message",
        "user": "U7RE90REK",
        "text": "or just add it straight to the db?",
        "ts": "1511983940.000312"
    },
    {
        "type": "message",
        "user": "U7Q9MGYN8",
        "text": "No we will need a form for adding passengers, risks etc",
        "ts": "1511983967.000518"
    },
    {
        "type": "message",
        "user": "U7RE90REK",
        "text": "ok then me and Marina can create some input forms and pass them to back end for coding",
        "ts": "1511983985.000716"
    },
    {
        "type": "message",
        "user": "U7RE90REK",
        "text": "I'll check the db",
        "ts": "1511983995.000080"
    },
    {
        "type": "message",
        "user": "U7YJDN73R",
        "text": "So if you do that in the next spring, I write upgrade.php code for updating the DB",
        "ts": "1511984041.000359"
    },
    {
        "type": "message",
        "user": "U7RE90REK",
        "text": "this is the last sprint",
        "ts": "1511984056.000250"
    },
    {
        "type": "message",
        "user": "U7YJDN73R",
        "text": "sprint*",
        "ts": "1511984057.000084"
    },
    {
        "type": "message",
        "user": "U7RE90REK",
        "text": "I think",
        "ts": "1511984060.000415"
    },
    {
        "type": "message",
        "user": "U7RE90REK",
        "text": "it ends next week is that right?",
        "ts": "1511984074.000220"
    },
    {
        "type": "message",
        "user": "U7YJDN73R",
        "text": "Have you done it already ? or you will do it tonight ?",
        "ts": "1511984079.000420"
    },
    {
        "type": "message",
        "user": "U7TAF6RMF",
        "text": "I need the data entry If possible for PHP my admin ",
        "ts": "1511984104.000411"
    },
    {
        "type": "message",
        "user": "U7YJDN73R",
        "text": "I thought Each spring starts from Thursdays or Fridays",
        "ts": "1511984105.000189"
    },
    {
        "type": "message",
        "user": "U7YJDN73R",
        "text": "sprint*",
        "ts": "1511984110.000205"
    },
    {
        "type": "message",
        "user": "U7Q9MGYN8",
        "text": "One point I see being a little complex: listing passengers by risk. It will require polling a few different tables, Ill work on some queries to get the data and pass it to back end to add into the PHP.",
        "ts": "1511984173.000050"
    },
    {
        "type": "message",
        "user": "U7Q9MGYN8",
        "text": "Also sprints are bi-weekly",
        "ts": "1511984179.000181"
    },
    {
        "type": "message",
        "user": "U7Q9MGYN8",
        "text": "According to the info on blackboard",
        "ts": "1511984189.000086"
    },
    {
        "type": "message",
        "user": "U7RE90REK",
        "text": "Yes I confirmed that with Ben by email",
        "ts": "1511984215.000697"
    },
    {
        "type": "message",
        "user": "U7RE90REK",
        "text": "I've just found it",
        "ts": "1511984221.000485"
    },
    {
        "type": "message",
        "user": "U7TAF6RMF",
        "text": "Okay Takis can you use this Meeting as sprint 2 review Meeting so we can tell Ben that we did it ",
        "ts": "1511984277.000120"
    },
    {
        "type": "message",
        "user": "U7RE90REK",
        "text": "it's more like a planning meeting to be honest",
        "ts": "1511984295.000678"
    },
    {
        "type": "message",
        "user": "U7RE90REK",
        "text": "the review is at the end of the sprint",
        "ts": "1511984300.000461"
    },
    {
        "type": "message",
        "user": "U7RE90REK",
        "text": "I'll take what we decide today",
        "ts": "1511984306.000405"
    },
    {
        "type": "message",
        "user": "U7RE90REK",
        "text": "and add it to the planning meeting for SP2",
        "ts": "1511984313.000285"
    },
    {
        "type": "message",
        "user": "U7RE90REK",
        "text": "we also need to do a retrospective meeting",
        "ts": "1511984321.000117"
    },
    {
        "type": "message",
        "user": "U7RE90REK",
        "text": "for Sp1",
        "ts": "1511984325.000597"
    },
    {
        "type": "message",
        "user": "U7RE90REK",
        "text": "but I'll prep it in advance",
        "ts": "1511984330.000044"
    },
    {
        "type": "message",
        "user": "U7RE90REK",
        "text": "and we can discuss it later this week",
        "ts": "1511984335.000183"
    },
    {
        "type": "message",
        "user": "U7RE90REK",
        "text": "So the meetings are Planning, daily standup, review, retrospective",
        "ts": "1511984351.000614"
    },
    {
        "type": "message",
        "user": "U7RE90REK",
        "text": "for each sprint",
        "ts": "1511984354.000301"
    },
    {
        "type": "message",
        "user": "U7RE90REK",
        "text": "I've created some of them",
        "ts": "1511984363.000186"
    },
    {
        "type": "message",
        "user": "U7RE90REK",
        "text": "but we need to fill in the gaps",
        "ts": "1511984366.000497"
    },
    {
        "type": "message",
        "user": "U7TAF6RMF",
        "text": "Ok planning meeting for sprint3 and review for sprint 2 I think ",
        "ts": "1511984378.000360"
    },
    {
        "type": "message",
        "user": "U7RE90REK",
        "text": "no this is sprint 2",
        "ts": "1511984387.000221"
    },
    {
        "type": "message",
        "user": "U7RE90REK",
        "text": "first two weeks were sprint 1",
        "ts": "1511984391.000435"
    },
    {
        "type": "message",
        "user": "U7RE90REK",
        "text": "we only have 2 sprints",
        "ts": "1511984395.000046"
    },
    {
        "type": "message",
        "user": "U7YJDN73R",
        "text": "Rob I thought for the sake of simplicity there will be one column for passenger's risk degree , instead of having many inputs and writing a code to calculate the risk degree of a passenger, am I wrong ?",
        "ts": "1511984408.000342"
    },
    {
        "type": "message",
        "user": "U7RE90REK",
        "text": "I think that's sensible for this sprint",
        "ts": "1511984422.000104"
    },
    {
        "type": "message",
        "user": "U7RE90REK",
        "text": "don't forget that each sprint needs to show some progress",
        "ts": "1511984434.000341"
    },
    {
        "type": "message",
        "user": "U7RE90REK",
        "text": "not complete all the app",
        "ts": "1511984437.000490"
    },
    {
        "type": "message",
        "user": "U7TAF6RMF",
        "text": "That is correct ",
        "ts": "1511984467.000167"
    },
    {
        "type": "message",
        "user": "U7TAF6RMF",
        "text": "It's all about Agile ",
        "ts": "1511984488.000223"
    },
    {
        "type": "message",
        "user": "U7RE90REK",
        "text": "Ok so far I have this",
        "ts": "1511984603.000402"
    },
    {
        "type": "message",
        "user": "U7RE90REK",
        "text": "Front end form for flight, passenger, risk\nBack end add php to input data to db\nLogin for Admin and user\nDisplay all flights\nDisplay all passengers\nDisplay risk per flight",
        "ts": "1511984605.000078"
    },
    {
        "type": "message",
        "user": "U7RE90REK",
        "text": "any more functionality",
        "ts": "1511984619.000178"
    },
    {
        "type": "message",
        "user": "U7RE90REK",
        "text": "I'll create use case diagrams for these with Badi",
        "ts": "1511984627.000316"
    },
    {
        "type": "message",
        "user": "U7RE90REK",
        "text": "please try to list as individual requirements",
        "ts": "1511984646.000428"
    },
    {
        "type": "message",
        "user": "U7RE90REK",
        "text": "display details for a passenger",
        "ts": "1511984734.000126"
    },
    {
        "type": "message",
        "user": "U7RE90REK",
        "text": "display details for a flight",
        "ts": "1511984738.000378"
    },
    {
        "type": "message",
        "user": "U7RE90REK",
        "text": "any more?",
        "ts": "1511984744.000598"
    },
    {
        "type": "message",
        "user": "U7YJDN73R",
        "text": "list of passengers",
        "ts": "1511984780.000727"
    },
    {
        "type": "message",
        "user": "U7RE90REK",
        "text": "list of passengers per flight?",
        "ts": "1511984792.000547"
    },
    {
        "type": "message",
        "user": "U7RE90REK",
        "text": "we have list all passengers",
        "ts": "1511984801.000544"
    },
    {
        "type": "message",
        "user": "U7RE90REK",
        "text": "I think that would come under display details of flight",
        "ts": "1511984828.000546"
    },
    {
        "type": "message",
        "user": "U7YJDN73R",
        "text": "* Searching by passengers displays a list of passengers in the grid that match all selected criteria across multiple flights",
        "ts": "1511984899.000033"
    },
    {
        "type": "message",
        "user": "U7TAF6RMF",
        "text": "Okay  if the admin login which page can he view? Ok ",
        "ts": "1511984916.000128"
    },
    {
        "type": "message",
        "user": "U7RE90REK",
        "text": "one sec",
        "ts": "1511984928.000585"
    },
    {
        "type": "message",
        "user": "U7RE90REK",
        "text": "<@U7YJDN73R> what are the criteria?",
        "ts": "1511984942.000197"
    },
    {
        "type": "message",
        "user": "U7RE90REK",
        "text": "and I'm not sure what form the grid takes exactly",
        "ts": "1511984965.000054"
    },
    {
        "type": "message",
        "user": "U7RE90REK",
        "text": "we said we weren't going to plot passengers on a map",
        "ts": "1511985015.000023"
    },
    {
        "type": "message",
        "user": "U7RE90REK",
        "text": "<@U7TAF6RMF> I think the admin should login to the admin area but he can access the free area too",
        "ts": "1511985034.000274"
    },
    {
        "type": "message",
        "user": "U7RE90REK",
        "text": "a normal user can't view teh admin area",
        "ts": "1511985040.000605"
    },
    {
        "type": "message",
        "user": "U7YJDN73R",
        "text": "<@U7RE90REK> this is how I understood the requirements according to the paper <https:\/\/github.com\/StaffsMSC-ASD\/ProjectPTS\/issues\/10>",
        "attachments": [
            {
                "service_name": "GitHub",
                "title": "Writing the code for back end To fetch passenger\/flight details from the Database · Issue #10 · StaffsMSC-ASD\/ProjectPTS",
                "title_link": "https:\/\/github.com\/StaffsMSC-ASD\/ProjectPTS\/issues\/10",
                "text": "Used Language: PHP Functional requirements: The code should create the necessary SQL queries to fetch the required data from the Database according to the input from the front end. Three possible s...",
                "fallback": "GitHub: Writing the code for back end To fetch passenger\/flight details from the Database · Issue #10 · StaffsMSC-ASD\/ProjectPTS",
                "from_url": "https:\/\/github.com\/StaffsMSC-ASD\/ProjectPTS\/issues\/10",
                "thumb_url": "https:\/\/avatars2.githubusercontent.com\/u\/33518508?s=400&v=4",
                "thumb_width": 250,
                "thumb_height": 250,
                "service_icon": "https:\/\/a.slack-edge.com\/bfaba\/img\/unfurl_icons\/github.png",
                "id": 1
            }
        ],
        "ts": "1511985072.000441"
    },
    {
        "type": "message",
        "user": "U7YJDN73R",
        "text": "If you check the functional requirements",
        "ts": "1511985109.000031"
    },
    {
        "type": "message",
        "user": "U7RE90REK",
        "text": "ok",
        "ts": "1511985145.000479"
    },
    {
        "type": "message",
        "user": "U7YJDN73R",
        "text": "Returning list of passengers against Selected Criteria (Flights.Risk Degree)\nReturning the details of a selected passenger (Seat, flight, ticket,payment details..etc)\nReturning list of flights against selected criteria (Multiple passengers, Crew, Equipment, Capacity Factors, location)",
        "ts": "1511985145.000732"
    },
    {
        "type": "message",
        "user": "U7RE90REK",
        "text": "ok so list passengers by flight",
        "ts": "1511985156.000171"
    },
    {
        "type": "message",
        "user": "U7RE90REK",
        "text": "we've got it",
        "ts": "1511985158.000333"
    },
    {
        "type": "message",
        "user": "U7RE90REK",
        "text": "list passengers by risk desgree",
        "ts": "1511985164.000461"
    },
    {
        "type": "message",
        "user": "U7RE90REK",
        "text": "fine",
        "ts": "1511985167.000596"
    },
    {
        "type": "message",
        "user": "U7RE90REK",
        "text": "I'll add that",
        "ts": "1511985172.000445"
    },
    {
        "type": "message",
        "user": "U7RE90REK",
        "text": "list passenger details",
        "ts": "1511985183.000302"
    },
    {
        "type": "message",
        "user": "U7RE90REK",
        "text": "got that",
        "ts": "1511985184.000369"
    },
    {
        "type": "message",
        "user": "U7RE90REK",
        "text": "the third one",
        "ts": "1511985190.000422"
    },
    {
        "type": "message",
        "user": "U7RE90REK",
        "text": "... sounds complicated",
        "ts": "1511985195.000326"
    },
    {
        "type": "message",
        "user": "U7RE90REK",
        "text": "do you have crew, equipment, capacity factors and location?",
        "ts": "1511985211.000710"
    },
    {
        "type": "message",
        "user": "U7RE90REK",
        "text": "it's better to do 5 simple things than waste time trying to do 1 complex one I think",
        "ts": "1511985239.000313"
    },
    {
        "type": "message",
        "user": "U7RE90REK",
        "text": "the third one needs breaking down further",
        "ts": "1511985247.000081"
    },
    {
        "type": "message",
        "user": "U7YJDN73R",
        "text": "Well we need to check what Rob has done at the DB , but maybe we can just keep it for location and passengers",
        "ts": "1511985261.000279"
    },
    {
        "type": "message",
        "user": "U7RE90REK",
        "text": "ok that's fine",
        "ts": "1511985277.000519"
    },
    {
        "type": "message",
        "user": "U7YJDN73R",
        "text": "but crew and equipment are mentioned in the paper",
        "ts": "1511985278.000201"
    },
    {
        "type": "message",
        "user": "U7RE90REK",
        "text": "so list flights by location",
        "ts": "1511985283.000003"
    },
    {
        "type": "message",
        "user": "U7RE90REK",
        "text": "and what? passengers by location?",
        "ts": "1511985304.000402"
    },
    {
        "type": "message",
        "user": "U7RE90REK",
        "text": "Let me recap what we have so far",
        "ts": "1511985357.000102"
    },
    {
        "type": "message",
        "user": "U7YJDN73R",
        "text": "according to the paper \"all selected criteria across multiple passengers\"",
        "ts": "1511985407.000061"
    },
    {
        "type": "message",
        "user": "U7YJDN73R",
        "text": "How we can interpret that ?",
        "ts": "1511985421.000048"
    },
    {
        "type": "message",
        "user": "U7RE90REK",
        "text": "well we could have selection boxes for risk\/location\/flight",
        "ts": "1511985446.000523"
    },
    {
        "type": "message",
        "user": "U7RE90REK",
        "text": "and do a query based on that?",
        "ts": "1511985452.000125"
    },
    {
        "type": "message",
        "user": "U7RE90REK",
        "text": "Let me list what I've captured so far",
        "ts": "1511985458.000318"
    },
    {
        "type": "message",
        "user": "U7RE90REK",
        "text": "Add passenger details (admin form)\nAdd location details (admin form)\nAdd flight details (admin form)\nAdd About page\nAdd Risk details\nLogin for Admin and user\nDisplay all flights\nDisplay all passengers\nDisplay risk per flight\nDisplay a passenger's details\nDisplay a flight's details (including all passengers)\nDislpay passengers by risk\nDisplay flights per location\nDisplay passengers by location",
        "ts": "1511985459.000550"
    },
    {
        "type": "message",
        "user": "U7TAF6RMF",
        "text": "I think we have to do what we can and if we have time then we can add more functionality ",
        "ts": "1511985491.000471"
    },
    {
        "type": "message",
        "user": "U7RE90REK",
        "text": "yep",
        "ts": "1511985497.000284"
    },
    {
        "type": "message",
        "user": "U7RE90REK",
        "text": "I think that's a pretty long list already",
        "ts": "1511985503.000223"
    },
    {
        "type": "message",
        "user": "U7RE90REK",
        "text": "and for each we have use case diagram",
        "ts": "1511985512.000640"
    },
    {
        "type": "message",
        "user": "U7RE90REK",
        "text": "front\/back end",
        "ts": "1511985515.000271"
    },
    {
        "type": "message",
        "user": "U7RE90REK",
        "text": "db tasks",
        "ts": "1511985518.000625"
    },
    {
        "type": "message",
        "user": "U7RE90REK",
        "text": "that's a good chunk of work for a week and a half",
        "ts": "1511985531.000192"
    },
    {
        "type": "message",
        "user": "U7RE90REK",
        "text": "and if we can agree now",
        "ts": "1511985535.000031"
    },
    {
        "type": "message",
        "user": "U7RE90REK",
        "text": "we can just crack on now",
        "ts": "1511985538.000598"
    },
    {
        "type": "message",
        "user": "U7RE90REK",
        "text": "it's nice and neat and can go in our sprint backlog",
        "ts": "1511985551.000132"
    },
    {
        "type": "message",
        "user": "U7RE90REK",
        "text": "happy to change it what does everyone think?",
        "ts": "1511985571.000325"
    },
    {
        "type": "message",
        "user": "U7Q9MGYN8",
        "text": "Im happy with all of it",
        "ts": "1511985594.000334"
    },
    {
        "type": "message",
        "user": "U7YJDN73R",
        "text": "I think the search criteria should be fixed for the sake of simplicity, like search for passengers should be according to (flights,risk degree) , if we make the option of searching only for one criteria will make things complicated",
        "ts": "1511985726.000486"
    },
    {
        "type": "message",
        "user": "U7TAF6RMF",
        "text": "I  think we can discuss that with Ben and see if we all that tomorrow ",
        "ts": "1511985732.000529"
    },
    {
        "type": "message",
        "user": "U7TAF6RMF",
        "text": "Need all of that",
        "ts": "1511985766.000750"
    },
    {
        "type": "message",
        "user": "U7Q6YMWN4",
        "text": "in the power point on the github there is a page for search passanger",
        "ts": "1511985824.000069"
    },
    {
        "type": "message",
        "user": "U7Q6YMWN4",
        "text": "by first name family name and DBO",
        "ts": "1511985842.000237"
    },
    {
        "type": "message",
        "user": "U7TAF6RMF",
        "text": "Yes Marina",
        "ts": "1511985854.000118"
    },
    {
        "type": "message",
        "user": "U7Q6YMWN4",
        "text": "I am working on creating that",
        "ts": "1511985856.000296"
    },
    {
        "type": "message",
        "user": "U7Q9MGYN8",
        "text": "Just a quick one on the test server, when any of you are done uploading files, dont log out of the environment, simply close the remote connection window. Logging out of it will interrupt the server.",
        "ts": "1511985929.000296"
    },
    {
        "type": "message",
        "user": "U7YJDN73R",
        "text": "Ok, I will Login tonight between 9:30 pm and 11:00 pm if some one else is not planning to login",
        "ts": "1511986024.000431"
    },
    {
        "type": "message",
        "user": "U7TAF6RMF",
        "text": "Ok Leo ",
        "ts": "1511986049.000169"
    },
    {
        "type": "message",
        "user": "U7Q9MGYN8",
        "text": "I just set everything up again, so go ahead. If you need to test the tables run the latest version of my script from MySQL Workbench",
        "ts": "1511986129.000168"
    },
    {
        "type": "message",
        "user": "U7RE90REK",
        "text": "Omer I'll add the list of tasks to today's daily standup if you can discuss with Ben tomorrow, but we really need a final list of tasks stated simply so each tasks describes one function.",
        "ts": "1511986188.000202"
    },
    {
        "type": "message",
        "user": "U7TAF6RMF",
        "text": "Ok, me and Leo will discuss our part back end tomorrow in the lecture ",
        "ts": "1511986291.000452"
    },
    {
        "type": "message",
        "user": "U7TAF6RMF",
        "text": "Takis I have to work the next two nights Thursday and Friday ",
        "ts": "1511986391.000593"
    },
    {
        "type": "message",
        "user": "U7RE90REK",
        "text": "Ok I'll be on slack tomorrow through the day",
        "ts": "1511986411.000585"
    },
    {
        "type": "message",
        "user": "U7RE90REK",
        "text": "Omer ideally they need to be stated as generic tasks not just back end",
        "ts": "1511986427.000124"
    },
    {
        "type": "message",
        "user": "U7RE90REK",
        "text": "so if anything is removed or added",
        "ts": "1511986433.000181"
    },
    {
        "type": "message",
        "user": "U7RE90REK",
        "text": "add it as a generic tasks then it will be broken down to front\/back\/design\/db",
        "ts": "1511986449.000316"
    },
    {
        "type": "message",
        "user": "U7RE90REK",
        "text": "I'll write this up now",
        "ts": "1511986480.000075"
    },
    {
        "type": "message",
        "user": "U7RE90REK",
        "text": "so it's ready for tomorrow",
        "ts": "1511986483.000250"
    },
    {
        "type": "message",
        "user": "U7TAF6RMF",
        "text": "Okay I know that the time is short",
        "ts": "1511986496.000329"
    },
    {
        "type": "message",
        "user": "U7TAF6RMF",
        "text": "And we've have to work as group now",
        "ts": "1511986539.000635"
    },
    {
        "type": "message",
        "user": "U7RE90REK",
        "text": "We're getting there",
        "ts": "1511986578.000437"
    },
    {
        "type": "message",
        "user": "U7RE90REK",
        "text": "Marina you were typing something?",
        "ts": "1511986606.000220"
    },
    {
        "type": "message",
        "user": "U7Q6YMWN4",
        "text": "Takis I will add the three pages I am working on to the sprint backlog as tasks",
        "ts": "1511986628.000086"
    },
    {
        "type": "message",
        "user": "U7Q6YMWN4",
        "text": "when I finish them shall I email you",
        "ts": "1511986638.000231"
    },
    {
        "type": "message",
        "user": "U7Q6YMWN4",
        "text": "or upload them so Omer can add php",
        "ts": "1511986652.000120"
    },
    {
        "type": "message",
        "user": "U7Q6YMWN4",
        "text": "do you need to check fist my code, and if I am doing it right?",
        "ts": "1511986713.000667"
    },
    {
        "type": "message",
        "user": "U7TAF6RMF",
        "text": "Okay, everyone it will be fine if everyone can upload his work on GitHub so that I configure it and we stay updated ",
        "ts": "1511986809.000160"
    },
    {
        "type": "message",
        "user": "U7RE90REK",
        "text": "If you upload it to gitHub Marina I'll take a look at it there",
        "ts": "1511986847.000386"
    },
    {
        "type": "message",
        "user": "U7RE90REK",
        "text": "drop me a note on frontend here when you've added it",
        "ts": "1511986865.000448"
    },
    {
        "type": "message",
        "user": "U7RE90REK",
        "text": "thanks for your work",
        "ts": "1511986879.000383"
    },
    {
        "type": "message",
        "user": "U7Q6YMWN4",
        "text": "Ok thank u",
        "ts": "1511986910.000354"
    },
    {
        "type": "message",
        "user": "U7RE90REK",
        "text": "no problem",
        "ts": "1511986914.000236"
    },
    {
        "type": "message",
        "user": "U7RE90REK",
        "text": "Badi are you there?",
        "ts": "1511986917.000393"
    },
    {
        "type": "message",
        "user": "U7RE90REK",
        "text": "Ok I'll email Badi we need a test plan from the list",
        "ts": "1511986958.000398"
    },
    {
        "type": "message",
        "user": "U7RE90REK",
        "text": "and to work on some UML",
        "ts": "1511986963.000423"
    },
    {
        "type": "message",
        "user": "U7RE90REK",
        "text": "Right ok everyone good night this was a good meeting thanks all for your input",
        "ts": "1511986980.000004"
    },
    {
        "type": "message",
        "user": "U7RE90REK",
        "text": "See you tomorrow",
        "ts": "1511986987.000244"
    },
    {
        "type": "message",
        "user": "U7TAF6RMF",
        "text": "Okay, thank you everyone and god night ",
        "ts": "1511987041.000091"
    }
]