[
    {
        "type": "message",
        "user": "U7XGJRZ9S",
        "text": "hi Rob, i hope you are well - here is my account Badi1.",
        "ts": "1510301971.000105"
    },
    {
        "type": "message",
        "user": "U7Q6YMWN4",
        "text": "Hi, Mine is MarinaSig as per email",
        "ts": "1510306073.000245"
    },
    {
        "type": "message",
        "user": "U7RE90REK",
        "text": "Morning all, are we having a meeting today?",
        "ts": "1510306442.000330"
    },
    {
        "type": "message",
        "user": "U7Q9MGYN8",
        "text": "I'm traveling all day so I won't be able to attend, however if you all want to hold one today, we need to start recording them as proof for the module. An idea for a meeting agenda today might be looking at breaking down the functionality requirements into tasks, and picking them up based on functionality. If I have a task list I can start to build our backlog on Github tomorrow.",
        "ts": "1510310029.000239"
    }
]