[
    {
        "type": "message",
        "user": "U7Q6YMWN4",
        "text": "Morning Takisxs, downloaded Skype on mobile won't allow me to login. I will try again after work. Must be something small I am missing. Did anyone try it? Did it work for u?",
        "ts": "1510739040.000281"
    },
    {
        "type": "message",
        "user": "U7RE90REK",
        "text": "Yes works for me",
        "ts": "1510739184.000065"
    },
    {
        "type": "message",
        "user": "U7RE90REK",
        "text": "Login with full email and password",
        "ts": "1510739204.000183"
    },
    {
        "type": "message",
        "user": "U7RE90REK",
        "text": "Then it syncs with your uni office365",
        "ts": "1510739231.000251"
    },
    {
        "type": "message",
        "user": "U7Q9MGYN8",
        "text": "Just make sure it's the Skype for Business app. Thats what I used",
        "ts": "1510739370.000388"
    },
    {
        "type": "message",
        "user": "U7RE90REK",
        "text": "Yes doesn't work with normal Skype. Morning Rob",
        "ts": "1510739408.000173"
    },
    {
        "type": "message",
        "user": "U7TAF6RMF",
        "text": "Hi, everyone I have to work today (night shift ) 6 to 6  so I am going to mis the daily meetings. I can do the storyboard and front ends  if it's a web based",
        "ts": "1510748239.000211"
    },
    {
        "type": "message",
        "user": "U7Q9MGYN8",
        "text": "So just to check, everyone who is available will be on Skype at 7 tonight? We'll agree the task list, start getting the tasks allocated, and for anyone who isn't here we can report back here.",
        "ts": "1510766321.000231"
    },
    {
        "type": "message",
        "user": "U7Q8KM62X",
        "text": "all the best with your daily meeting!",
        "ts": "1510768654.000379"
    },
    {
        "type": "message",
        "user": "U7Q6YMWN4",
        "text": "Hi, just managed to install a new version of skype and this one work 84bit works but not the 64bit",
        "ts": "1510771652.000473"
    },
    {
        "type": "message",
        "user": "U7Q6YMWN4",
        "text": "anyway please send me link to your skye meeting so I can attend, thank you",
        "ts": "1510771676.000221"
    },
    {
        "type": "message",
        "user": "U7Q6YMWN4",
        "text": "I managed to login not on uni email but student\/s010285h",
        "ts": "1510771857.000563"
    },
    {
        "type": "message",
        "user": "U7Q9MGYN8",
        "text": "That still should link you in OK. We'll test it shortly.",
        "ts": "1510771890.000349"
    },
    {
        "type": "message",
        "user": "U7Q6YMWN4",
        "text": "Thank you, that was advised by Ben as I could not login with UNI email",
        "ts": "1510772036.000181"
    },
    {
        "type": "message",
        "user": "U7Q9MGYN8",
        "text": "Ill start the call in the next few minutes, just taking care of a few things. We'll start audio only, I dont have Webcam from my current location.",
        "ts": "1510772407.000304"
    },
    {
        "type": "message",
        "user": "U7RE90REK",
        "text": "Voice is good",
        "ts": "1510772576.000171"
    },
    {
        "type": "message",
        "user": "U7Q9MGYN8",
        "text": "Ok I have sent invites out for everyone, if anyone is having problems let me know",
        "ts": "1510772701.000288"
    },
    {
        "type": "message",
        "user": "U7YJDN73R",
        "text": "I can't login on my skype business , it's saying the server is temporarily unavailable,",
        "ts": "1510772939.000278"
    },
    {
        "type": "message",
        "user": "U7Q9MGYN8",
        "text": "Me and Takis are in ok, not sure if its an intermittent issue.",
        "ts": "1510772986.000425"
    },
    {
        "type": "message",
        "user": "U7Q6YMWN4",
        "text": "here I did not receive the invitation",
        "ts": "1510773194.000232"
    },
    {
        "type": "message",
        "user": "U7YJDN73R",
        "text": "It's saying I need to contact contact my workplace technical support,but let me ask first, should I simply put my university email address and the password ? cause that's what I did",
        "ts": "1510773248.000534"
    },
    {
        "type": "message",
        "user": "U7Q9MGYN8",
        "text": "Yeah, that should be it, or doing it the way Marina did with Domain\\AUsername",
        "ts": "1510773356.000443"
    },
    {
        "type": "message",
        "user": "U7YJDN73R",
        "text": "so the domain is <http:\/\/staffs.ac.uk|staffs.ac.uk> ?",
        "ts": "1510773405.000050"
    },
    {
        "type": "message",
        "user": "U7RE90REK",
        "text": "<http:\/\/student.staffs.ac.uk|student.staffs.ac.uk>",
        "ts": "1510773419.000145"
    },
    {
        "type": "message",
        "user": "U7Q6YMWN4",
        "text": "I just used student\/user",
        "ts": "1510773421.000467"
    },
    {
        "type": "message",
        "user": "U7Q9MGYN8",
        "text": "I just attempted to call some of you one at a time but it appears that its rejecting calls and invites",
        "ts": "1510773486.000424"
    },
    {
        "type": "message",
        "user": "U7Q9MGYN8",
        "text": "We may need to find an alternative here because this seems to be causing problems, but for now we can still discuss matters on Slack",
        "ts": "1510773525.000110"
    },
    {
        "type": "message",
        "user": "U7YJDN73R",
        "text": "Why don't we try the normal skype ?",
        "ts": "1510773562.000055"
    },
    {
        "type": "message",
        "user": "U7RE90REK",
        "text": "yeah",
        "ts": "1510773581.000584"
    },
    {
        "type": "message",
        "user": "U7RE90REK",
        "text": "worth a try",
        "ts": "1510773586.000380"
    },
    {
        "type": "message",
        "user": "U7RE90REK",
        "text": "how many software engineers does it take to make a group skype call ? ;0",
        "ts": "1510773609.000184"
    },
    {
        "type": "message",
        "user": "U7Q9MGYN8",
        "text": ":laughing:",
        "ts": "1510773640.000426"
    },
    {
        "type": "message",
        "user": "U7Q6YMWN4",
        "text": ":upside_down_face:",
        "ts": "1510773660.000022"
    },
    {
        "type": "message",
        "user": "U7Q6YMWN4",
        "text": "can we chat here maybe",
        "ts": "1510773675.000231"
    },
    {
        "type": "message",
        "user": "U7Q6YMWN4",
        "text": "talk about the task please,",
        "ts": "1510773707.000448"
    },
    {
        "type": "message",
        "user": "U7Q6YMWN4",
        "text": "just till we find another way",
        "ts": "1510773724.000281"
    },
    {
        "type": "message",
        "user": "U7Q9MGYN8",
        "text": "Yes, lets stay on topic :slightly_smiling_face:",
        "ts": "1510773734.000136"
    },
    {
        "type": "message",
        "user": "U7RE90REK",
        "text": "Yes",
        "ts": "1510773739.000456"
    },
    {
        "type": "message",
        "user": "U7Q9MGYN8",
        "text": "So to summarise from last week: <https:\/\/www.evernote.com\/shard\/s246\/sh\/82e0fdf3-764a-4529-9403-ce5903a7a12c\/47b753a3bc575d0eca14176166292628>",
        "attachments": [
            {
                "service_name": "Evernote",
                "title": "Agile Project Notes",
                "title_link": "https:\/\/www.evernote.com\/shard\/s246\/sh\/82e0fdf3-764a-4529-9403-ce5903a7a12c\/47b753a3bc575d0eca14176166292628",
                "text": "Data Modelling Passenger Details: First Name Surname Age Address Risk Score Risk type no Flight number Risk Details: Risk type no Risk Name Risk actions Flight Details: Flight number Crew Destination ...",
                "fallback": "Evernote: Agile Project Notes",
                "thumb_url": "https:\/\/cdn1.evernote.com\/evernote.com\/img\/social-meta\/shared-note-thumbnail.png",
                "from_url": "https:\/\/www.evernote.com\/shard\/s246\/sh\/82e0fdf3-764a-4529-9403-ce5903a7a12c\/47b753a3bc575d0eca14176166292628",
                "thumb_width": 200,
                "thumb_height": 200,
                "service_icon": "https:\/\/www.evernote.com\/favicon.ico",
                "id": 1
            }
        ],
        "ts": "1510773752.000076"
    },
    {
        "type": "message",
        "user": "U7Q9MGYN8",
        "text": "I took notes based on the spec given by Ben",
        "ts": "1510773762.000549"
    },
    {
        "type": "message",
        "user": "U7Q9MGYN8",
        "text": "From this and the written spec, it gives a good idea of what is needed",
        "ts": "1510773782.000209"
    },
    {
        "type": "message",
        "user": "U7Q9MGYN8",
        "text": "The core system components are a datagrid showing passenger\/flight details, with a small window for more detailed data, along with the ability for an admin user to alter details on flights\/passengers where neccesary",
        "ts": "1510773834.000626"
    },
    {
        "type": "message",
        "user": "U7Q9MGYN8",
        "text": "So my opinion is that we need the following: Database &gt; Server Logic &gt; Frontend views",
        "ts": "1510773890.000076"
    },
    {
        "type": "message",
        "user": "U7Q9MGYN8",
        "text": "Additionally, we need to do some diagramming for things such as UML and entity relationships",
        "ts": "1510773927.000169"
    },
    {
        "type": "message",
        "user": "U7Q9MGYN8",
        "text": "Obviously the technical aspect isnt the main part, its the team working, so we should ideally keep things simple where possible",
        "ts": "1510773959.000292"
    },
    {
        "type": "message",
        "user": "U7RE90REK",
        "text": "ok",
        "ts": "1510773977.000445"
    },
    {
        "type": "message",
        "user": "U7RE90REK",
        "text": "and what technology again?",
        "ts": "1510774019.000141"
    },
    {
        "type": "message",
        "user": "U7Q9MGYN8",
        "text": "But we need to decide who takes what parts for this sprint (andor next sprint)",
        "ts": "1510774021.000047"
    },
    {
        "type": "message",
        "user": "U7RE90REK",
        "text": "was it php?",
        "ts": "1510774026.000320"
    },
    {
        "type": "message",
        "user": "U7RE90REK",
        "text": "so what roles",
        "ts": "1510774032.000252"
    },
    {
        "type": "message",
        "user": "U7YJDN73R",
        "text": "Well we need to put more efforts for the team work, we should have tried few days ago to have a group chat on skype and make sure that we are ready, not to leave to the last minute",
        "ts": "1510774034.000440"
    },
    {
        "type": "message",
        "user": "U7RE90REK",
        "text": "developers obviously",
        "ts": "1510774036.000272"
    },
    {
        "type": "message",
        "user": "U7Q9MGYN8",
        "text": "Agreed Leo, I will have a talk with Ben about that side of things tomorrow, Uni-Skype seems to be causing some frustrations, so leave that with me",
        "ts": "1510774081.000038"
    },
    {
        "type": "message",
        "user": "U7YJDN73R",
        "text": "I never liked Skype Business",
        "ts": "1510774104.000299"
    },
    {
        "type": "message",
        "user": "U7Q9MGYN8",
        "text": "As for technology, lets keep it nice and simple: *PHP, MySQL, HTML5*",
        "ts": "1510774140.000046"
    },
    {
        "type": "message",
        "user": "U7YJDN73R",
        "text": "no Oracle ?",
        "ts": "1510774152.000242"
    },
    {
        "type": "message",
        "user": "U7Q9MGYN8",
        "text": "Oracle in place of MySQL if people prefer",
        "ts": "1510774158.000056"
    },
    {
        "type": "message",
        "user": "U7Q6YMWN4",
        "text": "do we need to create the system from scratch or r we allowed to use cms",
        "ts": "1510774224.000197"
    },
    {
        "type": "message",
        "user": "U7YJDN73R",
        "text": "If we decide who's gonna work on databases then we can decide , I think it won't make much difference for this small project, so it depends who will work on databases. if I'm gonna work on databases I would prefer Oracle, as it would help me for the DBDD module , and I think Oracle is more popular than MySQL",
        "ts": "1510774264.000253"
    },
    {
        "type": "message",
        "user": "U7Q9MGYN8",
        "text": "There arent any restrictions on technology as long as we are all comfortable with what is being used, we may need to swap around tasks after all",
        "ts": "1510774291.000110"
    },
    {
        "type": "message",
        "user": "U7YJDN73R",
        "text": "Hence we aren't required the build the whole system in this assignment, there shouldn't be a problem I believe",
        "ts": "1510774366.000363"
    },
    {
        "type": "message",
        "user": "U7RE90REK",
        "text": "I think Marina has a point",
        "ts": "1510774411.000353"
    },
    {
        "type": "message",
        "user": "U7RE90REK",
        "text": "we are all pushed for time",
        "ts": "1510774415.000088"
    },
    {
        "type": "message",
        "user": "U7RE90REK",
        "text": "and it's not about building something amazing",
        "ts": "1510774423.000401"
    },
    {
        "type": "message",
        "user": "U7RE90REK",
        "text": "it's about the process",
        "ts": "1510774426.000601"
    },
    {
        "type": "message",
        "user": "U7RE90REK",
        "text": "shall we decide on some roles? list them?",
        "ts": "1510774444.000618"
    },
    {
        "type": "message",
        "user": "U7Q6YMWN4",
        "text": "yes please",
        "ts": "1510774458.000228"
    },
    {
        "type": "message",
        "user": "U7RE90REK",
        "text": "db, developer, html\/front end, tester?",
        "ts": "1510774459.000033"
    },
    {
        "type": "message",
        "user": "U7RE90REK",
        "text": "rob is scrum master",
        "ts": "1510774464.000290"
    },
    {
        "type": "message",
        "user": "U7RE90REK",
        "text": "we can have duplicates",
        "ts": "1510774476.000407"
    },
    {
        "type": "message",
        "user": "U7YJDN73R",
        "text": "+back end developer",
        "ts": "1510774476.000572"
    },
    {
        "type": "message",
        "user": "U7Q9MGYN8",
        "text": "Yes, although im required to participate in development too",
        "ts": "1510774480.000605"
    },
    {
        "type": "message",
        "user": "U7RE90REK",
        "text": "ok 2 devs",
        "ts": "1510774482.000591"
    },
    {
        "type": "message",
        "user": "U7Q9MGYN8",
        "text": "Im happy with working on the database as well as testing (I can do most of the roles but im most comfortabel with those)",
        "ts": "1510774543.000519"
    },
    {
        "type": "message",
        "user": "U7Q9MGYN8",
        "text": "Again, as scrum master, I will also make sure the backlog and such is kept updated",
        "ts": "1510774571.000040"
    },
    {
        "type": "message",
        "user": "U7Q9MGYN8",
        "text": "As well as talk with Ben where needed",
        "ts": "1510774582.000300"
    },
    {
        "type": "message",
        "user": "U7Q9MGYN8",
        "text": "Ill take database for the first sprint, I can have something working rather quick",
        "ts": "1510774618.000609"
    },
    {
        "type": "message",
        "user": "U7Q9MGYN8",
        "text": "Unless anyone wants to take it instead?",
        "ts": "1510774650.000703"
    },
    {
        "type": "message",
        "user": "U7RE90REK",
        "text": "I can do front end unless anyone else wants it",
        "ts": "1510774692.000342"
    },
    {
        "type": "message",
        "user": "U7YJDN73R",
        "text": "I'll be happy to the back end development either in PHP or Python, I would prefer JAVA , but as we agreed no JAVA\/C# in this project to keep thing ssimple",
        "ts": "1510774698.000310"
    },
    {
        "type": "message",
        "user": "U7RE90REK",
        "text": "Marina what do you want to do?",
        "ts": "1510774708.000139"
    },
    {
        "type": "message",
        "user": "U7Q6YMWN4",
        "text": "I don`t know :slightly_smiling_face:",
        "ts": "1510774759.000332"
    },
    {
        "type": "message",
        "user": "U7Q6YMWN4",
        "text": "I can do front end",
        "ts": "1510774776.000347"
    },
    {
        "type": "message",
        "user": "U7Q6YMWN4",
        "text": "I do it with html, or php using cms",
        "ts": "1510774795.000346"
    },
    {
        "type": "message",
        "user": "U7YJDN73R",
        "text": "so we have now three people willing to do front end",
        "ts": "1510774800.000018"
    },
    {
        "type": "message",
        "user": "U7Q6YMWN4",
        "text": "what else can we do",
        "ts": "1510774815.000400"
    },
    {
        "type": "message",
        "user": "U7Q6YMWN4",
        "text": "other than front and back end",
        "ts": "1510774825.000610"
    },
    {
        "type": "message",
        "user": "U7Q6YMWN4",
        "text": "we can always change roles",
        "ts": "1510774843.000458"
    },
    {
        "type": "message",
        "user": "U7YJDN73R",
        "text": "Rob can you remind what were the six roles that we talked about last week ?",
        "ts": "1510774844.000014"
    },
    {
        "type": "message",
        "user": "U7Q9MGYN8",
        "text": "My idea was where we had multiple people on a task, one could prioritise documentation while the other develops and swap occasionaly",
        "ts": "1510774921.000148"
    },
    {
        "type": "message",
        "user": "U7Q6YMWN4",
        "text": "yes this seem good",
        "ts": "1510774963.000393"
    },
    {
        "type": "message",
        "user": "U7Q9MGYN8",
        "text": "I think our setup works though. Omer is happy with PHP so he can work backend too I think",
        "ts": "1510774964.000061"
    },
    {
        "type": "message",
        "user": "U7RE90REK",
        "text": "I think we're lacking organisation at the moment",
        "ts": "1510775011.000058"
    },
    {
        "type": "message",
        "user": "U7RE90REK",
        "text": "swapping roles right now is taking us back to square one",
        "ts": "1510775019.000408"
    },
    {
        "type": "message",
        "user": "U7RE90REK",
        "text": "we now need to break down the requirements into stories",
        "ts": "1510775041.000580"
    },
    {
        "type": "message",
        "user": "U7Q9MGYN8",
        "text": "We just need to check with <@U7XGJRZ9S>, but it should be like this:\n\nDatabase - Me\nBackend - Leo, Omer\nFrontend - Takis, Marina\nTesting - Me",
        "ts": "1510775044.000017"
    },
    {
        "type": "message",
        "user": "U7RE90REK",
        "text": "and testing pretty much all of us",
        "ts": "1510775057.000597"
    },
    {
        "type": "message",
        "user": "U7Q9MGYN8",
        "text": "Yeah true",
        "ts": "1510775062.000181"
    },
    {
        "type": "message",
        "user": "U7RE90REK",
        "text": "ok so lets all for tomorrow",
        "ts": "1510775065.000369"
    },
    {
        "type": "message",
        "user": "U7RE90REK",
        "text": "look at the requirements",
        "ts": "1510775073.000322"
    },
    {
        "type": "message",
        "user": "U7RE90REK",
        "text": "from our roles perspective",
        "ts": "1510775080.000278"
    },
    {
        "type": "message",
        "user": "U7RE90REK",
        "text": "and come up with some stories",
        "ts": "1510775085.000034"
    },
    {
        "type": "message",
        "user": "U7RE90REK",
        "text": "let me see",
        "ts": "1510775089.000309"
    },
    {
        "type": "message",
        "user": "U7RE90REK",
        "text": "ok Marina is front end",
        "ts": "1510775093.000117"
    },
    {
        "type": "message",
        "user": "U7RE90REK",
        "text": "maybe we set up chat rooms",
        "ts": "1510775109.000198"
    },
    {
        "type": "message",
        "user": "U7RE90REK",
        "text": "for the different roles",
        "ts": "1510775112.000154"
    },
    {
        "type": "message",
        "user": "U7RE90REK",
        "text": "to collaborate",
        "ts": "1510775121.000095"
    },
    {
        "type": "message",
        "user": "U7Q6YMWN4",
        "text": "I am ok with that, thank you",
        "ts": "1510775137.000153"
    },
    {
        "type": "message",
        "user": "U7Q9MGYN8",
        "text": "Set up the channels!",
        "ts": "1510775191.000269"
    },
    {
        "type": "message",
        "user": "U7Q9MGYN8",
        "text": "Also <@U7RE90REK> and <@U7YJDN73R> Ill give you owner access on the GitHub repo for your respective components. Create new issues for each of the stories and it will autofill the backlog.",
        "ts": "1510775455.000377"
    },
    {
        "type": "message",
        "user": "U7RE90REK",
        "text": "I had a look at git",
        "ts": "1510775642.000107"
    },
    {
        "type": "message",
        "user": "U7RE90REK",
        "text": "are we using that as a document repository?",
        "ts": "1510775655.000200"
    },
    {
        "type": "message",
        "user": "U7RE90REK",
        "text": "there's a wiki",
        "ts": "1510775662.000592"
    },
    {
        "type": "message",
        "user": "U7Q9MGYN8",
        "text": "Yes, we keep everything there, code, docs etc. Ben will be able to access it from there",
        "ts": "1510775700.000011"
    },
    {
        "type": "message",
        "user": "U7YJDN73R",
        "text": "Yeah I just saw the email",
        "ts": "1510775941.000506"
    },
    {
        "type": "message",
        "user": "U7YJDN73R",
        "text": "So , until tomorrow each one of us should come with some stories ?",
        "ts": "1510775971.000626"
    },
    {
        "type": "message",
        "user": "U7Q9MGYN8",
        "text": "Yes, Add them as issues on the Github, they can be organised from there",
        "ts": "1510776005.000514"
    },
    {
        "type": "message",
        "user": "U7Q6YMWN4",
        "text": "do we have to do it for tomorrow",
        "ts": "1510776043.000387"
    },
    {
        "type": "message",
        "user": "U7Q6YMWN4",
        "text": "sorry, I am only saying that as I got a test on friday",
        "ts": "1510776074.000160"
    },
    {
        "type": "message",
        "user": "U7Q6YMWN4",
        "text": "and I will be studying Thursday and Friday morning",
        "ts": "1510776178.000084"
    },
    {
        "type": "message",
        "user": "U7RE90REK",
        "text": "lets just try to do what we can",
        "ts": "1510776190.000041"
    },
    {
        "type": "message",
        "user": "U7RE90REK",
        "text": "I can make a start Marina and then we can pick it up at the weekend",
        "ts": "1510776200.000102"
    },
    {
        "type": "message",
        "user": "U7RE90REK",
        "text": "we have a few weeks of this",
        "ts": "1510776204.000113"
    },
    {
        "type": "message",
        "user": "U7YJDN73R",
        "text": "I would say let's just try to do it until next Monday and let's have a meeting next Monday,",
        "ts": "1510776231.000592"
    },
    {
        "type": "message",
        "user": "U7RE90REK",
        "text": "ok it's way past our meeting slot",
        "ts": "1510776233.000280"
    },
    {
        "type": "message",
        "user": "U7RE90REK",
        "text": "ok you ean the meetings",
        "ts": "1510776245.000150"
    },
    {
        "type": "message",
        "user": "U7RE90REK",
        "text": "yeah that's fine",
        "ts": "1510776247.000413"
    },
    {
        "type": "message",
        "user": "U7Q6YMWN4",
        "text": "great thank you",
        "ts": "1510776261.000395"
    },
    {
        "type": "message",
        "user": "U7RE90REK",
        "text": "ok that's fine",
        "ts": "1510776263.000184"
    },
    {
        "type": "message",
        "user": "U7RE90REK",
        "text": "Lets start monday",
        "ts": "1510776267.000609"
    },
    {
        "type": "message",
        "user": "U7Q9MGYN8",
        "text": "Ok, so things starting to look a bit better now, thanks all, lets do our best! :slightly_smiling_face:",
        "ts": "1510776304.000413"
    },
    {
        "type": "message",
        "user": "U7YJDN73R",
        "text": "Can everyone attend the meeting next Monday at the same time ?",
        "ts": "1510776328.000023"
    },
    {
        "type": "message",
        "user": "U7Q6YMWN4",
        "text": "I can",
        "ts": "1510776377.000317"
    },
    {
        "type": "message",
        "user": "U7Q6YMWN4",
        "text": "thank you all, enjoy the rest of your evening",
        "ts": "1510776415.000410"
    },
    {
        "type": "message",
        "user": "U7YJDN73R",
        "text": "If we think about some stories until next Monday then we create our first sprint backlog at our next meeting",
        "ts": "1510776419.000186"
    },
    {
        "type": "message",
        "user": "U7RE90REK",
        "text": "yeah",
        "ts": "1510776542.000276"
    },
    {
        "type": "message",
        "user": "U7RE90REK",
        "text": "I'll remove this invitation",
        "ts": "1510776558.000393"
    },
    {
        "type": "message",
        "user": "U7RE90REK",
        "text": "and send one starting monday same time",
        "ts": "1510776564.000019"
    },
    {
        "type": "message",
        "user": "U7RE90REK",
        "text": "Right I'm off",
        "ts": "1510776578.000495"
    },
    {
        "type": "message",
        "user": "U7RE90REK",
        "text": "bye all",
        "ts": "1510776580.000446"
    },
    {
        "type": "message",
        "user": "U7YJDN73R",
        "text": "Bye",
        "ts": "1510776621.000661"
    },
    {
        "type": "message",
        "user": "U7XGJRZ9S",
        "text": "hi all, i could not connect to the internet yesterday at home, bit of issue but it was solved late, i will be in the next one as suggested by group on Monday, thank you.",
        "ts": "1510818854.000002"
    }
]