[
    {
        "user": "U7Q9MGYN8",
        "text": "<@U7Q9MGYN8> has joined the channel",
        "type": "message",
        "subtype": "channel_join",
        "ts": "1510230043.000301"
    },
    {
        "user": "U7Q9MGYN8",
        "purpose": "Daily discussion space for the project",
        "text": "<@U7Q9MGYN8> set the channel purpose: Daily discussion space for the project",
        "type": "message",
        "subtype": "channel_purpose",
        "ts": "1510230044.000121"
    },
    {
        "user": "U7TAF6RMF",
        "inviter": "U7Q9MGYN8",
        "text": "<@U7TAF6RMF> has joined the channel",
        "type": "message",
        "subtype": "channel_join",
        "ts": "1510230044.000181"
    },
    {
        "user": "U7XGJRZ9S",
        "inviter": "U7Q9MGYN8",
        "text": "<@U7XGJRZ9S> has joined the channel",
        "type": "message",
        "subtype": "channel_join",
        "ts": "1510230044.000209"
    },
    {
        "user": "U7YJDN73R",
        "inviter": "U7Q9MGYN8",
        "text": "<@U7YJDN73R> has joined the channel",
        "type": "message",
        "subtype": "channel_join",
        "ts": "1510230044.000234"
    },
    {
        "user": "U7Q6YMWN4",
        "inviter": "U7Q9MGYN8",
        "text": "<@U7Q6YMWN4> has joined the channel",
        "type": "message",
        "subtype": "channel_join",
        "ts": "1510230044.000263"
    },
    {
        "user": "U7RE90REK",
        "inviter": "U7Q9MGYN8",
        "text": "<@U7RE90REK> has joined the channel",
        "type": "message",
        "subtype": "channel_join",
        "ts": "1510230045.000024"
    },
    {
        "type": "message",
        "user": "U7Q9MGYN8",
        "text": "As a follow on from the 11am meeting, here are some notes that I took: <https:\/\/www.evernote.com\/shard\/s246\/sh\/82e0fdf3-764a-4529-9403-ce5903a7a12c\/47b753a3bc575d0eca14176166292628>",
        "attachments": [
            {
                "service_name": "Evernote",
                "title": "Agile Project Notes",
                "title_link": "https:\/\/www.evernote.com\/shard\/s246\/sh\/82e0fdf3-764a-4529-9403-ce5903a7a12c\/47b753a3bc575d0eca14176166292628",
                "text": "Data Modelling Passenger Details: First Name Surname Age Address Risk Score Risk type no Flight number Risk Details: Risk type no Risk Name Risk actions Flight Details: Flight number Crew Destination ...",
                "fallback": "Evernote: Agile Project Notes",
                "thumb_url": "https:\/\/cdn1.evernote.com\/evernote.com\/img\/social-meta\/shared-note-thumbnail.png",
                "from_url": "https:\/\/www.evernote.com\/shard\/s246\/sh\/82e0fdf3-764a-4529-9403-ce5903a7a12c\/47b753a3bc575d0eca14176166292628",
                "thumb_width": 200,
                "thumb_height": 200,
                "service_icon": "https:\/\/www.evernote.com\/favicon.ico",
                "id": 1
            }
        ],
        "ts": "1510230094.000186"
    },
    {
        "type": "message",
        "user": "U7Q9MGYN8",
        "text": "In essence, we need to recreate a Passenger Flight Risk system, with views for being able to view passengers sorted by risk, along with their personal details, and details of flights that they may be travelling on.  There is also a requirement for the customer to be able to edit details on passengers, risks or flights. A map functionality was also discussed as a stretch goal for the system.",
        "ts": "1510230279.000025"
    },
    {
        "type": "message",
        "user": "U7Q9MGYN8",
        "text": "In my notes, based on info I got from Ben, ive identified what data needs to be captured for each model (passengers and flights initially) along with basic functionality",
        "ts": "1510230335.000008"
    },
    {
        "type": "message",
        "user": "U7Q9MGYN8",
        "text": "Our next task will be to identify each of our technical skills and start matching up our skillsets to the tasks, and also identify what technology we want to use for implementation.",
        "ts": "1510230406.000186"
    },
    {
        "type": "message",
        "user": "U7Q9MGYN8",
        "text": "If I was to make a suggestion: since the system needs to be developed relatively quickly, we should keep our technology choices simple in this instance. Avoiding big tech stacks like java or .NET in favor of more lightweight options like PHP, Python or Ruby for backend use would probably be a wise idea if everyone has the experience, and a web based solution would allow us to develop the back and front end of the application simultaneously.",
        "ts": "1510230640.000352"
    },
    {
        "type": "message",
        "user": "U7Q9MGYN8",
        "text": "As for a data store, I know <@U7YJDN73R> suggested using Oracle DB since we are learning it currently. I have experience with this so I would be happy to go along with this if everyone else was",
        "ts": "1510230726.000034"
    },
    {
        "type": "message",
        "user": "U7RE90REK",
        "text": "I agree with the Web based approach, where will the site be hosted though? Do we distance learners have access to the onsite DB hosting servers? I've got front end CSS, JavaScript HTML experience and PHP from a lifetime ago but I'm sure it will come back. Do we have any specific requirements regarding unit tests and refactoring? do those languages support automated testing?",
        "ts": "1510230947.000189"
    },
    {
        "type": "message",
        "user": "U7RE90REK",
        "text": "In addition to the programming skills we need a architect\/designer for UML etc. a UX\/graphic person and a tester",
        "ts": "1510231093.000069"
    },
    {
        "type": "message",
        "user": "U7Q9MGYN8",
        "text": "Ruby and Python definitely support unit testing (on the Ruby side, I have experience with the RSpec test framework). For hosting purposes, I have access to a dedicated server that we can use for the web side of things if needed. I know the university itself has a hosted Oracle instance as well, and I can inquire about other services.",
        "ts": "1510231159.000120"
    },
    {
        "type": "message",
        "user": "U7RE90REK",
        "text": "I guess it's whether or not you can connect your private Web server to the uni database. Most hosting places have mySql or similar. Rob are you ok collating these in the backlog for discussion points\/backlog items as discussed at 11?",
        "ts": "1510231265.000110"
    },
    {
        "type": "message",
        "user": "U7Q9MGYN8",
        "text": "Yep, leave that to me, ill be archiving this conversation for backlog purposes",
        "ts": "1510231652.000047"
    },
    {
        "type": "message",
        "user": "U7RE90REK",
        "text": "Rob want to put me down as the front end UX person?",
        "ts": "1510231993.000010"
    },
    {
        "type": "message",
        "user": "U7Q9MGYN8",
        "text": "I think for actual tasks, we wait until we know everyones skill sets, then start assigning roles (We can also rotate between sprints too)",
        "ts": "1510233018.000182"
    },
    {
        "type": "message",
        "user": "U7Q9MGYN8",
        "text": "Speaking with Omer and Leo on campus, it looks like the preferred technology stack will be: HTML5\/CSS\/JS &gt; PHP &gt; Oracle DB",
        "ts": "1510233077.000299"
    },
    {
        "type": "message",
        "user": "U7Q9MGYN8",
        "text": "I can host all of these on my test server so there are no problems there",
        "ts": "1510233103.000390"
    },
    {
        "type": "message",
        "user": "U7Q9MGYN8",
        "text": "Ill also be collating the tasks into the github project page to generate our todo list too",
        "ts": "1510233163.000077"
    },
    {
        "type": "message",
        "user": "U7Q9MGYN8",
        "text": "<https:\/\/github.com\/StaffsMSC-ASD\/ProjectPTS\/projects\/1> This is the project page on GitHub. Once we have todo tasks organised for each point of functionality, ill put them on there and start assigning work",
        "attachments": [
            {
                "service_name": "GitHub",
                "title": "StaffsMSC-ASD\/ProjectPTS",
                "title_link": "https:\/\/github.com\/StaffsMSC-ASD\/ProjectPTS\/projects\/1",
                "text": "ProjectPTS - Module Assignment Repository",
                "fallback": "GitHub: StaffsMSC-ASD\/ProjectPTS",
                "from_url": "https:\/\/github.com\/StaffsMSC-ASD\/ProjectPTS\/projects\/1",
                "thumb_url": "https:\/\/avatars0.githubusercontent.com\/u\/33313370?s=400&v=4",
                "thumb_width": 250,
                "thumb_height": 250,
                "service_icon": "https:\/\/a.slack-edge.com\/bfaba\/img\/unfurl_icons\/github.png",
                "id": 1
            }
        ],
        "ts": "1510233820.000013"
    },
    {
        "user": "U7Q8KM62X",
        "inviter": "U7Q9MGYN8",
        "text": "<@U7Q8KM62X> has joined the channel",
        "type": "message",
        "subtype": "channel_join",
        "ts": "1510234318.000188"
    },
    {
        "text": "added an integration to this channel: <https:\/\/staffsmscasd.slack.com\/services\/B7TMZ8CSX|GitHub>",
        "bot_id": "B7TMZ8CSX",
        "bot_link": "<https:\/\/staffsmscasd.slack.com\/services\/B7TMZ8CSX|GitHub>",
        "type": "message",
        "subtype": "bot_add",
        "user": "U7Q9MGYN8",
        "ts": "1510234930.000102"
    },
    {
        "text": "",
        "bot_id": "B7TMZ8CSX",
        "attachments": [
            {
                "fallback": "[StaffsMSC-ASD\/ProjectPTS] Issue created: \"#2 Update readme\" https:\/\/github.com\/StaffsMSC-ASD\/ProjectPTS\/issues\/2 by h009529c",
                "text": "Readme requires updating to reflect current project",
                "pretext": "[StaffsMSC-ASD\/ProjectPTS] Issue created by <https:\/\/github.com\/h009529c|h009529c> (assigned to <https:\/\/github.com\/h009529c|h009529c>)",
                "title": "#2 Update readme",
                "id": 1,
                "title_link": "https:\/\/github.com\/StaffsMSC-ASD\/ProjectPTS\/issues\/2",
                "color": "F29513",
                "mrkdwn_in": [
                    "text",
                    "pretext"
                ]
            }
        ],
        "type": "message",
        "subtype": "bot_message",
        "ts": "1510235298.000344"
    },
    {
        "text": "",
        "bot_id": "B7TMZ8CSX",
        "attachments": [
            {
                "fallback": "<https:\/\/github.com\/StaffsMSC-ASD\/ProjectPTS\/tree\/master|[ProjectPTS:master]> <https:\/\/github.com\/StaffsMSC-ASD\/ProjectPTS\/commit\/ac5e77e7b86796c53e9fbb41b3aab4db7b651490|1 new commit> by Rob Hartley",
                "text": "`<https:\/\/github.com\/StaffsMSC-ASD\/ProjectPTS\/commit\/ac5e77e7b86796c53e9fbb41b3aab4db7b651490|ac5e77e>` Updated readme with more project detail - Rob Hartley",
                "pretext": "<https:\/\/github.com\/StaffsMSC-ASD\/ProjectPTS\/tree\/master|[ProjectPTS:master]> 1 new commit by Rob Hartley:",
                "id": 1,
                "color": "4183C4",
                "mrkdwn_in": [
                    "text",
                    "pretext"
                ]
            }
        ],
        "type": "message",
        "subtype": "bot_message",
        "ts": "1510235404.000222"
    },
    {
        "text": "",
        "bot_id": "B7TMZ8CSX",
        "attachments": [
            {
                "fallback": "[StaffsMSC-ASD\/ProjectPTS] New comment by h009529c on issue <https:\/\/github.com\/StaffsMSC-ASD\/ProjectPTS\/issues\/2#issuecomment-343160065|#2: Update readme> (assigned to <https:\/\/github.com\/h009529c|h009529c>)",
                "text": "Readme updated",
                "pretext": "[StaffsMSC-ASD\/ProjectPTS] New comment by h009529c on issue <https:\/\/github.com\/StaffsMSC-ASD\/ProjectPTS\/issues\/2#issuecomment-343160065|#2: Update readme> (assigned to <https:\/\/github.com\/h009529c|h009529c>)",
                "id": 1,
                "color": "E3E4E6",
                "mrkdwn_in": [
                    "text",
                    "pretext"
                ]
            }
        ],
        "type": "message",
        "subtype": "bot_message",
        "ts": "1510235485.000171"
    },
    {
        "text": "",
        "bot_id": "B7TMZ8CSX",
        "attachments": [
            {
                "fallback": "[StaffsMSC-ASD\/ProjectPTS] Issue closed: <https:\/\/github.com\/StaffsMSC-ASD\/ProjectPTS\/issues\/2|#2 Update readme> by <https:\/\/github.com\/h009529c|h009529c>",
                "text": "[StaffsMSC-ASD\/ProjectPTS] Issue closed: <https:\/\/github.com\/StaffsMSC-ASD\/ProjectPTS\/issues\/2|#2 Update readme> by <https:\/\/github.com\/h009529c|h009529c>",
                "id": 1,
                "color": "E3E4E6",
                "mrkdwn_in": [
                    "text",
                    "pretext"
                ]
            }
        ],
        "type": "message",
        "subtype": "bot_message",
        "ts": "1510235485.000173"
    },
    {
        "type": "message",
        "user": "U7Q9MGYN8",
        "text": "<@U7XGJRZ9S> <@U7Q6YMWN4> If you have GitHub accounts names, send them to me when you have a chance, I will add you into the organisation page for the project",
        "ts": "1510235782.000561"
    }
]