[
    {
        "type": "message",
        "user": "U7Q9MGYN8",
        "text": "<@U7TAF6RMF> <@U7YJDN73R> hey guys, I'm nearly done with the database init scripts, just wanted to check, are you planning on building views in the code or do you want me to predefine views?",
        "ts": "1511278681.000469"
    },
    {
        "type": "message",
        "user": "U7Q9MGYN8",
        "text": "Personally I think doing it in the php allows for more flexibility, plus it's going to be more obvious what is being changed, but I'll leave it in your hands",
        "ts": "1511278728.000101"
    },
    {
        "type": "message",
        "user": "U7TAF6RMF",
        "text": "PHP is good for me ",
        "ts": "1511278851.000064"
    },
    {
        "type": "message",
        "user": "U7Q9MGYN8",
        "text": "OK great. I'll have the scripts and the ERD on Github for the end of today",
        "ts": "1511278889.000397"
    },
    {
        "type": "message",
        "user": "U7TAF6RMF",
        "text": "Ok that's fine",
        "ts": "1511279380.000290"
    },
    {
        "type": "message",
        "user": "U7YJDN73R",
        "text": "Hi Rob, I've been revising PHP in the last two days , my only concern is I haven't found any PHP library that deals with Oracle database but there are plenty for My SQL",
        "ts": "1511290144.000042"
    },
    {
        "type": "message",
        "user": "U7Q9MGYN8",
        "text": "PDO usually has an Oracle driver, although I think at this point we have standardized on MySQL anyway",
        "ts": "1511290230.000267"
    },
    {
        "type": "message",
        "user": "U7YJDN73R",
        "text": "I just found actually  <http:\/\/www.oracle.com\/webfolder\/technetwork\/tutorials\/obe\/db\/oow10\/php_db\/php_db.htm>",
        "ts": "1511290339.000152"
    },
    {
        "type": "message",
        "user": "U7Q9MGYN8",
        "text": "It's definitely possible, but since we agreed on MySQL previously due to everyone's familiarity, I think we are just sticking with that. It also simplifies development since php has a lot of the functions built in",
        "ts": "1511290427.000338"
    }
]