[
    {
        "user": "U7Q9MGYN8",
        "text": "<@U7Q9MGYN8> has joined the channel",
        "type": "message",
        "subtype": "channel_join",
        "ts": "1510775151.000302"
    },
    {
        "user": "U7YJDN73R",
        "inviter": "U7Q9MGYN8",
        "text": "<@U7YJDN73R> has joined the channel",
        "type": "message",
        "subtype": "channel_join",
        "ts": "1510775152.000225"
    },
    {
        "user": "U7Q9MGYN8",
        "purpose": "Backend PHP dev talk",
        "text": "<@U7Q9MGYN8> set the channel purpose: Backend PHP dev talk",
        "type": "message",
        "subtype": "channel_purpose",
        "ts": "1510775152.000250"
    },
    {
        "user": "U7TAF6RMF",
        "inviter": "U7Q9MGYN8",
        "text": "<@U7TAF6RMF> has joined the channel",
        "type": "message",
        "subtype": "channel_join",
        "ts": "1510775152.000303"
    }
]