[
    {
        "id": "C822D9FT9",
        "name": "backend",
        "created": "1510775151",
        "creator": "U7Q9MGYN8",
        "is_archived": false,
        "is_general": false,
        "members": [
            "U7Q9MGYN8",
            "U7TAF6RMF",
            "U7YJDN73R"
        ],
        "topic": {
            "value": "",
            "creator": "",
            "last_set": "0"
        },
        "purpose": {
            "value": "Backend PHP dev talk",
            "creator": "U7Q9MGYN8",
            "last_set": "1510775152"
        }
    },
    {
        "id": "C7XJJTTMJ",
        "name": "dailydiscussions",
        "created": "1510230043",
        "creator": "U7Q9MGYN8",
        "is_archived": false,
        "is_general": false,
        "members": [
            "U7Q6YMWN4",
            "U7Q8KM62X",
            "U7Q9MGYN8",
            "U7RE90REK",
            "U7TAF6RMF",
            "U7XGJRZ9S",
            "U7YJDN73R"
        ],
        "topic": {
            "value": "",
            "creator": "",
            "last_set": "0"
        },
        "purpose": {
            "value": "Daily discussion space for the project",
            "creator": "U7Q9MGYN8",
            "last_set": "1510230044"
        }
    },
    {
        "id": "C81RTUVM4",
        "name": "database",
        "created": "1510775129",
        "creator": "U7Q9MGYN8",
        "is_archived": false,
        "is_general": false,
        "members": [
            "U7Q9MGYN8"
        ],
        "topic": {
            "value": "",
            "creator": "",
            "last_set": "0"
        },
        "purpose": {
            "value": "Database dev talk",
            "creator": "U7Q9MGYN8",
            "last_set": "1510775130"
        }
    },
    {
        "id": "C80E7HRB3",
        "name": "frontend",
        "created": "1510775172",
        "creator": "U7Q9MGYN8",
        "is_archived": false,
        "is_general": false,
        "members": [
            "U7Q6YMWN4",
            "U7Q9MGYN8",
            "U7RE90REK"
        ],
        "topic": {
            "value": "",
            "creator": "",
            "last_set": "0"
        },
        "purpose": {
            "value": "Front end dev talk",
            "creator": "U7Q9MGYN8",
            "last_set": "1510775173"
        }
    },
    {
        "id": "C7RAKU5TR",
        "name": "general",
        "created": "1509011055",
        "creator": "U7Q9MGYN8",
        "is_archived": false,
        "is_general": true,
        "members": [
            "U7Q6YMWN4",
            "U7Q8KM62X",
            "U7Q9MGYN8",
            "U7RE90REK",
            "U7TAF6RMF",
            "U7XGJRZ9S",
            "U7YJDN73R"
        ],
        "topic": {
            "value": "Main discussion channel for Agile Software Development module",
            "creator": "U7Q9MGYN8",
            "last_set": "1509024248"
        },
        "purpose": {
            "value": "This channel is for workspace-wide communication and announcements. All members are in this channel.",
            "creator": "U7Q9MGYN8",
            "last_set": "1509011055"
        }
    },
    {
        "id": "C7RAKU78F",
        "name": "random",
        "created": "1509011056",
        "creator": "U7Q9MGYN8",
        "is_archived": false,
        "is_general": false,
        "members": [
            "U7Q6YMWN4",
            "U7Q8KM62X",
            "U7Q9MGYN8",
            "U7RE90REK",
            "U7TAF6RMF",
            "U7XGJRZ9S",
            "U7YJDN73R"
        ],
        "topic": {
            "value": "Non-work banter and water cooler conversation",
            "creator": "U7Q9MGYN8",
            "last_set": "1509011056"
        },
        "purpose": {
            "value": "A place for non-work-related flimflam, faffing, hodge-podge or jibber-jabber you'd prefer to keep out of more focused work-related channels.",
            "creator": "U7Q9MGYN8",
            "last_set": "1509011056"
        }
    },
    {
        "id": "C81RUJF7G",
        "name": "testing",
        "created": "1510775181",
        "creator": "U7Q9MGYN8",
        "is_archived": false,
        "is_general": false,
        "members": [
            "U7Q6YMWN4",
            "U7Q9MGYN8",
            "U7RE90REK",
            "U7TAF6RMF",
            "U7XGJRZ9S",
            "U7YJDN73R"
        ],
        "topic": {
            "value": "",
            "creator": "",
            "last_set": "0"
        },
        "purpose": {
            "value": "Testing talk",
            "creator": "U7Q9MGYN8",
            "last_set": "1510775182"
        }
    }
]