[
    {
        "user_id": "U7Q6YMWN4",
        "user_name": "s010285h",
        "date": "1510266566",
        "change_type": "updated",
        "service_id": "265747284915",
        "service_type": "GitHub",
        "scope": "incoming-webhook",
        "channel": "C7XJJTTMJ"
    },
    {
        "user_id": "U7Q6YMWN4",
        "user_name": "s010285h",
        "date": "1510266549",
        "change_type": "updated",
        "service_id": "265747284915",
        "service_type": "GitHub",
        "scope": "incoming-webhook",
        "channel": "C7XJJTTMJ"
    },
    {
        "user_id": "U7Q9MGYN8",
        "user_name": "h009529c",
        "date": "1510234930",
        "change_type": "updated",
        "service_id": "265747284915",
        "service_type": "GitHub",
        "scope": "incoming-webhook",
        "channel": "C7XJJTTMJ"
    },
    {
        "user_id": "U7Q9MGYN8",
        "user_name": "h009529c",
        "date": "1509621968",
        "change_type": "updated",
        "service_id": "265747284915",
        "service_type": "GitHub",
        "scope": "incoming-webhook",
        "channel": "C7RAKU5TR"
    },
    {
        "user_id": "U7Q9MGYN8",
        "user_name": "h009529c",
        "date": "1509620855",
        "change_type": "updated",
        "service_id": "265747284915",
        "service_type": "GitHub",
        "scope": "incoming-webhook",
        "channel": "C7RAKU5TR"
    },
    {
        "user_id": "U7Q9MGYN8",
        "user_name": "h009529c",
        "date": "1509618439",
        "change_type": "removed",
        "service_id": "265823883394",
        "service_type": "GitHub",
        "scope": "incoming-webhook",
        "channel": "C7RAKU5TR"
    },
    {
        "user_id": "U7Q9MGYN8",
        "user_name": "h009529c",
        "date": "1509618342",
        "change_type": "updated",
        "service_id": "265747284915",
        "service_type": "GitHub",
        "scope": "incoming-webhook",
        "channel": "C7RAKU5TR"
    },
    {
        "user_id": "U7Q9MGYN8",
        "user_name": "h009529c",
        "date": "1509617770",
        "change_type": "added",
        "service_id": "265747284915",
        "service_type": "GitHub",
        "scope": "incoming-webhook",
        "channel": "C7RAKU5TR"
    },
    {
        "user_id": "U7Q9MGYN8",
        "user_name": "h009529c",
        "date": "1509617664",
        "change_type": "added",
        "service_id": "265823883394",
        "service_type": "GitHub",
        "scope": "incoming-webhook",
        "channel": "C7RAKU5TR"
    }
]