[
    {
        "id": "U7TAF6RMF",
        "team_id": "T7RAKTH4P",
        "name": "a025924f",
        "deleted": false,
        "color": "674b1b",
        "real_name": "Omer Adia",
        "tz": "Europe\/London",
        "tz_label": "Greenwich Mean Time",
        "tz_offset": 0,
        "profile": {
            "real_name": "Omer Adia",
            "display_name": "",
            "avatar_hash": "gcc265a6cbaa",
            "title": "",
            "real_name_normalized": "Omer Adia",
            "display_name_normalized": "",
            "email": "a025924f@student.staffs.ac.uk",
            "image_24": "https:\/\/secure.gravatar.com\/avatar\/cc265a6cbaa9f5b189132b208715039f.jpg?s=24&d=https%3A%2F%2Fa.slack-edge.com%2F66f9%2Fimg%2Favatars%2Fava_0013-24.png",
            "image_32": "https:\/\/secure.gravatar.com\/avatar\/cc265a6cbaa9f5b189132b208715039f.jpg?s=32&d=https%3A%2F%2Fa.slack-edge.com%2F0180%2Fimg%2Favatars%2Fava_0013-32.png",
            "image_48": "https:\/\/secure.gravatar.com\/avatar\/cc265a6cbaa9f5b189132b208715039f.jpg?s=48&d=https%3A%2F%2Fa.slack-edge.com%2F66f9%2Fimg%2Favatars%2Fava_0013-48.png",
            "image_72": "https:\/\/secure.gravatar.com\/avatar\/cc265a6cbaa9f5b189132b208715039f.jpg?s=72&d=https%3A%2F%2Fa.slack-edge.com%2F66f9%2Fimg%2Favatars%2Fava_0013-72.png",
            "image_192": "https:\/\/secure.gravatar.com\/avatar\/cc265a6cbaa9f5b189132b208715039f.jpg?s=192&d=https%3A%2F%2Fa.slack-edge.com%2F7fa9%2Fimg%2Favatars%2Fava_0013-192.png",
            "image_512": "https:\/\/secure.gravatar.com\/avatar\/cc265a6cbaa9f5b189132b208715039f.jpg?s=512&d=https%3A%2F%2Fa.slack-edge.com%2F7fa9%2Fimg%2Favatars%2Fava_0013-512.png",
            "fields": null,
            "team": "T7RAKTH4P"
        },
        "is_admin": false,
        "is_owner": false,
        "is_primary_owner": false,
        "is_restricted": false,
        "is_ultra_restricted": false,
        "is_bot": false,
        "updated": 1509623675,
        "is_app_user": false
    },
    {
        "id": "U7Q8KM62X",
        "team_id": "T7RAKTH4P",
        "name": "b.b.bastaki",
        "deleted": false,
        "color": "4bbe2e",
        "real_name": "Ben",
        "tz": "Europe\/London",
        "tz_label": "Greenwich Mean Time",
        "tz_offset": 0,
        "profile": {
            "real_name": "Ben",
            "display_name": "Ben",
            "avatar_hash": "ged540597c40",
            "title": "",
            "real_name_normalized": "Ben",
            "display_name_normalized": "Ben",
            "email": "b.b.bastaki@staffs.ac.uk",
            "image_24": "https:\/\/secure.gravatar.com\/avatar\/ed540597c4026219803af7198980c5eb.jpg?s=24&d=https%3A%2F%2Fa.slack-edge.com%2F66f9%2Fimg%2Favatars%2Fava_0009-24.png",
            "image_32": "https:\/\/secure.gravatar.com\/avatar\/ed540597c4026219803af7198980c5eb.jpg?s=32&d=https%3A%2F%2Fa.slack-edge.com%2F66f9%2Fimg%2Favatars%2Fava_0009-32.png",
            "image_48": "https:\/\/secure.gravatar.com\/avatar\/ed540597c4026219803af7198980c5eb.jpg?s=48&d=https%3A%2F%2Fa.slack-edge.com%2F66f9%2Fimg%2Favatars%2Fava_0009-48.png",
            "image_72": "https:\/\/secure.gravatar.com\/avatar\/ed540597c4026219803af7198980c5eb.jpg?s=72&d=https%3A%2F%2Fa.slack-edge.com%2F66f9%2Fimg%2Favatars%2Fava_0009-72.png",
            "image_192": "https:\/\/secure.gravatar.com\/avatar\/ed540597c4026219803af7198980c5eb.jpg?s=192&d=https%3A%2F%2Fa.slack-edge.com%2F7fa9%2Fimg%2Favatars%2Fava_0009-192.png",
            "image_512": "https:\/\/secure.gravatar.com\/avatar\/ed540597c4026219803af7198980c5eb.jpg?s=512&d=https%3A%2F%2Fa.slack-edge.com%2F7fa9%2Fimg%2Favatars%2Fava_0009-512.png",
            "fields": null,
            "team": "T7RAKTH4P"
        },
        "is_admin": false,
        "is_owner": false,
        "is_primary_owner": false,
        "is_restricted": false,
        "is_ultra_restricted": false,
        "is_bot": false,
        "updated": 1509022736,
        "is_app_user": false
    },
    {
        "id": "U7Q9MGYN8",
        "team_id": "T7RAKTH4P",
        "name": "h009529c",
        "deleted": false,
        "color": "9f69e7",
        "real_name": "Rob Hartley",
        "tz": "Europe\/London",
        "tz_label": "Greenwich Mean Time",
        "tz_offset": 0,
        "profile": {
            "real_name": "Rob Hartley",
            "display_name": "",
            "avatar_hash": "4d0c798dc00e",
            "image_24": "https:\/\/avatars.slack-edge.com\/2017-11-02\/265832156354_4d0c798dc00e22250cf6_24.png",
            "image_32": "https:\/\/avatars.slack-edge.com\/2017-11-02\/265832156354_4d0c798dc00e22250cf6_32.png",
            "image_48": "https:\/\/avatars.slack-edge.com\/2017-11-02\/265832156354_4d0c798dc00e22250cf6_48.png",
            "image_72": "https:\/\/avatars.slack-edge.com\/2017-11-02\/265832156354_4d0c798dc00e22250cf6_72.png",
            "image_192": "https:\/\/avatars.slack-edge.com\/2017-11-02\/265832156354_4d0c798dc00e22250cf6_192.png",
            "image_512": "https:\/\/avatars.slack-edge.com\/2017-11-02\/265832156354_4d0c798dc00e22250cf6_512.png",
            "image_1024": "https:\/\/avatars.slack-edge.com\/2017-11-02\/265832156354_4d0c798dc00e22250cf6_1024.png",
            "image_original": "https:\/\/avatars.slack-edge.com\/2017-11-02\/265832156354_4d0c798dc00e22250cf6_original.png",
            "fields": [],
            "first_name": "Rob",
            "last_name": "Hartley",
            "real_name_normalized": "Rob Hartley",
            "display_name_normalized": "",
            "email": "h009529c@student.staffs.ac.uk",
            "team": "T7RAKTH4P"
        },
        "is_admin": true,
        "is_owner": true,
        "is_primary_owner": true,
        "is_restricted": false,
        "is_ultra_restricted": false,
        "is_bot": false,
        "updated": 1509618840,
        "is_app_user": false
    },
    {
        "id": "U7XGJRZ9S",
        "team_id": "T7RAKTH4P",
        "name": "l028974g",
        "deleted": false,
        "color": "e96699",
        "real_name": "LUBANGU Badibanga",
        "tz": "America\/Los_Angeles",
        "tz_label": "Pacific Standard Time",
        "tz_offset": -28800,
        "profile": {
            "real_name": "LUBANGU Badibanga",
            "display_name": "Badi",
            "avatar_hash": "g2c5beb8deb3",
            "title": "",
            "fields": [],
            "first_name": "LUBANGU",
            "last_name": "Badibanga",
            "phone": "00447964324690",
            "status_text": "away",
            "status_emoji": ":speech_balloon:",
            "real_name_normalized": "LUBANGU Badibanga",
            "display_name_normalized": "Badi",
            "email": "l028974g@student.staffs.ac.uk",
            "image_24": "https:\/\/secure.gravatar.com\/avatar\/2c5beb8deb3524409d1ca337126442e2.jpg?s=24&d=https%3A%2F%2Fa.slack-edge.com%2F66f9%2Fimg%2Favatars%2Fava_0000-24.png",
            "image_32": "https:\/\/secure.gravatar.com\/avatar\/2c5beb8deb3524409d1ca337126442e2.jpg?s=32&d=https%3A%2F%2Fa.slack-edge.com%2F66f9%2Fimg%2Favatars%2Fava_0000-32.png",
            "image_48": "https:\/\/secure.gravatar.com\/avatar\/2c5beb8deb3524409d1ca337126442e2.jpg?s=48&d=https%3A%2F%2Fa.slack-edge.com%2F66f9%2Fimg%2Favatars%2Fava_0000-48.png",
            "image_72": "https:\/\/secure.gravatar.com\/avatar\/2c5beb8deb3524409d1ca337126442e2.jpg?s=72&d=https%3A%2F%2Fa.slack-edge.com%2F66f9%2Fimg%2Favatars%2Fava_0000-72.png",
            "image_192": "https:\/\/secure.gravatar.com\/avatar\/2c5beb8deb3524409d1ca337126442e2.jpg?s=192&d=https%3A%2F%2Fa.slack-edge.com%2F7fa9%2Fimg%2Favatars%2Fava_0000-192.png",
            "image_512": "https:\/\/secure.gravatar.com\/avatar\/2c5beb8deb3524409d1ca337126442e2.jpg?s=512&d=https%3A%2F%2Fa.slack-edge.com%2F7fa9%2Fimg%2Favatars%2Fava_0000-512.png",
            "team": "T7RAKTH4P"
        },
        "is_admin": false,
        "is_owner": false,
        "is_primary_owner": false,
        "is_restricted": false,
        "is_ultra_restricted": false,
        "is_bot": false,
        "updated": 1511208076,
        "is_app_user": false
    },
    {
        "id": "U7YJDN73R",
        "team_id": "T7RAKTH4P",
        "name": "m034326g",
        "deleted": false,
        "color": "e0a729",
        "real_name": "Leo Matousian",
        "tz": "America\/Los_Angeles",
        "tz_label": "Pacific Standard Time",
        "tz_offset": -28800,
        "profile": {
            "real_name": "Leo Matousian",
            "display_name": "Leo",
            "avatar_hash": "g0e08a6ee3e5",
            "title": "",
            "real_name_normalized": "Leo Matousian",
            "display_name_normalized": "Leo",
            "email": "m034326g@student.staffs.ac.uk",
            "image_24": "https:\/\/secure.gravatar.com\/avatar\/0e08a6ee3e51991d2f0275754e2011c8.jpg?s=24&d=https%3A%2F%2Fa.slack-edge.com%2F66f9%2Fimg%2Favatars%2Fava_0018-24.png",
            "image_32": "https:\/\/secure.gravatar.com\/avatar\/0e08a6ee3e51991d2f0275754e2011c8.jpg?s=32&d=https%3A%2F%2Fa.slack-edge.com%2F66f9%2Fimg%2Favatars%2Fava_0018-32.png",
            "image_48": "https:\/\/secure.gravatar.com\/avatar\/0e08a6ee3e51991d2f0275754e2011c8.jpg?s=48&d=https%3A%2F%2Fa.slack-edge.com%2F66f9%2Fimg%2Favatars%2Fava_0018-48.png",
            "image_72": "https:\/\/secure.gravatar.com\/avatar\/0e08a6ee3e51991d2f0275754e2011c8.jpg?s=72&d=https%3A%2F%2Fa.slack-edge.com%2F3654%2Fimg%2Favatars%2Fava_0018-72.png",
            "image_192": "https:\/\/secure.gravatar.com\/avatar\/0e08a6ee3e51991d2f0275754e2011c8.jpg?s=192&d=https%3A%2F%2Fa.slack-edge.com%2F7fa9%2Fimg%2Favatars%2Fava_0018-192.png",
            "image_512": "https:\/\/secure.gravatar.com\/avatar\/0e08a6ee3e51991d2f0275754e2011c8.jpg?s=512&d=https%3A%2F%2Fa.slack-edge.com%2F7fa9%2Fimg%2Favatars%2Fava_0018-512.png",
            "fields": null,
            "team": "T7RAKTH4P"
        },
        "is_admin": false,
        "is_owner": false,
        "is_primary_owner": false,
        "is_restricted": false,
        "is_ultra_restricted": false,
        "is_bot": false,
        "updated": 1510224166,
        "is_app_user": false
    },
    {
        "id": "U7Q6YMWN4",
        "team_id": "T7RAKTH4P",
        "name": "s010285h",
        "deleted": false,
        "color": "3c989f",
        "real_name": "Marina",
        "tz": "Europe\/London",
        "tz_label": "Greenwich Mean Time",
        "tz_offset": 0,
        "profile": {
            "real_name": "Marina",
            "display_name": "MarinaSigona",
            "avatar_hash": "g8832513e2bb",
            "title": "",
            "status_text": "Working remotely",
            "status_emoji": ":house_with_garden:",
            "real_name_normalized": "Marina",
            "display_name_normalized": "MarinaSigona",
            "email": "s010285h@student.staffs.ac.uk",
            "image_24": "https:\/\/secure.gravatar.com\/avatar\/8832513e2bb58def429a4ae95df460d7.jpg?s=24&d=https%3A%2F%2Fa.slack-edge.com%2F66f9%2Fimg%2Favatars%2Fava_0011-24.png",
            "image_32": "https:\/\/secure.gravatar.com\/avatar\/8832513e2bb58def429a4ae95df460d7.jpg?s=32&d=https%3A%2F%2Fa.slack-edge.com%2F66f9%2Fimg%2Favatars%2Fava_0011-32.png",
            "image_48": "https:\/\/secure.gravatar.com\/avatar\/8832513e2bb58def429a4ae95df460d7.jpg?s=48&d=https%3A%2F%2Fa.slack-edge.com%2F66f9%2Fimg%2Favatars%2Fava_0011-48.png",
            "image_72": "https:\/\/secure.gravatar.com\/avatar\/8832513e2bb58def429a4ae95df460d7.jpg?s=72&d=https%3A%2F%2Fa.slack-edge.com%2F3654%2Fimg%2Favatars%2Fava_0011-72.png",
            "image_192": "https:\/\/secure.gravatar.com\/avatar\/8832513e2bb58def429a4ae95df460d7.jpg?s=192&d=https%3A%2F%2Fa.slack-edge.com%2F7fa9%2Fimg%2Favatars%2Fava_0011-192.png",
            "image_512": "https:\/\/secure.gravatar.com\/avatar\/8832513e2bb58def429a4ae95df460d7.jpg?s=512&d=https%3A%2F%2Fa.slack-edge.com%2F7fa9%2Fimg%2Favatars%2Fava_0011-512.png",
            "fields": null,
            "team": "T7RAKTH4P"
        },
        "is_admin": false,
        "is_owner": false,
        "is_primary_owner": false,
        "is_restricted": false,
        "is_ultra_restricted": false,
        "is_bot": false,
        "updated": 1509991583,
        "is_app_user": false
    },
    {
        "id": "U7RE90REK",
        "team_id": "T7RAKTH4P",
        "name": "s034090g",
        "deleted": false,
        "color": "e7392d",
        "real_name": "Takis Stathatos",
        "tz": "Europe\/London",
        "tz_label": "Greenwich Mean Time",
        "tz_offset": 0,
        "profile": {
            "real_name": "Takis Stathatos",
            "display_name": "Takisxs",
            "avatar_hash": "g706a8321900",
            "title": "",
            "real_name_normalized": "Takis Stathatos",
            "display_name_normalized": "Takisxs",
            "email": "s034090g@student.staffs.ac.uk",
            "image_24": "https:\/\/secure.gravatar.com\/avatar\/706a83219007f829d20a9c5d80be188d.jpg?s=24&d=https%3A%2F%2Fa.slack-edge.com%2F66f9%2Fimg%2Favatars%2Fava_0007-24.png",
            "image_32": "https:\/\/secure.gravatar.com\/avatar\/706a83219007f829d20a9c5d80be188d.jpg?s=32&d=https%3A%2F%2Fa.slack-edge.com%2F66f9%2Fimg%2Favatars%2Fava_0007-32.png",
            "image_48": "https:\/\/secure.gravatar.com\/avatar\/706a83219007f829d20a9c5d80be188d.jpg?s=48&d=https%3A%2F%2Fa.slack-edge.com%2F66f9%2Fimg%2Favatars%2Fava_0007-48.png",
            "image_72": "https:\/\/secure.gravatar.com\/avatar\/706a83219007f829d20a9c5d80be188d.jpg?s=72&d=https%3A%2F%2Fa.slack-edge.com%2F66f9%2Fimg%2Favatars%2Fava_0007-72.png",
            "image_192": "https:\/\/secure.gravatar.com\/avatar\/706a83219007f829d20a9c5d80be188d.jpg?s=192&d=https%3A%2F%2Fa.slack-edge.com%2F7fa9%2Fimg%2Favatars%2Fava_0007-192.png",
            "image_512": "https:\/\/secure.gravatar.com\/avatar\/706a83219007f829d20a9c5d80be188d.jpg?s=512&d=https%3A%2F%2Fa.slack-edge.com%2F7fa9%2Fimg%2Favatars%2Fava_0007-512.png",
            "fields": null,
            "team": "T7RAKTH4P"
        },
        "is_admin": false,
        "is_owner": false,
        "is_primary_owner": false,
        "is_restricted": false,
        "is_ultra_restricted": false,
        "is_bot": false,
        "updated": 1509025866,
        "is_app_user": false
    }
]