[
    {
        "type": "message",
        "user": "U7Q9MGYN8",
        "text": "A bit of humor for the morning <https:\/\/staffsmscasd.slack.com\/files\/U7Q9MGYN8\/F7TS06QRJ\/9e080d2.jpg>",
        "ts": "1509619114.000165"
    },
    {
        "type": "message",
        "subtype": "file_mention",
        "text": "<@U7Q9MGYN8> mentioned a file: <https:\/\/staffsmscasd.slack.com\/files\/U7Q9MGYN8\/F7TS06QRJ\/9e080d2.jpg|9e080d2.jpg>.",
        "file": {
            "id": "F7TS06QRJ",
            "created": 1509618965,
            "timestamp": 1509618965,
            "name": "9e080d2.jpg",
            "title": "9e080d2.jpg",
            "mimetype": "image\/jpeg",
            "filetype": "jpg",
            "pretty_type": "JPEG",
            "user": "U7Q9MGYN8",
            "editable": false,
            "size": 497682,
            "mode": "hosted",
            "is_external": false,
            "external_type": "",
            "is_public": true,
            "public_url_shared": false,
            "display_as_bot": false,
            "username": "",
            "url_private": "https:\/\/files.slack.com\/files-pri\/T7RAKTH4P-F7TS06QRJ\/9e080d2.jpg?t=xoxe-263359935159-292458754854-292661168359-e806266536aef25ba66365face8c3112",
            "url_private_download": "https:\/\/files.slack.com\/files-pri\/T7RAKTH4P-F7TS06QRJ\/download\/9e080d2.jpg?t=xoxe-263359935159-292458754854-292661168359-e806266536aef25ba66365face8c3112",
            "thumb_64": "https:\/\/files.slack.com\/files-tmb\/T7RAKTH4P-F7TS06QRJ-c71335b261\/9e080d2_64.jpg?t=xoxe-263359935159-292458754854-292661168359-e806266536aef25ba66365face8c3112",
            "thumb_80": "https:\/\/files.slack.com\/files-tmb\/T7RAKTH4P-F7TS06QRJ-c71335b261\/9e080d2_80.jpg?t=xoxe-263359935159-292458754854-292661168359-e806266536aef25ba66365face8c3112",
            "thumb_360": "https:\/\/files.slack.com\/files-tmb\/T7RAKTH4P-F7TS06QRJ-c71335b261\/9e080d2_360.jpg?t=xoxe-263359935159-292458754854-292661168359-e806266536aef25ba66365face8c3112",
            "thumb_360_w": 109,
            "thumb_360_h": 360,
            "thumb_480": "https:\/\/files.slack.com\/files-tmb\/T7RAKTH4P-F7TS06QRJ-c71335b261\/9e080d2_480.jpg?t=xoxe-263359935159-292458754854-292661168359-e806266536aef25ba66365face8c3112",
            "thumb_480_w": 145,
            "thumb_480_h": 480,
            "thumb_160": "https:\/\/files.slack.com\/files-tmb\/T7RAKTH4P-F7TS06QRJ-c71335b261\/9e080d2_160.jpg?t=xoxe-263359935159-292458754854-292661168359-e806266536aef25ba66365face8c3112",
            "thumb_720": "https:\/\/files.slack.com\/files-tmb\/T7RAKTH4P-F7TS06QRJ-c71335b261\/9e080d2_720.jpg?t=xoxe-263359935159-292458754854-292661168359-e806266536aef25ba66365face8c3112",
            "thumb_720_w": 217,
            "thumb_720_h": 720,
            "thumb_800": "https:\/\/files.slack.com\/files-tmb\/T7RAKTH4P-F7TS06QRJ-c71335b261\/9e080d2_800.jpg?t=xoxe-263359935159-292458754854-292661168359-e806266536aef25ba66365face8c3112",
            "thumb_800_w": 800,
            "thumb_800_h": 2650,
            "thumb_960": "https:\/\/files.slack.com\/files-tmb\/T7RAKTH4P-F7TS06QRJ-c71335b261\/9e080d2_960.jpg?t=xoxe-263359935159-292458754854-292661168359-e806266536aef25ba66365face8c3112",
            "thumb_960_w": 290,
            "thumb_960_h": 960,
            "thumb_1024": "https:\/\/files.slack.com\/files-tmb\/T7RAKTH4P-F7TS06QRJ-c71335b261\/9e080d2_1024.jpg?t=xoxe-263359935159-292458754854-292661168359-e806266536aef25ba66365face8c3112",
            "thumb_1024_w": 309,
            "thumb_1024_h": 1024,
            "image_exif_rotation": 1,
            "original_w": 800,
            "original_h": 2650,
            "permalink": "https:\/\/staffsmscasd.slack.com\/files\/U7Q9MGYN8\/F7TS06QRJ\/9e080d2.jpg",
            "permalink_public": "https:\/\/slack-files.com\/T7RAKTH4P-F7TS06QRJ-7aad25f31a",
            "channels": [],
            "groups": [],
            "ims": [],
            "comments_count": 0
        },
        "user": "U7Q9MGYN8",
        "ts": "1509619114.000289"
    },
    {
        "user": "U7TAF6RMF",
        "text": "<@U7TAF6RMF> has joined the channel",
        "type": "message",
        "subtype": "channel_join",
        "ts": "1509623675.000192"
    }
]