#
# TABLE STRUCTURE FOR: FLIGHT_DETAIL
#

INSERT INTO FLIGHT_DETAIL (`FLIGHT_NUMBER`, `CREW`, `DESTINATION`, `ORIGIN`, `FLIGHT_CAPACITY`) VALUES (1, 4, 'Borerbury', 'Gleasontown', 53);
INSERT INTO FLIGHT_DETAIL (`FLIGHT_NUMBER`, `CREW`, `DESTINATION`, `ORIGIN`, `FLIGHT_CAPACITY`) VALUES (2, 10, 'Germainestad', 'East Landenmouth', 52);
INSERT INTO FLIGHT_DETAIL (`FLIGHT_NUMBER`, `CREW`, `DESTINATION`, `ORIGIN`, `FLIGHT_CAPACITY`) VALUES (3, 4, 'Spinkaton', 'West Mariam', 47);
INSERT INTO FLIGHT_DETAIL (`FLIGHT_NUMBER`, `CREW`, `DESTINATION`, `ORIGIN`, `FLIGHT_CAPACITY`) VALUES (4, 6, 'Hilpertstad', 'Lake Christaborough', 79);
INSERT INTO FLIGHT_DETAIL (`FLIGHT_NUMBER`, `CREW`, `DESTINATION`, `ORIGIN`, `FLIGHT_CAPACITY`) VALUES (5, 4, 'South Briana', 'East Maudie', 35);
INSERT INTO FLIGHT_DETAIL (`FLIGHT_NUMBER`, `CREW`, `DESTINATION`, `ORIGIN`, `FLIGHT_CAPACITY`) VALUES (6, 8, 'New Maeganfort', 'Bartellbury', 78);
INSERT INTO FLIGHT_DETAIL (`FLIGHT_NUMBER`, `CREW`, `DESTINATION`, `ORIGIN`, `FLIGHT_CAPACITY`) VALUES (7, 10, 'North Osvaldo', 'East Kasandra', 79);
INSERT INTO FLIGHT_DETAIL (`FLIGHT_NUMBER`, `CREW`, `DESTINATION`, `ORIGIN`, `FLIGHT_CAPACITY`) VALUES (8, 6, 'North Leslystad', 'North Adelineville', 38);
INSERT INTO FLIGHT_DETAIL (`FLIGHT_NUMBER`, `CREW`, `DESTINATION`, `ORIGIN`, `FLIGHT_CAPACITY`) VALUES (9, 9, 'Port Santinobury', 'New Pearl', 56);
INSERT INTO FLIGHT_DETAIL (`FLIGHT_NUMBER`, `CREW`, `DESTINATION`, `ORIGIN`, `FLIGHT_CAPACITY`) VALUES (10, 7, 'South Kentonmouth', 'Kuvalisburgh', 78);
INSERT INTO FLIGHT_DETAIL (`FLIGHT_NUMBER`, `CREW`, `DESTINATION`, `ORIGIN`, `FLIGHT_CAPACITY`) VALUES (11, 9, 'South Adafurt', 'Leopoldofort', 70);
INSERT INTO FLIGHT_DETAIL (`FLIGHT_NUMBER`, `CREW`, `DESTINATION`, `ORIGIN`, `FLIGHT_CAPACITY`) VALUES (12, 8, 'West Bell', 'Blockland', 38);
INSERT INTO FLIGHT_DETAIL (`FLIGHT_NUMBER`, `CREW`, `DESTINATION`, `ORIGIN`, `FLIGHT_CAPACITY`) VALUES (13, 4, 'Pagacmouth', 'Erdmanburgh', 73);
INSERT INTO FLIGHT_DETAIL (`FLIGHT_NUMBER`, `CREW`, `DESTINATION`, `ORIGIN`, `FLIGHT_CAPACITY`) VALUES (14, 7, 'Tannerstad', 'Hyattbury', 95);
INSERT INTO FLIGHT_DETAIL (`FLIGHT_NUMBER`, `CREW`, `DESTINATION`, `ORIGIN`, `FLIGHT_CAPACITY`) VALUES (15, 7, 'Port Holden', 'Hahnhaven', 47);
INSERT INTO FLIGHT_DETAIL (`FLIGHT_NUMBER`, `CREW`, `DESTINATION`, `ORIGIN`, `FLIGHT_CAPACITY`) VALUES (16, 6, 'Framifort', 'New Marcelinamouth', 41);
INSERT INTO FLIGHT_DETAIL (`FLIGHT_NUMBER`, `CREW`, `DESTINATION`, `ORIGIN`, `FLIGHT_CAPACITY`) VALUES (17, 4, 'West Wyman', 'Vadamouth', 69);
INSERT INTO FLIGHT_DETAIL (`FLIGHT_NUMBER`, `CREW`, `DESTINATION`, `ORIGIN`, `FLIGHT_CAPACITY`) VALUES (18, 8, 'Bartellberg', 'Yostberg', 36);
INSERT INTO FLIGHT_DETAIL (`FLIGHT_NUMBER`, `CREW`, `DESTINATION`, `ORIGIN`, `FLIGHT_CAPACITY`) VALUES (19, 5, 'East Lorenzaside', 'East Darrinton', 26);
INSERT INTO FLIGHT_DETAIL (`FLIGHT_NUMBER`, `CREW`, `DESTINATION`, `ORIGIN`, `FLIGHT_CAPACITY`) VALUES (20, 8, 'Farrellland', 'Maxbury', 73);



#
# TABLE STRUCTURE FOR: PASSENGER_DETAIL
#

INSERT INTO PASSENGER_DETAIL (`PASSENGER_ID`, `FIRSTNAME`, `SURNAME`, `DOB`, `ADDRESS`) VALUES (1, 'Nia', 'White', '1986-09-26', '92616 Korbin Cliff Suite 138\nSouth Mittieville, AR 33142');
INSERT INTO PASSENGER_DETAIL (`PASSENGER_ID`, `FIRSTNAME`, `SURNAME`, `DOB`, `ADDRESS`) VALUES (2, 'Gerald', 'Bernier', '1986-10-15', '62694 Freddy Mills Apt. 560\nNew Elainaland, KY 84106');
INSERT INTO PASSENGER_DETAIL (`PASSENGER_ID`, `FIRSTNAME`, `SURNAME`, `DOB`, `ADDRESS`) VALUES (3, 'Rod', 'Cole', '1972-04-01', '05896 Clemens Drive\nHansenfurt, KY 91623-0386');
INSERT INTO PASSENGER_DETAIL (`PASSENGER_ID`, `FIRSTNAME`, `SURNAME`, `DOB`, `ADDRESS`) VALUES (4, 'Carley', 'Gerlach', '1997-04-03', '915 Eichmann Heights Apt. 349\nNorth Forestchester, VA 37039');
INSERT INTO PASSENGER_DETAIL (`PASSENGER_ID`, `FIRSTNAME`, `SURNAME`, `DOB`, `ADDRESS`) VALUES (5, 'Zackary', 'Stracke', '1995-02-23', '331 Hyatt Extensions\nNew Mathew, NJ 77143-0169');
INSERT INTO PASSENGER_DETAIL (`PASSENGER_ID`, `FIRSTNAME`, `SURNAME`, `DOB`, `ADDRESS`) VALUES (6, 'Ericka', 'Prosacco', '1998-04-08', '40273 Frami Port\nEast Daynaview, HI 64295-4411');
INSERT INTO PASSENGER_DETAIL (`PASSENGER_ID`, `FIRSTNAME`, `SURNAME`, `DOB`, `ADDRESS`) VALUES (7, 'Bennie', 'Kuvalis', '1983-07-22', '03153 Rutherford Run\nHegmannfort, WY 00473');
INSERT INTO PASSENGER_DETAIL (`PASSENGER_ID`, `FIRSTNAME`, `SURNAME`, `DOB`, `ADDRESS`) VALUES (8, 'Dariana', 'Larson', '1999-12-03', '8837 Ziemann Forge Suite 054\nOceanefurt, CA 97248');
INSERT INTO PASSENGER_DETAIL (`PASSENGER_ID`, `FIRSTNAME`, `SURNAME`, `DOB`, `ADDRESS`) VALUES (9, 'Garret', 'Eichmann', '2000-12-08', '5138 Julio Forges\nNakialand, IN 39555');
INSERT INTO PASSENGER_DETAIL (`PASSENGER_ID`, `FIRSTNAME`, `SURNAME`, `DOB`, `ADDRESS`) VALUES (10, 'Jazmin', 'Little', '2000-09-03', '1410 Kessler Court\nEast Christa, OR 86129');
INSERT INTO PASSENGER_DETAIL (`PASSENGER_ID`, `FIRSTNAME`, `SURNAME`, `DOB`, `ADDRESS`) VALUES (11, 'Idella', 'Heller', '1996-12-20', '8032 Stokes Keys Apt. 247\nEast Newton, CT 83788');
INSERT INTO PASSENGER_DETAIL (`PASSENGER_ID`, `FIRSTNAME`, `SURNAME`, `DOB`, `ADDRESS`) VALUES (12, 'Citlalli', 'Murray', '1989-03-17', '8536 Windler Center Apt. 191\nLefflerhaven, KY 71099');
INSERT INTO PASSENGER_DETAIL (`PASSENGER_ID`, `FIRSTNAME`, `SURNAME`, `DOB`, `ADDRESS`) VALUES (13, 'Conner', 'Tillman', '1988-12-21', '158 Curtis Extension Suite 163\nFlossiehaven, KS 66454');
INSERT INTO PASSENGER_DETAIL (`PASSENGER_ID`, `FIRSTNAME`, `SURNAME`, `DOB`, `ADDRESS`) VALUES (14, 'Courtney', 'Goodwin', '1997-07-05', '9445 Nichole Viaduct Suite 411\nZiemannland, NM 58160-0252');
INSERT INTO PASSENGER_DETAIL (`PASSENGER_ID`, `FIRSTNAME`, `SURNAME`, `DOB`, `ADDRESS`) VALUES (15, 'Uriah', 'Jacobi', '1981-06-02', '59174 Cremin Estates Apt. 668\nBauchtown, ME 30531-8263');
INSERT INTO PASSENGER_DETAIL (`PASSENGER_ID`, `FIRSTNAME`, `SURNAME`, `DOB`, `ADDRESS`) VALUES (16, 'Candelario', 'Bode', '1971-09-08', '035 Donna Vista Suite 886\nPort Sammymouth, WY 25773');
INSERT INTO PASSENGER_DETAIL (`PASSENGER_ID`, `FIRSTNAME`, `SURNAME`, `DOB`, `ADDRESS`) VALUES (17, 'Braxton', 'Jerde', '1994-04-20', '9564 Dominic Summit\nNew Jarretport, NC 65032-9203');
INSERT INTO PASSENGER_DETAIL (`PASSENGER_ID`, `FIRSTNAME`, `SURNAME`, `DOB`, `ADDRESS`) VALUES (18, 'Garfield', 'Stanton', '1987-07-10', '72094 Abel Motorway\nNicoleton, WA 88805');
INSERT INTO PASSENGER_DETAIL (`PASSENGER_ID`, `FIRSTNAME`, `SURNAME`, `DOB`, `ADDRESS`) VALUES (19, 'Jayme', 'Hane', '2000-10-05', '0853 Freddie Bypass\nSelenaberg, NC 72523');
INSERT INTO PASSENGER_DETAIL (`PASSENGER_ID`, `FIRSTNAME`, `SURNAME`, `DOB`, `ADDRESS`) VALUES (20, 'Earline', 'Donnelly', '1999-06-21', '49140 Hilpert Motorway\nSouth Keeley, NC 84897-5712');

#
# TABLE STRUCTURE FOR: RISK_DETAIL
#

INSERT INTO RISK_DETAIL (`RISK_TYPE_ID`, `RISK_SCORE`, `RISK_NAME`, `RISK_ACTION`) VALUES (1, 5, 'Smuggling', '');
INSERT INTO RISK_DETAIL (`RISK_TYPE_ID`, `RISK_SCORE`, `RISK_NAME`, `RISK_ACTION`) VALUES (2, 7, 'Terrorism', '');
INSERT INTO RISK_DETAIL (`RISK_TYPE_ID`, `RISK_SCORE`, `RISK_NAME`, `RISK_ACTION`) VALUES (3, 2, 'Fraud', '');
INSERT INTO RISK_DETAIL (`RISK_TYPE_ID`, `RISK_SCORE`, `RISK_NAME`, `RISK_ACTION`) VALUES (4, 6, 'Assault', '');
INSERT INTO RISK_DETAIL (`RISK_TYPE_ID`, `RISK_SCORE`, `RISK_NAME`, `RISK_ACTION`) VALUES (5, 3, 'Disorderly', '');
INSERT INTO RISK_DETAIL (`RISK_TYPE_ID`, `RISK_SCORE`, `RISK_NAME`, `RISK_ACTION`) VALUES (6, 7, 'Murder', '');
INSERT INTO RISK_DETAIL (`RISK_TYPE_ID`, `RISK_SCORE`, `RISK_NAME`, `RISK_ACTION`) VALUES (7, 5, 'Trafficking', '');


#
# TABLE STRUCTURE FOR: PASSENGER_AET_FLIGHT
#

INSERT INTO PASSENGER_AET_FLIGHT (`PASSENGER_ID`, `FLIGHT_NUMBER`) VALUES (3, 10);
INSERT INTO PASSENGER_AET_FLIGHT (`PASSENGER_ID`, `FLIGHT_NUMBER`) VALUES (15, 19);
INSERT INTO PASSENGER_AET_FLIGHT (`PASSENGER_ID`, `FLIGHT_NUMBER`) VALUES (12, 15);
INSERT INTO PASSENGER_AET_FLIGHT (`PASSENGER_ID`, `FLIGHT_NUMBER`) VALUES (11, 2);
INSERT INTO PASSENGER_AET_FLIGHT (`PASSENGER_ID`, `FLIGHT_NUMBER`) VALUES (11, 4);
INSERT INTO PASSENGER_AET_FLIGHT (`PASSENGER_ID`, `FLIGHT_NUMBER`) VALUES (11, 18);
INSERT INTO PASSENGER_AET_FLIGHT (`PASSENGER_ID`, `FLIGHT_NUMBER`) VALUES (8, 18);
INSERT INTO PASSENGER_AET_FLIGHT (`PASSENGER_ID`, `FLIGHT_NUMBER`) VALUES (18, 4);
INSERT INTO PASSENGER_AET_FLIGHT (`PASSENGER_ID`, `FLIGHT_NUMBER`) VALUES (4, 16);
INSERT INTO PASSENGER_AET_FLIGHT (`PASSENGER_ID`, `FLIGHT_NUMBER`) VALUES (3, 11);
INSERT INTO PASSENGER_AET_FLIGHT (`PASSENGER_ID`, `FLIGHT_NUMBER`) VALUES (11, 16);
INSERT INTO PASSENGER_AET_FLIGHT (`PASSENGER_ID`, `FLIGHT_NUMBER`) VALUES (2, 10);
INSERT INTO PASSENGER_AET_FLIGHT (`PASSENGER_ID`, `FLIGHT_NUMBER`) VALUES (8, 7);
INSERT INTO PASSENGER_AET_FLIGHT (`PASSENGER_ID`, `FLIGHT_NUMBER`) VALUES (4, 8);
INSERT INTO PASSENGER_AET_FLIGHT (`PASSENGER_ID`, `FLIGHT_NUMBER`) VALUES (10, 4);
INSERT INTO PASSENGER_AET_FLIGHT (`PASSENGER_ID`, `FLIGHT_NUMBER`) VALUES (5, 3);
INSERT INTO PASSENGER_AET_FLIGHT (`PASSENGER_ID`, `FLIGHT_NUMBER`) VALUES (16, 9);
INSERT INTO PASSENGER_AET_FLIGHT (`PASSENGER_ID`, `FLIGHT_NUMBER`) VALUES (15, 14);
INSERT INTO PASSENGER_AET_FLIGHT (`PASSENGER_ID`, `FLIGHT_NUMBER`) VALUES (8, 17);
INSERT INTO PASSENGER_AET_FLIGHT (`PASSENGER_ID`, `FLIGHT_NUMBER`) VALUES (15, 16);
INSERT INTO PASSENGER_AET_FLIGHT (`PASSENGER_ID`, `FLIGHT_NUMBER`) VALUES (1, 13);
INSERT INTO PASSENGER_AET_FLIGHT (`PASSENGER_ID`, `FLIGHT_NUMBER`) VALUES (14, 19);
INSERT INTO PASSENGER_AET_FLIGHT (`PASSENGER_ID`, `FLIGHT_NUMBER`) VALUES (11, 8);
INSERT INTO PASSENGER_AET_FLIGHT (`PASSENGER_ID`, `FLIGHT_NUMBER`) VALUES (9, 16);
INSERT INTO PASSENGER_AET_FLIGHT (`PASSENGER_ID`, `FLIGHT_NUMBER`) VALUES (9, 19);
INSERT INTO PASSENGER_AET_FLIGHT (`PASSENGER_ID`, `FLIGHT_NUMBER`) VALUES (6, 5);
INSERT INTO PASSENGER_AET_FLIGHT (`PASSENGER_ID`, `FLIGHT_NUMBER`) VALUES (4, 7);
INSERT INTO PASSENGER_AET_FLIGHT (`PASSENGER_ID`, `FLIGHT_NUMBER`) VALUES (2, 10);
INSERT INTO PASSENGER_AET_FLIGHT (`PASSENGER_ID`, `FLIGHT_NUMBER`) VALUES (16, 9);
INSERT INTO PASSENGER_AET_FLIGHT (`PASSENGER_ID`, `FLIGHT_NUMBER`) VALUES (16, 14);
INSERT INTO PASSENGER_AET_FLIGHT (`PASSENGER_ID`, `FLIGHT_NUMBER`) VALUES (2, 7);
INSERT INTO PASSENGER_AET_FLIGHT (`PASSENGER_ID`, `FLIGHT_NUMBER`) VALUES (1, 5);
INSERT INTO PASSENGER_AET_FLIGHT (`PASSENGER_ID`, `FLIGHT_NUMBER`) VALUES (3, 19);
INSERT INTO PASSENGER_AET_FLIGHT (`PASSENGER_ID`, `FLIGHT_NUMBER`) VALUES (2, 12);
INSERT INTO PASSENGER_AET_FLIGHT (`PASSENGER_ID`, `FLIGHT_NUMBER`) VALUES (10, 18);
INSERT INTO PASSENGER_AET_FLIGHT (`PASSENGER_ID`, `FLIGHT_NUMBER`) VALUES (20, 12);
INSERT INTO PASSENGER_AET_FLIGHT (`PASSENGER_ID`, `FLIGHT_NUMBER`) VALUES (20, 18);
INSERT INTO PASSENGER_AET_FLIGHT (`PASSENGER_ID`, `FLIGHT_NUMBER`) VALUES (10, 11);
INSERT INTO PASSENGER_AET_FLIGHT (`PASSENGER_ID`, `FLIGHT_NUMBER`) VALUES (18, 11);
INSERT INTO PASSENGER_AET_FLIGHT (`PASSENGER_ID`, `FLIGHT_NUMBER`) VALUES (8, 6);


#
# TABLE STRUCTURE FOR: PASSENGER_AET_RISK
#

INSERT INTO PASSENGER_AET_RISK (`PASSENGER_ID`, `RISK_TYPE_ID`) VALUES (20, 4);
INSERT INTO PASSENGER_AET_RISK (`PASSENGER_ID`, `RISK_TYPE_ID`) VALUES (2, 2);
INSERT INTO PASSENGER_AET_RISK (`PASSENGER_ID`, `RISK_TYPE_ID`) VALUES (12, 6);
INSERT INTO PASSENGER_AET_RISK (`PASSENGER_ID`, `RISK_TYPE_ID`) VALUES (10, 1);
INSERT INTO PASSENGER_AET_RISK (`PASSENGER_ID`, `RISK_TYPE_ID`) VALUES (16, 1);
INSERT INTO PASSENGER_AET_RISK (`PASSENGER_ID`, `RISK_TYPE_ID`) VALUES (15, 3);
INSERT INTO PASSENGER_AET_RISK (`PASSENGER_ID`, `RISK_TYPE_ID`) VALUES (3, 5);
INSERT INTO PASSENGER_AET_RISK (`PASSENGER_ID`, `RISK_TYPE_ID`) VALUES (1, 7);
INSERT INTO PASSENGER_AET_RISK (`PASSENGER_ID`, `RISK_TYPE_ID`) VALUES (19, 4);
INSERT INTO PASSENGER_AET_RISK (`PASSENGER_ID`, `RISK_TYPE_ID`) VALUES (11, 4);
INSERT INTO PASSENGER_AET_RISK (`PASSENGER_ID`, `RISK_TYPE_ID`) VALUES (19, 5);
INSERT INTO PASSENGER_AET_RISK (`PASSENGER_ID`, `RISK_TYPE_ID`) VALUES (14, 2);
INSERT INTO PASSENGER_AET_RISK (`PASSENGER_ID`, `RISK_TYPE_ID`) VALUES (11, 5);
INSERT INTO PASSENGER_AET_RISK (`PASSENGER_ID`, `RISK_TYPE_ID`) VALUES (13, 4);
INSERT INTO PASSENGER_AET_RISK (`PASSENGER_ID`, `RISK_TYPE_ID`) VALUES (10, 5);
INSERT INTO PASSENGER_AET_RISK (`PASSENGER_ID`, `RISK_TYPE_ID`) VALUES (1, 7);
INSERT INTO PASSENGER_AET_RISK (`PASSENGER_ID`, `RISK_TYPE_ID`) VALUES (12, 3);
INSERT INTO PASSENGER_AET_RISK (`PASSENGER_ID`, `RISK_TYPE_ID`) VALUES (16, 2);
INSERT INTO PASSENGER_AET_RISK (`PASSENGER_ID`, `RISK_TYPE_ID`) VALUES (11, 1);
INSERT INTO PASSENGER_AET_RISK (`PASSENGER_ID`, `RISK_TYPE_ID`) VALUES (20, 5);
