[
    {
        "type": "message",
        "user": "U7Q8KM62X",
        "text": "Rob thanks for your excellent work!",
        "ts": "1510218697.000105"
    },
    {
        "type": "message",
        "user": "U7Q8KM62X",
        "text": "guys I would like to see some daily meetings in here!",
        "ts": "1510218800.000247"
    },
    {
        "type": "message",
        "user": "U7RE90REK",
        "text": "Good morning all, I've had a look at the project material on BlackBoard",
        "ts": "1510219577.000237"
    },
    {
        "type": "message",
        "user": "U7Q8KM62X",
        "text": "<@U7TAF6RMF> <@U7Q9MGYN8> <@U7RE90REK> <@U7Q6YMWN4> OK guys we need to speed up our progress, I would like to know what has stoped you from not having your daily meeting?",
        "ts": "1510219594.000079"
    },
    {
        "type": "message",
        "user": "U7RE90REK",
        "text": "We need to have an initial meeting to create a product backlog, you're the customer Ben? Rob is the scrumMaster so I guess the rest of us need roles too.",
        "ts": "1510219727.000115"
    },
    {
        "type": "message",
        "user": "U7TAF6RMF",
        "text": "Hi good morning everyone I hope you have read the assessment if not please read it because we have to start working on it and have a daily meeting ...thanks Omer",
        "attachments": [
            {
                "fallback": "[November 2nd, 2017 11:54 AM] a025924f: <@U7TAF6RMF> has joined the channel",
                "ts": "1509623675.000171",
                "msg_subtype": "channel_join",
                "author_id": "U7TAF6RMF",
                "author_subname": "Omer Adia",
                "channel_id": "C7RAKU5TR",
                "channel_name": "general",
                "is_msg_unfurl": true,
                "text": "<@U7TAF6RMF> has joined the channel",
                "author_name": "Omer Adia",
                "author_link": "https:\/\/staffsmscasd.slack.com\/team\/U7TAF6RMF",
                "author_icon": "https:\/\/secure.gravatar.com\/avatar\/cc265a6cbaa9f5b189132b208715039f.jpg?s=48&d=https%3A%2F%2Fa.slack-edge.com%2F66f9%2Fimg%2Favatars%2Fava_0013-48.png",
                "mrkdwn_in": [
                    "text"
                ],
                "color": "D0D0D0",
                "from_url": "https:\/\/staffsmscasd.slack.com\/archives\/C7RAKU5TR\/p1509623675000171",
                "is_share": true,
                "footer": "Posted in #general"
            }
        ],
        "ts": "1510219741.000057"
    },
    {
        "type": "message",
        "user": "U7RE90REK",
        "text": "Shouldn't the ScrumMaster be organising the meetings?",
        "ts": "1510219897.000014"
    },
    {
        "type": "message",
        "user": "U7Q8KM62X",
        "text": "basically, some DL students like Marina might not be able to be available during the day, so please make sure you send her the information and update her with the tasks. I will be available to answer your questions",
        "ts": "1510219906.000038"
    },
    {
        "type": "message",
        "user": "U7RE90REK",
        "text": "What format are the meetings taking? Voice? video? chat?",
        "ts": "1510219950.000106"
    },
    {
        "type": "message",
        "user": "U7RE90REK",
        "text": "and what time?",
        "ts": "1510219953.000370"
    },
    {
        "type": "message",
        "user": "U7Q8KM62X",
        "text": "It is important to read the assignment requirement, and also what product owner asked you to develop. I will give you more information on next session when it is at 11 am today!",
        "ts": "1510219975.000271"
    },
    {
        "type": "message",
        "user": "U7Q8KM62X",
        "text": "<@U7RE90REK> this should be discussed with other team members, but I believe you can use the skype! Rob is the scrum master!",
        "ts": "1510220015.000249"
    },
    {
        "type": "message",
        "user": "U7RE90REK",
        "text": "Ok I can generally make a meeting on Monday and Thursday when I work from home or after 6pm  any evening",
        "ts": "1510220225.000135"
    },
    {
        "user": "U7XGJRZ9S",
        "text": "<@U7XGJRZ9S> has joined the channel",
        "type": "message",
        "subtype": "channel_join",
        "ts": "1510220252.000359"
    },
    {
        "type": "message",
        "user": "U7Q8KM62X",
        "text": "<@U7XGJRZ9S> welcome to the board!",
        "ts": "1510220273.000359"
    },
    {
        "type": "message",
        "user": "U7RE90REK",
        "text": "Ben maybe if there's are a few distance learners we can have an evening meeting in addition to the morning one just so we don't miss out on the personal collaboration element.",
        "ts": "1510220317.000436"
    },
    {
        "type": "message",
        "user": "U7RE90REK",
        "text": "Hi Omer, Badi",
        "ts": "1510220362.000283"
    },
    {
        "type": "message",
        "user": "U7XGJRZ9S",
        "text": "Hi all, thank you for adding me at your group :slightly_smiling_face:",
        "ts": "1510220393.000317"
    },
    {
        "type": "message",
        "user": "U7Q8KM62X",
        "text": "<@U7RE90REK> sure, thanks for the information. <@U7TAF6RMF> <@U7XGJRZ9S> <@U7Q9MGYN8> <@U7Q6YMWN4> please make sure that you can have minimum of 3 daily meetings every week!",
        "ts": "1510220467.000190"
    },
    {
        "type": "message",
        "user": "U7TAF6RMF",
        "text": "Hi Lubangu welcome to the group ",
        "ts": "1510220537.000361"
    },
    {
        "type": "message",
        "user": "U7Q8KM62X",
        "text": "<@U7XGJRZ9S> please read the assignment requirement on the BB. and then check with <@U7Q9MGYN8> to discuss the requirement in details.",
        "ts": "1510220558.000191"
    },
    {
        "type": "message",
        "user": "U7XGJRZ9S",
        "text": "thank you Omer,",
        "ts": "1510220571.000222"
    },
    {
        "type": "message",
        "user": "U7XGJRZ9S",
        "text": "ok will do,",
        "ts": "1510220598.000045"
    },
    {
        "type": "message",
        "user": "U7TAF6RMF",
        "text": "Do you know which days are your available for the meetings",
        "ts": "1510220613.000278"
    },
    {
        "type": "message",
        "user": "U7XGJRZ9S",
        "text": "I will need to know the duration first and days as i am presently working,",
        "ts": "1510220674.000441"
    },
    {
        "type": "message",
        "user": "U7RE90REK",
        "text": "Same here",
        "ts": "1510220687.000170"
    },
    {
        "type": "message",
        "user": "U7XGJRZ9S",
        "text": "It will need me to take some time off or plan beforehand",
        "ts": "1510220704.000074"
    },
    {
        "type": "message",
        "user": "U7XGJRZ9S",
        "text": "how long normally is the duration of a meeting?",
        "ts": "1510220746.000371"
    },
    {
        "type": "message",
        "user": "U7RE90REK",
        "text": "It would be useful to have one meeting with everyone on to discuss what we're doing and times we can make a meeting.",
        "ts": "1510220753.000071"
    },
    {
        "type": "message",
        "user": "U7XGJRZ9S",
        "text": "any suggestion, on days and time?",
        "ts": "1510220793.000118"
    },
    {
        "type": "message",
        "user": "U7XGJRZ9S",
        "text": "if the duration is less than one hour, i can manage to squeeze in my schedule",
        "ts": "1510220840.000272"
    },
    {
        "type": "message",
        "user": "U7TAF6RMF",
        "text": "It is 15 to 20 minutes ",
        "ts": "1510220845.000014"
    },
    {
        "type": "message",
        "user": "U7XGJRZ9S",
        "text": "duration is perfect, any possibility on considering one meeting on Saturday?",
        "ts": "1510220896.000191"
    },
    {
        "type": "message",
        "user": "U7XGJRZ9S",
        "text": "3 meetings per week, can one be held on saturday?:) just a suggestion",
        "ts": "1510220963.000005"
    },
    {
        "type": "message",
        "user": "U7RE90REK",
        "text": "that's fine for the daily standup but what about the sprint planning, sprint review etc?",
        "ts": "1510220982.000139"
    },
    {
        "type": "message",
        "user": "U7RE90REK",
        "text": "Surely before we start daily standups we need a scrum planning meeting to create the product backlog?",
        "ts": "1510221012.000058"
    },
    {
        "type": "message",
        "user": "U7RE90REK",
        "text": "then create a sprint backlog and have the daily meetings?",
        "ts": "1510221027.000476"
    },
    {
        "type": "message",
        "user": "U7XGJRZ9S",
        "text": "yes that's sounds right for me as well, what about the rest of the team?",
        "ts": "1510221077.000198"
    },
    {
        "type": "message",
        "user": "U7RE90REK",
        "text": "I think we need an initial preferably evening meeting with everyone to kick off the scrum",
        "ts": "1510221091.000017"
    },
    {
        "type": "message",
        "user": "U7RE90REK",
        "text": "then in that meeting create the product backlog and decide on the daily standup",
        "ts": "1510221108.000184"
    },
    {
        "type": "message",
        "user": "U7RE90REK",
        "text": "most of us are distance with day jobs so it would make sense to have the meetings on an evening",
        "ts": "1510221133.000365"
    },
    {
        "type": "message",
        "user": "U7RE90REK",
        "text": "even if the onsite guys have a daily standup through the day",
        "ts": "1510221149.000534"
    },
    {
        "type": "message",
        "user": "U7RE90REK",
        "text": "we just get the info in two chunks",
        "ts": "1510221165.000438"
    },
    {
        "type": "message",
        "user": "U7RE90REK",
        "text": "is everyone on the course UK based Ben?",
        "thread_ts": "1510221185.000266",
        "reply_count": 1,
        "replies": [
            {
                "user": "U7Q8KM62X",
                "ts": "1510221519.000263"
            }
        ],
        "unread_count": 1,
        "ts": "1510221185.000266"
    },
    {
        "type": "message",
        "user": "U7XGJRZ9S",
        "text": "that will be perfect, can we decide on the day and the time then?",
        "ts": "1510221198.000330"
    },
    {
        "type": "message",
        "user": "U7RE90REK",
        "text": "I can do it today any time as long as I've got some notice, I'm working from home.",
        "ts": "1510221232.000058"
    },
    {
        "type": "message",
        "user": "U7XGJRZ9S",
        "text": "looks like Rob and Martina are not part of this discussion, I think we will need their approval too.",
        "ts": "1510221255.000550"
    },
    {
        "type": "message",
        "user": "U7RE90REK",
        "text": "agreed",
        "ts": "1510221297.000179"
    },
    {
        "type": "message",
        "user": "U7XGJRZ9S",
        "text": "can we may be send an email to all members and decide on the date and time of the first meeting then we can schedule the occurrence of the next ones from there?",
        "ts": "1510221427.000460"
    },
    {
        "type": "message",
        "user": "U7Q8KM62X",
        "text": "ok guys we will have another meeting today at 11am",
        "ts": "1510221437.000327"
    },
    {
        "type": "message",
        "user": "U7XGJRZ9S",
        "text": "Ok,",
        "ts": "1510221465.000217"
    },
    {
        "type": "message",
        "user": "U7RE90REK",
        "text": "is that on skype Ben?",
        "ts": "1510221475.000490"
    },
    {
        "type": "message",
        "user": "U7Q8KM62X",
        "text": "yes",
        "thread_ts": "1510221185.000266",
        "parent_user_id": "U7RE90REK",
        "ts": "1510221519.000263"
    },
    {
        "type": "message",
        "user": "U7TAF6RMF",
        "text": "For me is not a big issue evening meetings but some times I have a night shift ",
        "ts": "1510221523.000241"
    },
    {
        "type": "message",
        "user": "U7RE90REK",
        "text": "can you send an outlook meeting request for these meeting? as I wasn't aware",
        "ts": "1510221528.000336"
    },
    {
        "type": "message",
        "user": "U7Q8KM62X",
        "text": "<@U7RE90REK> I think so, but I will check and will confirm it shortly",
        "ts": "1510221556.000207"
    },
    {
        "type": "message",
        "user": "U7RE90REK",
        "text": "That's good Omer with it being 15 mins fingers crossed we can all find a mutually convenient time.",
        "ts": "1510221609.000305"
    },
    {
        "type": "message",
        "user": "U7TAF6RMF",
        "text": "That is great guys ",
        "ts": "1510222112.000270"
    },
    {
        "type": "message",
        "subtype": "file_share",
        "text": "<@U7Q8KM62X> uploaded a file: <https:\/\/staffsmscasd.slack.com\/files\/U7Q8KM62X\/F7WS06L8G\/greenline_systems__scenario_and_todotask.docx|GreenLine Systems_ scenario_and_ToDoTask.docx> and commented: This is information where Highlights what stakeholders asked us to do for them",
        "file": {
            "id": "F7WS06L8G",
            "created": 1510223570,
            "timestamp": 1510223570,
            "name": "GreenLine Systems_ scenario_and_ToDoTask.docx",
            "title": "GreenLine Systems_ scenario_and_ToDoTask.docx",
            "mimetype": "application\/vnd.openxmlformats-officedocument.wordprocessingml.document",
            "filetype": "docx",
            "pretty_type": "Word Document",
            "user": "U7Q8KM62X",
            "editable": false,
            "size": 15952,
            "mode": "hosted",
            "is_external": false,
            "external_type": "",
            "is_public": true,
            "public_url_shared": false,
            "display_as_bot": false,
            "username": "",
            "url_private": "https:\/\/files.slack.com\/files-pri\/T7RAKTH4P-F7WS06L8G\/greenline_systems__scenario_and_todotask.docx?t=xoxe-263359935159-292458754854-292661168359-e806266536aef25ba66365face8c3112",
            "url_private_download": "https:\/\/files.slack.com\/files-pri\/T7RAKTH4P-F7WS06L8G\/download\/greenline_systems__scenario_and_todotask.docx?t=xoxe-263359935159-292458754854-292661168359-e806266536aef25ba66365face8c3112",
            "permalink": "https:\/\/staffsmscasd.slack.com\/files\/U7Q8KM62X\/F7WS06L8G\/greenline_systems__scenario_and_todotask.docx",
            "permalink_public": "https:\/\/slack-files.com\/T7RAKTH4P-F7WS06L8G-18337c54f5",
            "channels": [],
            "groups": [],
            "ims": [],
            "comments_count": 1,
            "initial_comment": {
                "id": "Fc7YJ9BY87",
                "created": 1510223570,
                "timestamp": 1510223570,
                "user": "U7Q8KM62X",
                "is_intro": true,
                "comment": "This is information where Highlights what stakeholders asked us to do for them"
            }
        },
        "user": "U7Q8KM62X",
        "upload": true,
        "display_as_bot": false,
        "username": "b.b.bastaki",
        "bot_id": null,
        "ts": "1510223571.000119"
    },
    {
        "type": "message",
        "user": "U7TAF6RMF",
        "text": "H taksixs",
        "ts": "1510223963.000115"
    },
    {
        "user": "U7YJDN73R",
        "text": "<@U7YJDN73R> has joined the channel",
        "type": "message",
        "subtype": "channel_join",
        "ts": "1510224166.000203"
    },
    {
        "type": "message",
        "user": "U7TAF6RMF",
        "text": "Have you got the link Leo I have sent it to you",
        "ts": "1510224612.000290"
    },
    {
        "type": "message",
        "user": "U7Q9MGYN8",
        "text": "Hi guys, making my way in now for the 11am meeting. For some reason I didn't get notified for the previous messages.",
        "ts": "1510224686.000167"
    },
    {
        "type": "message",
        "user": "U7Q9MGYN8",
        "text": "Are we still trying to find suitable times\/days for standups?",
        "ts": "1510224733.000309"
    },
    {
        "type": "message",
        "user": "U7TAF6RMF",
        "text": "We are in S205",
        "ts": "1510225143.000055"
    },
    {
        "type": "message",
        "user": "U7RE90REK",
        "text": "How are we doing the meeting?",
        "ts": "1510225263.000041"
    },
    {
        "type": "message",
        "user": "U7TAF6RMF",
        "text": "We are at the university now and we are trying Skype ",
        "ts": "1510225379.000249"
    },
    {
        "type": "message",
        "user": "U7Q8KM62X",
        "text": "<@U7XGJRZ9S> have you join us on the skype?",
        "ts": "1510225412.000148"
    },
    {
        "type": "message",
        "user": "U7RE90REK",
        "text": "I'm online on skype how do I join the call? can you add me ?",
        "ts": "1510225622.000217"
    },
    {
        "type": "message",
        "user": "U7XGJRZ9S",
        "text": "hi, i have not been added to skype.",
        "ts": "1510225784.000184"
    },
    {
        "type": "message",
        "user": "U7XGJRZ9S",
        "text": "what is the group name?",
        "ts": "1510225804.000286"
    },
    {
        "type": "message",
        "user": "U7XGJRZ9S",
        "text": "or how can I join? :slightly_smiling_face:",
        "ts": "1510225898.000185"
    },
    {
        "type": "message",
        "user": "U7TAF6RMF",
        "text": "Hi Badi it is Skye for Business ",
        "ts": "1510225935.000143"
    },
    {
        "type": "message",
        "user": "U7XGJRZ9S",
        "text": "Ok, let me see if I can found my way in.",
        "ts": "1510226095.000398"
    },
    {
        "type": "message",
        "user": "U7RE90REK",
        "text": "Install Skype for Business and log in with your uni email and password",
        "ts": "1510226129.000195"
    },
    {
        "text": "",
        "bot_id": "B7TMZ8CSX",
        "attachments": [
            {
                "fallback": "[StaffsMSC-ASD\/ProjectPTS] Issue created: \"#1 Model the database structure\" https:\/\/github.com\/StaffsMSC-ASD\/ProjectPTS\/issues\/1 by h009529c",
                "text": "Entity relationship diagram required for database model",
                "pretext": "[StaffsMSC-ASD\/ProjectPTS] Issue created by <https:\/\/github.com\/h009529c|h009529c>",
                "title": "#1 Model the database structure",
                "id": 1,
                "title_link": "https:\/\/github.com\/StaffsMSC-ASD\/ProjectPTS\/issues\/1",
                "color": "F29513",
                "mrkdwn_in": [
                    "text",
                    "pretext"
                ]
            }
        ],
        "type": "message",
        "subtype": "bot_message",
        "ts": "1510234751.000166"
    },
    {
        "text": "removed an integration from this channel: <https:\/\/staffsmscasd.slack.com\/services\/B7TMZ8CSX|GitHub>",
        "bot_id": "B7TMZ8CSX",
        "bot_link": "<https:\/\/staffsmscasd.slack.com\/services\/B7TMZ8CSX|GitHub>",
        "type": "message",
        "subtype": "bot_remove",
        "user": "U7Q9MGYN8",
        "ts": "1510234930.000128"
    },
    {
        "type": "message",
        "user": "U7Q6YMWN4",
        "text": "Hi I have not been part of this discussion. I don`t have personal internet access at work.",
        "ts": "1510262688.000373"
    },
    {
        "type": "message",
        "user": "U7RE90REK",
        "text": "We just started talking today really",
        "ts": "1510262755.000393"
    },
    {
        "type": "message",
        "user": "U7RE90REK",
        "text": "we've been trying to find a time that everyone can make the daily standup",
        "ts": "1510262767.000310"
    },
    {
        "type": "message",
        "user": "U7RE90REK",
        "text": "There's the material for the project on Blackboard and if you scroll up Ben has attached a file to this chat with some more information",
        "ts": "1510262850.000205"
    },
    {
        "type": "message",
        "user": "U7Q6YMWN4",
        "text": "Thank you, I have seen the assignment on the blackboard and the file Ben attached.",
        "ts": "1510268159.000273"
    }
]