[
    {
        "type": "message",
        "user": "U7Q9MGYN8",
        "text": "<!everyone> for anyone that is available, we will be holding a meeting at 1:15pm using university skype",
        "ts": "1511438333.000431"
    },
    {
        "type": "message",
        "user": "U7Q9MGYN8",
        "text": "<!everyone> to confirm the details for the remote server connection:\n\nHost: dev.rhartley.tech\nUser: asdtesting\nPass: AsdServ321\n\nDatabase credentials for any connection code:\n\nHost: mysql\nUser: asd\nPass: asd\nDB: asd",
        "ts": "1511442096.000152"
    },
    {
        "type": "message",
        "user": "U7Q9MGYN8",
        "text": "Omer is currently connected so give it 15 minutes if you plan to connect",
        "ts": "1511442189.000197"
    },
    {
        "type": "message",
        "user": "U7Q9MGYN8",
        "text": "<!everyone> Hello everyone, here is a rundown of the discussions from todays lecture sessions for us to review: <https:\/\/www.evernote.com\/shard\/s246\/sh\/fc146222-a3fc-4270-8a13-c92e8ed786f5\/e125b532c3f62f919e405b16f5e62ebb>",
        "attachments": [
            {
                "service_name": "Evernote",
                "title": "Meeting 23\/11 - Sprint 2 planning",
                "title_link": "https:\/\/www.evernote.com\/shard\/s246\/sh\/fc146222-a3fc-4270-8a13-c92e8ed786f5\/e125b532c3f62f919e405b16f5e62ebb",
                "text": "Structure changes to database (Rob): Move risk score to RISK_DETAIL Normalize tables to eliminate many-to-many (adding Associative entity tables) Refactor init script Add table for users (username, pa...",
                "fallback": "Evernote: Meeting 23\/11 - Sprint 2 planning",
                "thumb_url": "https:\/\/cdn1.evernote.com\/evernote.com\/img\/social-meta\/shared-note-thumbnail.png",
                "from_url": "https:\/\/www.evernote.com\/shard\/s246\/sh\/fc146222-a3fc-4270-8a13-c92e8ed786f5\/e125b532c3f62f919e405b16f5e62ebb",
                "thumb_width": 200,
                "thumb_height": 200,
                "service_icon": "https:\/\/www.evernote.com\/favicon.ico",
                "id": 1
            }
        ],
        "ts": "1511460972.000219"
    },
    {
        "type": "message",
        "user": "U7Q9MGYN8",
        "text": "From this, we should start to identify tasks to carry out, add it to the board\/backlog, and then go from there",
        "ts": "1511461030.000261"
    },
    {
        "type": "message",
        "user": "U7RE90REK",
        "text": "Thanks Rob",
        "ts": "1511463099.000097"
    },
    {
        "type": "message",
        "user": "U7RE90REK",
        "text": "did you discuss what functionality is most important for the next sprint?",
        "ts": "1511463110.000135"
    },
    {
        "type": "message",
        "user": "U7Q9MGYN8",
        "text": "The main point was getting the core parts functional, so logging into the system and getting a data view would be the main start, followed by drill down for risk\/flight details screens",
        "ts": "1511463219.000229"
    },
    {
        "type": "message",
        "user": "U7Q9MGYN8",
        "text": "At this point I think its just a matter of having something to demonstrate",
        "ts": "1511463237.000106"
    },
    {
        "type": "message",
        "user": "U7RE90REK",
        "text": "Ok because we need some way to prioritize what we deliver",
        "ts": "1511463259.000096"
    },
    {
        "type": "message",
        "user": "U7RE90REK",
        "text": "Are we going to try to get a map that plots people to countries?",
        "ts": "1511463306.000038"
    },
    {
        "type": "message",
        "user": "U7RE90REK",
        "text": "graphically?",
        "ts": "1511463310.000101"
    },
    {
        "type": "message",
        "user": "U7RE90REK",
        "text": "or just do searches and display the information?",
        "ts": "1511463321.000130"
    },
    {
        "type": "message",
        "user": "U7RE90REK",
        "text": "I was thinking of using HTM5 canvas and JavaScript if we wanted to do the graphical thing",
        "ts": "1511463341.000009"
    },
    {
        "type": "message",
        "user": "U7RE90REK",
        "text": "but I don't want to bog the whole thing down with something quite complex that isn't that important.",
        "ts": "1511463356.000065"
    },
    {
        "type": "message",
        "user": "U7Q9MGYN8",
        "text": "Map functionality was a stretch goal originally. I think we need to prioritise how we connect the HTML to the PHP for a data grid, whether its Forms and AJAX or Inline PHP, so that the core of the program is up and running. Leo and Omer arent here tonight so we cant really something we can discuss in depth but I would say getting that finalised is our focus point",
        "ts": "1511463504.000232"
    },
    {
        "type": "message",
        "user": "U7RE90REK",
        "text": "Ok that's fine",
        "ts": "1511463688.000046"
    },
    {
        "type": "message",
        "user": "U7RE90REK",
        "text": "Hi Marina, Ben",
        "ts": "1511463698.000018"
    },
    {
        "type": "message",
        "user": "U7Q6YMWN4",
        "text": "Hi Takis",
        "ts": "1511463723.000046"
    },
    {
        "type": "message",
        "user": "U7Q6YMWN4",
        "text": "does that mean we don`t discuss front  yet",
        "ts": "1511463756.000036"
    },
    {
        "type": "message",
        "user": "U7RE90REK",
        "text": "Ok lets have 15 minute chat about what we can",
        "ts": "1511463762.000270"
    },
    {
        "type": "message",
        "user": "U7RE90REK",
        "text": "Not having the map is a big bonus to be honest",
        "ts": "1511463776.000015"
    },
    {
        "type": "message",
        "user": "U7RE90REK",
        "text": "we can concentrate on getting what Rob has said implemented.",
        "ts": "1511463794.000025"
    },
    {
        "type": "message",
        "user": "U7RE90REK",
        "text": "Rob am I right in thinking this is the final sprint?",
        "ts": "1511463832.000097"
    },
    {
        "type": "message",
        "user": "U7RE90REK",
        "text": "That's what the timetable says",
        "ts": "1511463844.000109"
    },
    {
        "type": "message",
        "user": "U7Q9MGYN8",
        "text": "Yes, I think the timetable was designed around 2 sprints, with us demonstrating on the 14th December and Submitting on the 27th",
        "edited": {
            "user": "U7Q9MGYN8",
            "ts": "1511463969.000000"
        },
        "ts": "1511463964.000008"
    },
    {
        "type": "message",
        "user": "U7Q6YMWN4",
        "text": "but does that mean it is not necessary that the project is complete",
        "ts": "1511464015.000101"
    },
    {
        "type": "message",
        "user": "U7Q6YMWN4",
        "text": "or we have to complete before that time",
        "ts": "1511464038.000079"
    },
    {
        "type": "message",
        "user": "U7RE90REK",
        "text": "we need to demostrate something working",
        "ts": "1511464066.000234"
    },
    {
        "type": "message",
        "user": "U7RE90REK",
        "text": "the items that Rob listed above",
        "ts": "1511464075.000051"
    },
    {
        "type": "message",
        "user": "U7Q9MGYN8",
        "text": "Data grid view for passengers, drill down views for flights\/passengers\/risk etc are core, if we can get those working, even if in a very basic form, then we can demonstrate it",
        "ts": "1511464129.000012"
    },
    {
        "type": "message",
        "user": "U7Q9MGYN8",
        "text": "We also have to show some testing too",
        "ts": "1511464159.000100"
    },
    {
        "type": "message",
        "user": "U7Q9MGYN8",
        "text": "I think Blackboard has a grading criteria if you want to check what is marked",
        "ts": "1511464206.000055"
    },
    {
        "type": "message",
        "user": "U7RE90REK",
        "text": "I didn't see the grading criteria",
        "ts": "1511464291.000191"
    },
    {
        "type": "message",
        "user": "U7RE90REK",
        "text": "I'll check, ok well there's our sprint backlog right there, and we'll break it down into tech activities",
        "ts": "1511464320.000199"
    },
    {
        "type": "message",
        "user": "U7RE90REK",
        "text": "what kind of uml diagrams do we need Rob?",
        "ts": "1511464339.000043"
    },
    {
        "type": "message",
        "user": "U7RE90REK",
        "text": "class diagram",
        "ts": "1511464346.000093"
    },
    {
        "type": "message",
        "user": "U7Q9MGYN8",
        "text": "Use Case and Sequence diagrams would be good starting points",
        "ts": "1511464474.000226"
    },
    {
        "type": "message",
        "user": "U7Q9MGYN8",
        "text": "Possible refactoring of any existing documents, like the storyboards or ERM",
        "ts": "1511464506.000241"
    },
    {
        "type": "message",
        "user": "U7RE90REK",
        "text": "ok",
        "ts": "1511464545.000146"
    },
    {
        "type": "message",
        "user": "U7RE90REK",
        "text": "I don't know if you agree but I was thinking of adding tasks to the spreadsheet that Ben provided as he mentioned today",
        "ts": "1511464576.000201"
    },
    {
        "type": "message",
        "user": "U7RE90REK",
        "text": "then people take their own tasks and put them on the board in github",
        "ts": "1511464586.000136"
    },
    {
        "type": "message",
        "user": "U7Q9MGYN8",
        "text": "Yes sorry I thought I wrote that in my notes, that was what Ben suggested today",
        "ts": "1511464611.000020"
    },
    {
        "type": "message",
        "user": "U7RE90REK",
        "text": "maybe I missed it I just read it quick it was in Ben's email",
        "ts": "1511464625.000185"
    },
    {
        "type": "message",
        "user": "U7Q9MGYN8",
        "text": "Yeah we fill out the spreadsheets in addition to using the GitHub board so we have tasks documented",
        "ts": "1511464646.000027"
    },
    {
        "type": "message",
        "user": "U7RE90REK",
        "text": "ok",
        "ts": "1511464712.000252"
    },
    {
        "type": "message",
        "user": "U7RE90REK",
        "text": "Marina with regards to the front end",
        "ts": "1511464725.000092"
    },
    {
        "type": "message",
        "user": "U7RE90REK",
        "text": "we need to see if we're using MVC or inline code",
        "ts": "1511464752.000220"
    },
    {
        "type": "message",
        "user": "U7RE90REK",
        "text": "if this was a real application I'd go MVC all the way",
        "ts": "1511464772.000095"
    },
    {
        "type": "message",
        "user": "U7RE90REK",
        "text": "but weeing as we have 2 weeks",
        "ts": "1511464777.000115"
    },
    {
        "type": "message",
        "user": "U7RE90REK",
        "text": "inline code might be quicker to deliver something and for us all to work on something",
        "ts": "1511464789.000287"
    },
    {
        "type": "message",
        "user": "U7Q6YMWN4",
        "text": "I was wondering since we dont have enough time why did we not go for cms",
        "ts": "1511464866.000109"
    },
    {
        "type": "message",
        "user": "U7Q6YMWN4",
        "text": "we can always customize it to our needs",
        "ts": "1511464880.000082"
    },
    {
        "type": "message",
        "user": "U7Q6YMWN4",
        "text": "sorry was that not a good idea",
        "ts": "1511464933.000124"
    },
    {
        "type": "message",
        "user": "U7RE90REK",
        "text": "Because we need to develop and design code I think",
        "ts": "1511464987.000180"
    },
    {
        "type": "message",
        "user": "U7RE90REK",
        "text": "also it would be hard to modify a cms to do what we need to do",
        "ts": "1511465013.000045"
    },
    {
        "type": "message",
        "user": "U7Q6YMWN4",
        "text": "Sorry, HTML5 or MVC is OK,",
        "ts": "1511465095.000186"
    },
    {
        "type": "message",
        "user": "U7RE90REK",
        "text": "Rob I'll use your doc to populate the Sprint backlog for this sprint",
        "ts": "1511465271.000100"
    },
    {
        "type": "message",
        "user": "U7RE90REK",
        "text": "and then we can have a chat tomorrow",
        "ts": "1511465277.000192"
    },
    {
        "type": "message",
        "user": "U7Q9MGYN8",
        "text": "No problem, although I will be doing a full day at work tomorrow due to Black Friday sales, so Ill try to be online but I cant make a guarantee",
        "ts": "1511465327.000150"
    },
    {
        "type": "message",
        "user": "U7Q6YMWN4",
        "text": "Takis did u wanted me to work on something for now",
        "ts": "1511465411.000097"
    },
    {
        "type": "message",
        "user": "U7Q6YMWN4",
        "text": "or shall we wait tomorrow meeting",
        "ts": "1511465432.000005"
    },
    {
        "type": "message",
        "user": "U7RE90REK",
        "text": "Marina lets wait until tomorrow to talk to the devs",
        "ts": "1511465622.000140"
    },
    {
        "type": "message",
        "user": "U7Q6YMWN4",
        "text": "OK",
        "ts": "1511465640.000124"
    },
    {
        "type": "message",
        "user": "U7RE90REK",
        "text": "Rob that's fine I'll try to get everyone else on and try to progress the front\/back end tasks. Do you have a preference to mvc\/inline?",
        "ts": "1511465661.000020"
    },
    {
        "type": "message",
        "user": "U7RE90REK",
        "text": "because we need to decide that tomorrow",
        "ts": "1511465668.000068"
    },
    {
        "type": "message",
        "user": "U7Q8KM62X",
        "text": "Please make it simple to start with, we need to ensure the system has minimum functionalities and then we can improve the system by thinking about MVC pattern.",
        "ts": "1511468290.000115"
    },
    {
        "type": "message",
        "user": "U7Q8KM62X",
        "text": "Marina, if you don't know about MVC then, carry on with using your approach otherwise follow the MVC",
        "ts": "1511468338.000045"
    },
    {
        "type": "message",
        "user": "U7Q8KM62X",
        "text": "In today's session, I noticed that Leo, Omar are waiting for Marina and Taxis to give them implementation of the front end, so they can connect the pages to the website and add the PhP codes.",
        "ts": "1511468465.000017"
    }
]