[
    {
        "type": "message",
        "user": "U7RE90REK",
        "text": "hi everyone",
        "ts": "1512413988.000471"
    },
    {
        "type": "message",
        "user": "U7Q9MGYN8",
        "text": "Evening takis",
        "ts": "1512414000.000193"
    },
    {
        "type": "message",
        "user": "U7YJDN73R",
        "text": "Hello",
        "ts": "1512414014.000282"
    },
    {
        "type": "message",
        "user": "U7Q6YMWN4",
        "text": "hi",
        "ts": "1512414045.000270"
    },
    {
        "type": "message",
        "user": "U7RE90REK",
        "text": "Ok lets get started",
        "ts": "1512414209.000482"
    },
    {
        "type": "message",
        "user": "U7RE90REK",
        "text": "I hope everyone's seen the email I sent Ben yesterday and his reply",
        "ts": "1512414239.000109"
    },
    {
        "type": "message",
        "user": "U7RE90REK",
        "text": "which I think is quite positive",
        "ts": "1512414255.000386"
    },
    {
        "type": "message",
        "user": "U7RE90REK",
        "text": "in summary we have until the 14\/12 to finish this sprint",
        "ts": "1512414270.000176"
    },
    {
        "type": "message",
        "user": "U7RE90REK",
        "text": "we've got most of the requirements apart from I want to discuss user\/admin login and how we calculate risk.",
        "ts": "1512414300.000470"
    },
    {
        "type": "message",
        "user": "U7RE90REK",
        "text": "I'll come on to that",
        "ts": "1512414306.000188"
    },
    {
        "type": "message",
        "user": "U7RE90REK",
        "text": "We've got a first draft of the front end pages",
        "ts": "1512414320.000028"
    },
    {
        "type": "message",
        "user": "U7RE90REK",
        "text": "Rob I wanted to ask you how we view the site pages on your server",
        "ts": "1512414330.000052"
    },
    {
        "type": "message",
        "user": "U7YJDN73R",
        "text": "I checked the login page, it's still no different than last week, am I wrong ?",
        "ts": "1512414332.000200"
    },
    {
        "type": "message",
        "user": "U7RE90REK",
        "text": "yeah you are :slightly_smiling_face:",
        "ts": "1512414339.000664"
    },
    {
        "type": "message",
        "user": "U7RE90REK",
        "text": "index.php",
        "ts": "1512414344.000343"
    },
    {
        "type": "message",
        "user": "U7RE90REK",
        "text": "We can go through the pages in a bit",
        "ts": "1512414356.000012"
    },
    {
        "type": "message",
        "user": "U7RE90REK",
        "text": "Rob what url do we use to view the test site?",
        "ts": "1512414364.000634"
    },
    {
        "type": "message",
        "user": "U7RE90REK",
        "text": "I tried <http:\/\/localhost> on the server",
        "ts": "1512414378.000119"
    },
    {
        "type": "message",
        "user": "U7Q9MGYN8",
        "text": "Ok, my server should be accessible from <http:\/\/dev.rhartley.tech:5678>",
        "ts": "1512414400.000153"
    },
    {
        "type": "message",
        "user": "U7Q9MGYN8",
        "text": "Even from outside the network",
        "ts": "1512414410.000449"
    },
    {
        "type": "message",
        "user": "U7RE90REK",
        "text": "yes it is :slightly_smiling_face:",
        "ts": "1512414425.000482"
    },
    {
        "type": "message",
        "user": "U7YJDN73R",
        "text": "I installed Xampp , very easy to use and install",
        "ts": "1512414428.000605"
    },
    {
        "type": "message",
        "user": "U7RE90REK",
        "text": "yeah i did too",
        "ts": "1512414436.000175"
    },
    {
        "type": "message",
        "user": "U7RE90REK",
        "text": "it works very well",
        "ts": "1512414439.000190"
    },
    {
        "type": "message",
        "user": "U7RE90REK",
        "text": "Leo if you check that url it's showing the new index page",
        "ts": "1512414448.000363"
    },
    {
        "type": "message",
        "user": "U7RE90REK",
        "text": "for testing purposes I've linked all pages from the home page",
        "ts": "1512414460.000555"
    },
    {
        "type": "message",
        "user": "U7Q9MGYN8",
        "text": "I'm going to run a full database refresh tonight after the meeting, to ensure that things work with my init script",
        "ts": "1512414548.000101"
    },
    {
        "type": "message",
        "user": "U7TAF6RMF",
        "text": "Hi guys ",
        "ts": "1512414560.000454"
    },
    {
        "type": "message",
        "user": "U7Q9MGYN8",
        "text": "I also need to inject dummy data for testing, and update my ERM",
        "ts": "1512414596.000461"
    },
    {
        "type": "message",
        "user": "U7Q9MGYN8",
        "text": "Hi Omer ",
        "ts": "1512414600.000088"
    },
    {
        "type": "message",
        "user": "U7RE90REK",
        "text": "That's good Rob if you need any help with the data entry we can ask around if anyone has spare capacity or I can help",
        "ts": "1512414639.000031"
    },
    {
        "type": "message",
        "user": "U7RE90REK",
        "text": "Ok so with regards to the Admin\/user login, if we implement that we'll need to create a dynamic navigation bar",
        "ts": "1512414673.000657"
    },
    {
        "type": "message",
        "user": "U7TAF6RMF",
        "text": "Is there any chance to use PHP my admin Rob",
        "ts": "1512414687.000548"
    },
    {
        "type": "message",
        "user": "U7TAF6RMF",
        "text": "@ Taxis have you updated the css also?",
        "ts": "1512414811.000055"
    },
    {
        "type": "message",
        "user": "U7RE90REK",
        "text": "a bit just enough to tone it down a bit",
        "ts": "1512414825.000451"
    },
    {
        "type": "message",
        "user": "U7RE90REK",
        "text": "but I was going to ask Marina to make some improvements",
        "ts": "1512414833.000239"
    },
    {
        "type": "message",
        "user": "U7TAF6RMF",
        "text": "Okay I check again",
        "ts": "1512414848.000449"
    },
    {
        "type": "message",
        "user": "U7RE90REK",
        "text": "it's an ongoing piece of work",
        "ts": "1512414850.000370"
    },
    {
        "type": "message",
        "user": "U7RE90REK",
        "text": "check the url that Rob shared",
        "ts": "1512414859.000612"
    },
    {
        "type": "message",
        "user": "U7RE90REK",
        "text": "on the test server",
        "ts": "1512414862.000172"
    },
    {
        "type": "message",
        "user": "U7RE90REK",
        "text": "that shouldn't affect you guys",
        "ts": "1512414870.000166"
    },
    {
        "type": "message",
        "user": "U7RE90REK",
        "text": "it will look pretty in the end",
        "ts": "1512414875.000108"
    },
    {
        "type": "message",
        "user": "U7RE90REK",
        "text": "you don't need to worry about that",
        "ts": "1512414879.000200"
    },
    {
        "type": "message",
        "user": "U7TAF6RMF",
        "text": "Ok",
        "ts": "1512414885.000063"
    },
    {
        "type": "message",
        "user": "U7RE90REK",
        "text": "you need a framework to start developing",
        "ts": "1512414885.000400"
    },
    {
        "type": "message",
        "user": "U7RE90REK",
        "text": "and there will be stuff we need to change",
        "ts": "1512414897.000571"
    },
    {
        "type": "message",
        "user": "U7RE90REK",
        "text": "Ok one important thing",
        "ts": "1512414901.000153"
    },
    {
        "type": "message",
        "user": "U7RE90REK",
        "text": "Calculating risk",
        "ts": "1512414905.000103"
    },
    {
        "type": "message",
        "user": "U7RE90REK",
        "text": "I was thinking that we hard code some data",
        "ts": "1512414911.000750"
    },
    {
        "type": "message",
        "user": "U7RE90REK",
        "text": "we need a means of calculating risk per person",
        "ts": "1512414923.000365"
    },
    {
        "type": "message",
        "user": "U7RE90REK",
        "text": "all I could think of was a. Criminal record b. criminal record related to terrorism",
        "ts": "1512414940.000422"
    },
    {
        "type": "message",
        "user": "U7RE90REK",
        "text": "c. CIA list of countries that American's deem as dangerous and don't permit US citizens to visit",
        "ts": "1512414971.000503"
    },
    {
        "type": "message",
        "user": "U7RE90REK",
        "text": "then each person has true\/false in that field",
        "ts": "1512414993.000453"
    },
    {
        "type": "message",
        "user": "U7RE90REK",
        "text": "and the code then for a person adds that risk up",
        "ts": "1512415002.000206"
    },
    {
        "type": "message",
        "user": "U7RE90REK",
        "text": "for a flight it takes all passengers and adds the total risk",
        "ts": "1512415013.000096"
    },
    {
        "type": "message",
        "user": "U7RE90REK",
        "text": "discuss.....",
        "ts": "1512415016.000095"
    },
    {
        "type": "message",
        "user": "U7YJDN73R",
        "text": "If there is no criminal record the value would be null",
        "ts": "1512415031.000359"
    },
    {
        "type": "message",
        "user": "U7YJDN73R",
        "text": "if it's little crime then maybe the value would be 2, if it's terrorism then it goes to 10",
        "ts": "1512415054.000165"
    },
    {
        "type": "message",
        "user": "U7RE90REK",
        "text": "sure",
        "ts": "1512415069.000212"
    },
    {
        "type": "message",
        "user": "U7YJDN73R",
        "text": "If the passenger is from black listed countries it adds 5",
        "ts": "1512415072.000330"
    },
    {
        "type": "message",
        "user": "U7RE90REK",
        "text": "something like that",
        "ts": "1512415072.000348"
    },
    {
        "type": "message",
        "user": "U7RE90REK",
        "text": "or you could do normal crime true\/false terrorist conviction true\/false black list country true\/false",
        "ts": "1512415105.000118"
    },
    {
        "type": "message",
        "user": "U7RE90REK",
        "text": "and then add score 0 - 3",
        "ts": "1512415110.000326"
    },
    {
        "type": "message",
        "user": "U7RE90REK",
        "text": "keep it simple",
        "ts": "1512415112.000580"
    },
    {
        "type": "message",
        "user": "U7Q9MGYN8",
        "text": "If it's any help, I have a associative entity table ready between passengers and risks, so you can find all entries for one person",
        "ts": "1512415118.000142"
    },
    {
        "type": "message",
        "user": "U7RE90REK",
        "text": "whatever is easier guys",
        "ts": "1512415130.000305"
    },
    {
        "type": "message",
        "user": "U7RE90REK",
        "text": "we just need a simple risk algorithm",
        "ts": "1512415136.000613"
    },
    {
        "type": "message",
        "user": "U7RE90REK",
        "text": "and something to turn our boxes red\/amber\/gree",
        "ts": "1512415144.000731"
    },
    {
        "type": "message",
        "user": "U7Q9MGYN8",
        "text": "I'm on mobile now but I can share the current schema for how it looks database side",
        "ts": "1512415148.000590"
    },
    {
        "type": "message",
        "user": "U7Q9MGYN8",
        "text": "And backend can make a decision from there",
        "ts": "1512415162.000381"
    },
    {
        "type": "message",
        "user": "U7Q9MGYN8",
        "text": "I can adjust as needed",
        "ts": "1512415178.000214"
    },
    {
        "type": "message",
        "user": "U7TAF6RMF",
        "text": "Okay in this case when we fill in the database we have to think about  that ",
        "ts": "1512415192.000271"
    },
    {
        "type": "message",
        "user": "U7Q9MGYN8",
        "text": "Again, when I go about inventing a group of people for the dataset, I can add in relevant risk data too :)",
        "ts": "1512415229.000266"
    },
    {
        "type": "message",
        "user": "U7TAF6RMF",
        "text": "Okay that sounds good ",
        "ts": "1512415270.000426"
    },
    {
        "type": "message",
        "user": "U7RE90REK",
        "text": "ok",
        "ts": "1512415434.000145"
    },
    {
        "type": "message",
        "user": "U7RE90REK",
        "text": "Omer\/Leo\/Rob can you write a paragraph on how exactly it will work?",
        "ts": "1512415485.000182"
    },
    {
        "type": "message",
        "user": "U7RE90REK",
        "text": "e.g either scores out of 10 or the true\/false filed",
        "ts": "1512415495.000069"
    },
    {
        "type": "message",
        "user": "U7RE90REK",
        "text": "please",
        "ts": "1512415499.000196"
    },
    {
        "type": "message",
        "user": "U7TAF6RMF",
        "text": "@taxis &amp; Marina I am going to configure what you did in the front end so far and I will put the upgrade in GitHub ",
        "ts": "1512415523.000086"
    },
    {
        "type": "message",
        "user": "U7YJDN73R",
        "text": "Takis, I think dealing with integer number is simpler than dealing with boolean values, but I'm Ok with both ways",
        "ts": "1512415599.000559"
    },
    {
        "type": "message",
        "user": "U7RE90REK",
        "text": "I'll leave it up to you",
        "ts": "1512415626.000083"
    },
    {
        "type": "message",
        "user": "U7TAF6RMF",
        "text": "I think so Leo ",
        "ts": "1512415638.000195"
    },
    {
        "type": "message",
        "user": "U7RE90REK",
        "text": "I think my point was 1 for yes 0 for no",
        "ts": "1512415657.000515"
    },
    {
        "type": "message",
        "user": "U7RE90REK",
        "text": "add them up score from 0 -3",
        "ts": "1512415664.000414"
    },
    {
        "type": "message",
        "user": "U7RE90REK",
        "text": "instead of crime a 5 terrorism 10 country 5",
        "ts": "1512415678.000415"
    },
    {
        "type": "message",
        "user": "U7RE90REK",
        "text": "score 20",
        "ts": "1512415680.000614"
    },
    {
        "type": "message",
        "user": "U7RE90REK",
        "text": "or score 0",
        "ts": "1512415685.000238"
    },
    {
        "type": "message",
        "user": "U7RE90REK",
        "text": "or score 15",
        "ts": "1512415688.000176"
    },
    {
        "type": "message",
        "user": "U7RE90REK",
        "text": "see what I mean?",
        "ts": "1512415692.000212"
    },
    {
        "type": "message",
        "user": "U7RE90REK",
        "text": "but either way it doesn't matter",
        "ts": "1512415704.000742"
    },
    {
        "type": "message",
        "user": "U7TAF6RMF",
        "text": "It is up to us guys and this is a problem solving ",
        "ts": "1512415753.000383"
    },
    {
        "type": "message",
        "user": "U7YJDN73R",
        "text": "I understand",
        "ts": "1512415754.000245"
    },
    {
        "type": "message",
        "user": "U7RE90REK",
        "text": "ok so the Admin login and user login",
        "ts": "1512415791.000159"
    },
    {
        "type": "message",
        "user": "U7RE90REK",
        "text": "Ben said that users can search only",
        "ts": "1512415817.000418"
    },
    {
        "type": "message",
        "user": "U7RE90REK",
        "text": "Admin can one sec how did he put it",
        "ts": "1512415824.000460"
    },
    {
        "type": "message",
        "user": "U7TAF6RMF",
        "text": "I nearly finished the admin login Takis",
        "ts": "1512415833.000135"
    },
    {
        "type": "message",
        "user": "U7RE90REK",
        "text": "Admin has further access (authorisation) who can add new rules such as risk indicator rules associated to smuggling, illegal immigration… lets for now we do this and then we can add more functionalities",
        "ts": "1512415844.000513"
    },
    {
        "type": "message",
        "user": "U7RE90REK",
        "text": "so the only difference with Admin\/user is that an admin can amend risk",
        "ts": "1512415868.000218"
    },
    {
        "type": "message",
        "user": "U7YJDN73R",
        "text": "It doesn't matter for the machine how big or small number is, but it might make difference between integer and boolean values, but It's not a big deal I think , there are bigger things to worry about",
        "ts": "1512415870.000207"
    },
    {
        "type": "message",
        "user": "U7RE90REK",
        "text": "if the risk is hardcoded in the db",
        "ts": "1512415885.000199"
    },
    {
        "type": "message",
        "user": "U7RE90REK",
        "text": "I think maybe we concentrate on single login",
        "ts": "1512415894.000701"
    },
    {
        "type": "message",
        "user": "U7RE90REK",
        "text": "as shown in the powerpoint",
        "ts": "1512415900.000336"
    },
    {
        "type": "message",
        "user": "U7RE90REK",
        "text": "so home page",
        "ts": "1512415903.000467"
    },
    {
        "type": "message",
        "user": "U7RE90REK",
        "text": "admin logs in",
        "ts": "1512415906.000533"
    },
    {
        "type": "message",
        "user": "U7RE90REK",
        "text": "gets access to the rest of the site",
        "ts": "1512415912.000360"
    },
    {
        "type": "message",
        "user": "U7RE90REK",
        "text": "so we need a landing page with login",
        "ts": "1512415918.000035"
    },
    {
        "type": "message",
        "user": "U7RE90REK",
        "text": "then when logged in the navigation appears",
        "ts": "1512415924.000622"
    },
    {
        "type": "message",
        "user": "U7TAF6RMF",
        "text": "That what I am working on",
        "ts": "1512415940.000567"
    },
    {
        "type": "message",
        "user": "U7Q9MGYN8",
        "text": "I have a simple table set up with username, password, and account type, you should be able to view the structure on github if that helps too",
        "ts": "1512415994.000473"
    },
    {
        "type": "message",
        "user": "U7RE90REK",
        "text": "Ok so Omer how does it work then? The admin logs in then what happens?",
        "ts": "1512416059.000396"
    },
    {
        "type": "message",
        "user": "U7TAF6RMF",
        "text": "Then he will go to the passenger page",
        "ts": "1512416107.000811"
    },
    {
        "type": "message",
        "user": "U7TAF6RMF",
        "text": "So that he can access the passenger details ",
        "ts": "1512416179.000663"
    },
    {
        "type": "message",
        "user": "U7RE90REK",
        "text": "that doesn't make sense",
        "ts": "1512416222.000448"
    },
    {
        "type": "message",
        "user": "U7RE90REK",
        "text": "why would you go to the passenger page",
        "ts": "1512416233.000484"
    },
    {
        "type": "message",
        "user": "U7RE90REK",
        "text": "and not the flights search page",
        "ts": "1512416237.000655"
    },
    {
        "type": "message",
        "user": "U7RE90REK",
        "text": "surely you need to log in to a main landing area",
        "ts": "1512416245.000274"
    },
    {
        "type": "message",
        "user": "U7YJDN73R",
        "text": "Shouldn't the user have the option to choose between flight and passenger search ?",
        "ts": "1512416249.000385"
    },
    {
        "type": "message",
        "user": "U7TAF6RMF",
        "text": "Or what ever",
        "ts": "1512416251.000165"
    },
    {
        "type": "message",
        "user": "U7RE90REK",
        "text": "If I was on a site",
        "ts": "1512416268.000150"
    },
    {
        "type": "message",
        "user": "U7RE90REK",
        "text": "I'd expect to go to the home page",
        "ts": "1512416272.000373"
    },
    {
        "type": "message",
        "user": "U7RE90REK",
        "text": "login",
        "ts": "1512416274.000451"
    },
    {
        "type": "message",
        "user": "U7RE90REK",
        "text": "then get a user\/admin homepage",
        "ts": "1512416285.000349"
    },
    {
        "type": "message",
        "user": "U7RE90REK",
        "text": "ok so first thing to decide do we have user and admin login or just admin?",
        "ts": "1512416315.000641"
    },
    {
        "type": "message",
        "user": "U7TAF6RMF",
        "text": "Just admin",
        "ts": "1512416345.000772"
    },
    {
        "type": "message",
        "user": "U7RE90REK",
        "text": "like we discussed before if the risk is hard coded I don't see the point of havin gboth",
        "ts": "1512416346.000493"
    },
    {
        "type": "message",
        "user": "U7RE90REK",
        "text": "ok good",
        "ts": "1512416349.000314"
    },
    {
        "type": "message",
        "user": "U7RE90REK",
        "text": "that's in the box :slightly_smiling_face:",
        "ts": "1512416355.000648"
    },
    {
        "type": "message",
        "user": "U7RE90REK",
        "text": "next",
        "ts": "1512416357.000284"
    },
    {
        "type": "message",
        "user": "U7RE90REK",
        "text": "when the admin logs in they go to what is now the index page",
        "ts": "1512416385.000607"
    },
    {
        "type": "message",
        "user": "U7RE90REK",
        "text": "now we can either make a single page dynamic",
        "ts": "1512416392.000137"
    },
    {
        "type": "message",
        "user": "U7RE90REK",
        "text": "so the navigation appears after you login",
        "ts": "1512416401.000009"
    },
    {
        "type": "message",
        "user": "U7RE90REK",
        "text": "or we can create a landing\/login page",
        "ts": "1512416407.000372"
    },
    {
        "type": "message",
        "user": "U7RE90REK",
        "text": "that when you login takes you to the main index page as it is now",
        "ts": "1512416418.000089"
    },
    {
        "type": "message",
        "user": "U7RE90REK",
        "text": "which one do you prefer?",
        "ts": "1512416427.000179"
    },
    {
        "type": "message",
        "user": "U7TAF6RMF",
        "text": "I prefer to the navigation page and makes more sense I think ",
        "ts": "1512416490.000113"
    },
    {
        "type": "message",
        "user": "U7RE90REK",
        "text": "I agree is everyone ok with that?",
        "ts": "1512416517.000451"
    },
    {
        "type": "message",
        "user": "U7RE90REK",
        "text": "all we need to do is create index.php with just login",
        "ts": "1512416528.000232"
    },
    {
        "type": "message",
        "user": "U7RE90REK",
        "text": "and then rename current index.php back to homePage.php",
        "ts": "1512416538.000253"
    },
    {
        "type": "message",
        "user": "U7RE90REK",
        "text": "everyone happy with that?",
        "ts": "1512416549.000047"
    },
    {
        "type": "message",
        "user": "U7TAF6RMF",
        "text": "Where are you guys?",
        "ts": "1512416695.000523"
    },
    {
        "type": "message",
        "user": "U7YJDN73R",
        "text": "I'm Ok",
        "ts": "1512416698.000224"
    },
    {
        "type": "message",
        "user": "U7YJDN73R",
        "text": "It makes more sense",
        "ts": "1512416728.000187"
    },
    {
        "type": "message",
        "user": "U7RE90REK",
        "text": ":slightly_smiling_face:",
        "ts": "1512416728.000251"
    },
    {
        "type": "message",
        "user": "U7TAF6RMF",
        "text": "Ok I will do that Takis",
        "ts": "1512416757.000088"
    },
    {
        "type": "message",
        "user": "U7RE90REK",
        "text": "Ok I'll amend the use case diagram and work with Marina on the front end amendments",
        "ts": "1512416759.000177"
    },
    {
        "type": "message",
        "user": "U7RE90REK",
        "text": "Thanks Omer",
        "ts": "1512416767.000471"
    },
    {
        "type": "message",
        "user": "U7TAF6RMF",
        "text": "No worries Takis",
        "ts": "1512416791.000195"
    },
    {
        "type": "message",
        "user": "U7TAF6RMF",
        "text": "Is there anything else we need to discuss now... I have to go",
        "ts": "1512416863.000297"
    },
    {
        "type": "message",
        "user": "U7YJDN73R",
        "text": "That's it for today I think",
        "ts": "1512416952.000579"
    },
    {
        "type": "message",
        "user": "U7TAF6RMF",
        "text": "\n Okay Good night and see you later ",
        "ts": "1512416985.000342"
    },
    {
        "type": "message",
        "user": "U7YJDN73R",
        "text": "Goodnight",
        "ts": "1512417042.000312"
    },
    {
        "type": "message",
        "user": "U7RE90REK",
        "text": "Ok guys thanks",
        "ts": "1512417055.000421"
    },
    {
        "type": "message",
        "user": "U7RE90REK",
        "text": "I'll update this",
        "ts": "1512417062.000008"
    },
    {
        "type": "message",
        "user": "U7RE90REK",
        "text": "i think this has clarified the last bits we needed",
        "ts": "1512417070.000281"
    },
    {
        "type": "message",
        "user": "U7TAF6RMF",
        "text": "I think so Takis ",
        "ts": "1512417131.000160"
    },
    {
        "type": "message",
        "user": "U7Q8KM62X",
        "text": "Good work guys, just contact me if you need further help.",
        "ts": "1512418617.000301"
    },
    {
        "type": "message",
        "user": "U7RE90REK",
        "text": "Thanks Ben your email today was a lot of help",
        "ts": "1512418651.000112"
    },
    {
        "type": "message",
        "user": "U7Q8KM62X",
        "text": "Thanks for your all hard working, Takis thanks for your instruction to team members.",
        "ts": "1512418810.000723"
    },
    {
        "type": "message",
        "user": "U7Q8KM62X",
        "text": "Marina, hope everything is clear, let me know if you need help",
        "ts": "1512418840.000298"
    },
    {
        "type": "message",
        "user": "U7Q8KM62X",
        "text": "Leo, my one man department, hope you are doing well with the back end",
        "ts": "1512418858.000591"
    },
    {
        "type": "message",
        "user": "U7YJDN73R",
        "text": "Hi Ben, I'm doing well, I installed xampp now I can test my code , so all is good",
        "ts": "1512418914.000566"
    },
    {
        "type": "message",
        "user": "U7Q8KM62X",
        "text": "excellent, looking forward to see you on thursday",
        "ts": "1512418969.000154"
    },
    {
        "type": "message",
        "user": "U7Q8KM62X",
        "text": "let me know if you need further help",
        "ts": "1512418980.000005"
    },
    {
        "type": "message",
        "user": "U7Q8KM62X",
        "text": "ok all, have a nice evening",
        "ts": "1512418989.000374"
    },
    {
        "type": "message",
        "user": "U7YJDN73R",
        "text": "Sure thanks, see you next Thursday, goodnight",
        "ts": "1512419001.000213"
    }
]