[
    {
        "type": "message",
        "user": "U7RE90REK",
        "text": "Hi Leo Marina",
        "ts": "1513019146.000734"
    },
    {
        "type": "message",
        "user": "U7Q6YMWN4",
        "text": "Hi",
        "ts": "1513019176.000602"
    },
    {
        "type": "message",
        "user": "U7YJDN73R",
        "text": "Hello Everyone",
        "ts": "1513019187.000490"
    },
    {
        "type": "message",
        "user": "U7TAF6RMF",
        "text": "Hi",
        "ts": "1513019194.000174"
    },
    {
        "type": "message",
        "user": "U7RE90REK",
        "text": "Hi Omer",
        "ts": "1513019237.000107"
    },
    {
        "type": "message",
        "user": "U7RE90REK",
        "text": "Right lets make a start",
        "ts": "1513019244.000762"
    },
    {
        "type": "message",
        "user": "U7RE90REK",
        "text": "Right over the weekend I worked on the design for the risk code",
        "ts": "1513019266.000185"
    },
    {
        "type": "message",
        "user": "U7YJDN73R",
        "text": "Good, are they updated on Github ?",
        "ts": "1513019297.000155"
    },
    {
        "type": "message",
        "user": "U7RE90REK",
        "text": "<https:\/\/github.com\/StaffsMSC-ASD\/ProjectPTS\/blob\/master\/Design\/Risk%20calculation%20Algorithm.docx>",
        "attachments": [
            {
                "service_name": "GitHub",
                "title": "StaffsMSC-ASD\/ProjectPTS",
                "title_link": "https:\/\/github.com\/StaffsMSC-ASD\/ProjectPTS\/blob\/master\/Design\/Risk%20calculation%20Algorithm.docx",
                "text": "ProjectPTS - Module Assignment Repository",
                "fallback": "GitHub: StaffsMSC-ASD\/ProjectPTS",
                "from_url": "https:\/\/github.com\/StaffsMSC-ASD\/ProjectPTS\/blob\/master\/Design\/Risk%20calculation%20Algorithm.docx",
                "thumb_url": "https:\/\/avatars0.githubusercontent.com\/u\/33313370?s=400&v=4",
                "thumb_width": 250,
                "thumb_height": 250,
                "service_icon": "https:\/\/a.slack-edge.com\/bfaba\/img\/unfurl_icons\/github.png",
                "id": 1
            }
        ],
        "ts": "1513019300.000567"
    },
    {
        "type": "message",
        "user": "U7YJDN73R",
        "text": "cool",
        "ts": "1513019311.000164"
    },
    {
        "type": "message",
        "user": "U7RE90REK",
        "text": "You need to discuss this with Rob",
        "ts": "1513019315.000402"
    },
    {
        "type": "message",
        "user": "U7YJDN73R",
        "text": "I will take a look and see what back end work needs to be done",
        "ts": "1513019321.000192"
    },
    {
        "type": "message",
        "user": "U7RE90REK",
        "text": "I think this needs to be done in the db",
        "ts": "1513019321.000437"
    },
    {
        "type": "message",
        "user": "U7RE90REK",
        "text": "but please Leo, Omer and Rob need to check this",
        "ts": "1513019337.000619"
    },
    {
        "type": "message",
        "user": "U7RE90REK",
        "text": "I've put together a basic test plan",
        "ts": "1513019351.000355"
    },
    {
        "type": "message",
        "user": "U7RE90REK",
        "text": "<https:\/\/github.com\/StaffsMSC-ASD\/ProjectPTS\/blob\/master\/Design\/Test%20Plan%20for%20PTS%20System.docx>",
        "attachments": [
            {
                "service_name": "GitHub",
                "title": "StaffsMSC-ASD\/ProjectPTS",
                "title_link": "https:\/\/github.com\/StaffsMSC-ASD\/ProjectPTS\/blob\/master\/Design\/Test%20Plan%20for%20PTS%20System.docx",
                "text": "ProjectPTS - Module Assignment Repository",
                "fallback": "GitHub: StaffsMSC-ASD\/ProjectPTS",
                "from_url": "https:\/\/github.com\/StaffsMSC-ASD\/ProjectPTS\/blob\/master\/Design\/Test%20Plan%20for%20PTS%20System.docx",
                "thumb_url": "https:\/\/avatars0.githubusercontent.com\/u\/33313370?s=400&v=4",
                "thumb_width": 250,
                "thumb_height": 250,
                "service_icon": "https:\/\/a.slack-edge.com\/bfaba\/img\/unfurl_icons\/github.png",
                "id": 1
            }
        ],
        "ts": "1513019372.000366"
    },
    {
        "type": "message",
        "user": "U7TAF6RMF",
        "text": "I met Rob today at the Uni ",
        "ts": "1513019379.000685"
    },
    {
        "type": "message",
        "user": "U7RE90REK",
        "text": "Right for the risk we need more tables\/fields in the db",
        "ts": "1513019389.000512"
    },
    {
        "type": "message",
        "user": "U7RE90REK",
        "text": "Hi Rob",
        "ts": "1513019397.000648"
    },
    {
        "type": "message",
        "user": "U7Q9MGYN8",
        "text": "I'm at work currentlyso I can't really talk, but the data tables are all done, all I need to add now is dummy data",
        "ts": "1513019425.000131"
    },
    {
        "type": "message",
        "user": "U7TAF6RMF",
        "text": "He said that he will update and upload the data tonight ",
        "ts": "1513019427.000612"
    },
    {
        "type": "message",
        "user": "U7YJDN73R",
        "text": "Ok cool, please let us know rob when you add the dummy data so we try list of passengers\/flights pages",
        "ts": "1513019472.000026"
    },
    {
        "type": "message",
        "user": "U7RE90REK",
        "text": "Rob is your diagram up to date?",
        "ts": "1513019483.000132"
    },
    {
        "type": "message",
        "user": "U7RE90REK",
        "text": "also the DB will need updating to handle the risk data\/calculations",
        "ts": "1513019505.000420"
    },
    {
        "type": "message",
        "user": "U7Q9MGYN8",
        "text": "It's already factored into the model, one passenger can have multiple risks, I can't really do a dB side calculation without adding a custom view since it's query time",
        "ts": "1513019603.000371"
    },
    {
        "type": "message",
        "user": "U7TAF6RMF",
        "text": "I am working at the back end now still at the Uni ",
        "ts": "1513019614.000686"
    },
    {
        "type": "message",
        "user": "U7Q9MGYN8",
        "text": "I do need to update my ERD however, I'll do that alongside populating the data",
        "ts": "1513019639.000267"
    },
    {
        "type": "message",
        "user": "U7YJDN73R",
        "text": "Omer can you clarify what you are doing at the back end please, so we don't do the same work",
        "ts": "1513019640.000716"
    },
    {
        "type": "message",
        "user": "U7RE90REK",
        "text": "Ok fair enough but please have a look at the risk design and lets talk about it tomorrow",
        "ts": "1513019643.000539"
    },
    {
        "type": "message",
        "user": "U7RE90REK",
        "text": "Yes guys we need to add more specific tasks",
        "ts": "1513019663.000448"
    },
    {
        "type": "message",
        "user": "U7RE90REK",
        "text": "just saying working on back end isn't good enough",
        "ts": "1513019674.000546"
    },
    {
        "type": "message",
        "user": "U7RE90REK",
        "text": "also Thursday is the deadline",
        "ts": "1513019682.000271"
    },
    {
        "type": "message",
        "user": "U7RE90REK",
        "text": "we really need to get something working",
        "ts": "1513019690.000073"
    },
    {
        "type": "message",
        "user": "U7RE90REK",
        "text": "Rob if you need help with test data",
        "ts": "1513019697.000242"
    },
    {
        "type": "message",
        "user": "U7RE90REK",
        "text": "Maybe do a couple of lines and then pass them on to me and marina to help out",
        "ts": "1513019724.000458"
    },
    {
        "type": "message",
        "user": "U7TAF6RMF",
        "text": "I am trying to get the passenger details on a table",
        "ts": "1513019752.000371"
    },
    {
        "type": "message",
        "user": "U7YJDN73R",
        "text": "Cool, I've done list of passengers\/list of flights so if you do the passenger details, that will be great, if you need help please let me know",
        "ts": "1513019787.000477"
    },
    {
        "type": "message",
        "user": "U7Q9MGYN8",
        "text": "Passengers is populated already if you need to test",
        "ts": "1513019790.000807"
    },
    {
        "type": "message",
        "user": "U7YJDN73R",
        "text": "Ok then I try tonight , if list of passengers works then list of flights will work too, it's almost the same code",
        "edited": {
            "user": "U7YJDN73R",
            "ts": "1513019876.000000"
        },
        "ts": "1513019847.000049"
    },
    {
        "type": "message",
        "user": "U7Q9MGYN8",
        "text": "Yeah no real difficult code needed until we get to risk",
        "ts": "1513019884.000051"
    },
    {
        "type": "message",
        "user": "U7RE90REK",
        "text": "Ok well the risk requires some extra fields or tables",
        "ts": "1513019917.000041"
    },
    {
        "type": "message",
        "user": "U7RE90REK",
        "text": "and we need a table of countries at risk",
        "ts": "1513019927.000410"
    },
    {
        "type": "message",
        "user": "U7RE90REK",
        "text": "to compare",
        "ts": "1513019929.000440"
    },
    {
        "type": "message",
        "user": "U7RE90REK",
        "text": "I've added all this to the document",
        "ts": "1513019940.000065"
    },
    {
        "type": "message",
        "user": "U7Q9MGYN8",
        "text": "I have a table for airports, and risk - passengers has an associative entity table connecting them, so that's already done",
        "ts": "1513019992.000142"
    },
    {
        "type": "message",
        "user": "U7TAF6RMF",
        "text": "@ Rob &amp; Leo if you can to the Uni on Wednesday we can test our work before Thursday maybe!",
        "ts": "1513020062.000107"
    },
    {
        "type": "message",
        "user": "U7RE90REK",
        "text": "Ok so where does the list of countries that are banned go?",
        "ts": "1513020070.000559"
    },
    {
        "type": "message",
        "user": "U7RE90REK",
        "text": "Lets not discuss this now please just have a read of the doc on risk",
        "ts": "1513020099.000399"
    },
    {
        "type": "message",
        "user": "U7RE90REK",
        "text": "comment",
        "ts": "1513020103.000538"
    },
    {
        "type": "message",
        "user": "U7RE90REK",
        "text": "and see what you think",
        "ts": "1513020107.000255"
    },
    {
        "type": "message",
        "user": "U7RE90REK",
        "text": "I'm happy to change it",
        "ts": "1513020111.000047"
    },
    {
        "type": "message",
        "user": "U7RE90REK",
        "text": "but we need something sorting before thursday",
        "ts": "1513020117.000542"
    },
    {
        "type": "message",
        "user": "U7RE90REK",
        "text": "Right test plan",
        "ts": "1513020129.000620"
    },
    {
        "type": "message",
        "user": "U7RE90REK",
        "text": "it's very basic",
        "ts": "1513020131.000754"
    },
    {
        "type": "message",
        "user": "U7RE90REK",
        "text": "based on the requirements",
        "ts": "1513020135.000469"
    },
    {
        "type": "message",
        "user": "U7RE90REK",
        "text": "again needs adding to and doing",
        "ts": "1513020142.000310"
    },
    {
        "type": "message",
        "user": "U7RE90REK",
        "text": "any ideas",
        "ts": "1513020144.000499"
    },
    {
        "type": "message",
        "user": "U7RE90REK",
        "text": "any scripted unit tests",
        "ts": "1513020150.000572"
    },
    {
        "type": "message",
        "user": "U7RE90REK",
        "text": "I just think testing is key in Agile",
        "ts": "1513020159.000467"
    },
    {
        "type": "message",
        "user": "U7RE90REK",
        "text": "if we've got no documented testing",
        "ts": "1513020164.000332"
    },
    {
        "type": "message",
        "user": "U7RE90REK",
        "text": "it's a fail",
        "ts": "1513020166.000078"
    },
    {
        "type": "message",
        "user": "U7YJDN73R",
        "text": "<@U7TAF6RMF> What's the need for coming to uni when we have the remote server ?",
        "ts": "1513020190.000243"
    },
    {
        "type": "message",
        "user": "U7TAF6RMF",
        "text": "@ Rob &amp; Leo if you can come to the Uni on Wednesday we can test our work before Thursday maybe!",
        "ts": "1513020201.000427"
    },
    {
        "type": "message",
        "user": "U7RE90REK",
        "text": "Marina and I need to see the pages working",
        "ts": "1513020217.000577"
    },
    {
        "type": "message",
        "user": "U7RE90REK",
        "text": "so we can update CSS\/design",
        "ts": "1513020222.000193"
    },
    {
        "type": "message",
        "user": "U7RE90REK",
        "text": "the sooner the better really",
        "ts": "1513020226.000252"
    },
    {
        "type": "message",
        "user": "U7YJDN73R",
        "text": "I can test my pages tonight on Rob's server",
        "ts": "1513020294.000472"
    },
    {
        "type": "message",
        "user": "U7TAF6RMF",
        "text": "Ok ",
        "ts": "1513020326.000082"
    },
    {
        "type": "message",
        "user": "U7Q9MGYN8",
        "text": "Last conversation I had with Ben, countries scores weren't mentioned, but I'll make a provision for it. As for testing, I will run some query tests and document them, I don't know of any automated sql test frameworks. As for the data itself, yeah use my server since everything on there should be the most up to date",
        "ts": "1513020365.000349"
    },
    {
        "type": "message",
        "user": "U7Q9MGYN8",
        "text": "I'll be working on this tonight and tomorrow all day if anyone needs me",
        "ts": "1513020431.000417"
    },
    {
        "type": "message",
        "user": "U7RE90REK",
        "text": "The risk calculation was super vague and left to us",
        "ts": "1513020457.000177"
    },
    {
        "type": "message",
        "user": "U7RE90REK",
        "text": "like I said if you don't want to include it that's fine but we need something",
        "ts": "1513020467.000356"
    },
    {
        "type": "message",
        "user": "U7RE90REK",
        "text": "and the way I understood it we need to calculate risk for people and flights",
        "ts": "1513020506.000215"
    },
    {
        "type": "message",
        "user": "U7RE90REK",
        "text": "ok what else",
        "ts": "1513020517.000079"
    },
    {
        "type": "message",
        "user": "U7RE90REK",
        "text": "I did a use case diagram for admin",
        "ts": "1513020523.000750"
    },
    {
        "type": "message",
        "user": "U7RE90REK",
        "text": "which is pretty obvious and not really much use at this stage",
        "ts": "1513020538.000368"
    },
    {
        "type": "message",
        "user": "U7RE90REK",
        "text": "but it's something for our docs",
        "ts": "1513020543.000544"
    },
    {
        "type": "message",
        "user": "U7RE90REK",
        "text": "I changed the footer on all the pages",
        "ts": "1513020553.000274"
    },
    {
        "type": "message",
        "user": "U7RE90REK",
        "text": "Leo does that sound ok?",
        "ts": "1513020724.000543"
    },
    {
        "type": "message",
        "user": "U7TAF6RMF",
        "text": "Yes I can see Takis that much better now",
        "ts": "1513020766.000090"
    },
    {
        "type": "message",
        "user": "U7YJDN73R",
        "text": "You mean about the footer ?",
        "ts": "1513020781.000028"
    },
    {
        "type": "message",
        "user": "U7RE90REK",
        "text": "no I mean the risk doc",
        "ts": "1513020789.000312"
    },
    {
        "type": "message",
        "user": "U7RE90REK",
        "text": "if you can start getting the php on rob's server that will be a great help",
        "ts": "1513020806.000337"
    },
    {
        "type": "message",
        "user": "U7RE90REK",
        "text": "Leo, Omer, Rob please have a look at the risk calculation, just change it to something that can be delivered by thursday",
        "ts": "1513020838.000594"
    },
    {
        "type": "message",
        "user": "U7YJDN73R",
        "text": "Ok, I think I've already updated the codes on Rob's server, they worked fine on mine, was just waiting the dummy data to be populated",
        "ts": "1513020864.000376"
    },
    {
        "type": "message",
        "user": "U7RE90REK",
        "text": "Omer if you've finished the login pages then please add a test username and password on the page or message us it so we can connect",
        "ts": "1513020870.000599"
    },
    {
        "type": "message",
        "user": "U7Q9MGYN8",
        "text": "I'll work with backend, I have an idea which should be easy enough to implement in the php",
        "ts": "1513020896.000473"
    },
    {
        "type": "message",
        "user": "U7RE90REK",
        "text": "Ok cool",
        "ts": "1513020906.000019"
    },
    {
        "type": "message",
        "user": "U7RE90REK",
        "text": "lets decide on a final list of deliverables tomorrow and get all hands on deck to finish off",
        "ts": "1513020922.000640"
    },
    {
        "type": "message",
        "user": "U7TAF6RMF",
        "text": "Ok will do that ",
        "ts": "1513020925.000285"
    },
    {
        "type": "message",
        "user": "U7RE90REK",
        "text": "I'll read through Ben's email again andmake sure we have all the docs needed",
        "ts": "1513020937.000200"
    },
    {
        "type": "message",
        "user": "U7RE90REK",
        "text": "oh I also udpated all the standup minutes",
        "ts": "1513020948.000359"
    },
    {
        "type": "message",
        "user": "U7RE90REK",
        "text": ":slightly_smiling_face: only a few more days of these 7 pm meetings!",
        "ts": "1513020968.000131"
    },
    {
        "type": "message",
        "user": "U7RE90REK",
        "text": "then we can all go to the pug",
        "ts": "1513020972.000094"
    },
    {
        "type": "message",
        "user": "U7RE90REK",
        "text": "and the pub as well",
        "ts": "1513020977.000039"
    },
    {
        "type": "message",
        "user": "U7RE90REK",
        "text": "Marina do you have any updates for us?",
        "ts": "1513021022.000599"
    },
    {
        "type": "message",
        "user": "U7Q9MGYN8",
        "text": ":+1: :beers: ",
        "ts": "1513021023.000096"
    },
    {
        "type": "message",
        "user": "U7Q6YMWN4",
        "text": "I have updated the CSS file for a better menu",
        "ts": "1513021060.000017"
    },
    {
        "type": "message",
        "user": "U7TAF6RMF",
        "text": "Ha ha ha let come Takis",
        "ts": "1513021063.000135"
    },
    {
        "type": "message",
        "user": "U7Q6YMWN4",
        "text": "I am working on cleaning the css code as agreed now",
        "ts": "1513021083.000012"
    },
    {
        "type": "message",
        "user": "U7Q6YMWN4",
        "text": "If you need me to help with anything else , let me know",
        "ts": "1513021122.000124"
    },
    {
        "type": "message",
        "user": "U7RE90REK",
        "text": "that's fine Marina thanks and yes once we have the pages displaying on the test site",
        "ts": "1513021324.000427"
    },
    {
        "type": "message",
        "user": "U7RE90REK",
        "text": "we can have a chat about adding some bits and changing text etc.",
        "ts": "1513021337.000521"
    },
    {
        "type": "message",
        "user": "U7RE90REK",
        "text": "When does the uni close for Christmas?",
        "ts": "1513021364.000533"
    },
    {
        "type": "message",
        "user": "U7TAF6RMF",
        "text": "This is last week ",
        "ts": "1513021390.000540"
    },
    {
        "type": "message",
        "user": "U7RE90REK",
        "text": "ok",
        "ts": "1513021395.000323"
    },
    {
        "type": "message",
        "user": "U7RE90REK",
        "text": "I will pop over at some point",
        "ts": "1513021403.000268"
    },
    {
        "type": "message",
        "user": "U7RE90REK",
        "text": "mind you we're finishing this now",
        "ts": "1513021410.000489"
    },
    {
        "type": "message",
        "user": "U7RE90REK",
        "text": "I should have got organised before",
        "ts": "1513021418.000296"
    },
    {
        "type": "message",
        "user": "U7RE90REK",
        "text": "Ok thanks everyone",
        "ts": "1513021431.000169"
    },
    {
        "type": "message",
        "user": "U7TAF6RMF",
        "text": "Ok thanks Takis and all of you guys ",
        "ts": "1513021479.000473"
    }
]