[
    {
        "type": "message",
        "user": "U7Q6YMWN4",
        "text": "Hi Takis Leo",
        "ts": "1513105093.000026"
    },
    {
        "type": "message",
        "user": "U7Q6YMWN4",
        "text": "I had some time off today so I finished updating the files",
        "ts": "1513105114.000082"
    },
    {
        "type": "message",
        "user": "U7YJDN73R",
        "text": "Hello",
        "ts": "1513105118.000392"
    },
    {
        "type": "message",
        "user": "U7Q6YMWN4",
        "text": "I have cleaned the code, and removed inline css to the external file",
        "ts": "1513105149.000297"
    },
    {
        "type": "message",
        "user": "U7Q6YMWN4",
        "text": "I left only one span for the title",
        "ts": "1513105178.000397"
    },
    {
        "type": "message",
        "user": "U7Q6YMWN4",
        "text": "I have uploaded the files after the change",
        "ts": "1513105239.000698"
    },
    {
        "type": "message",
        "user": "U7Q6YMWN4",
        "text": "ans kept a copy of the old files just in case they are needed.",
        "ts": "1513105274.000303"
    },
    {
        "type": "message",
        "user": "U7RE90REK",
        "text": "That's great Marina thanks",
        "ts": "1513105342.000573"
    },
    {
        "type": "message",
        "user": "U7Q6YMWN4",
        "text": "Takis if you have a look at what I have done and tell me if you need me to adjust anything, please, thanks",
        "ts": "1513105344.000484"
    },
    {
        "type": "message",
        "user": "U7RE90REK",
        "text": "sure I will tonight",
        "ts": "1513105351.000270"
    },
    {
        "type": "message",
        "user": "U7RE90REK",
        "text": "Leo is your code on git too?",
        "ts": "1513105361.000572"
    },
    {
        "type": "message",
        "user": "U7YJDN73R",
        "text": "Yeah, on Git and Rob's server",
        "ts": "1513105378.000008"
    },
    {
        "type": "message",
        "user": "U7YJDN73R",
        "text": "it worked on Rob's server",
        "ts": "1513105384.000421"
    },
    {
        "type": "message",
        "user": "U7RE90REK",
        "text": "Hi Rob",
        "ts": "1513105537.000254"
    },
    {
        "type": "message",
        "user": "U7Q9MGYN8",
        "text": "Hi Takis, I'm Having some pc problems at the moment so I can't really contribute to tonight's meeting, but I'm uploading all my current work onto git from a backup. I'll be pulling a late night to catch up.",
        "ts": "1513105593.000566"
    },
    {
        "type": "message",
        "user": "U7YJDN73R",
        "text": "Hi Rob, we need a new table for the risk calculation , and I need the dummy data to be populated in the \"flights\" table , can you do them today ? or do you want someone else to do ?",
        "ts": "1513105730.000584"
    },
    {
        "type": "message",
        "user": "U7Q9MGYN8",
        "text": "You can't do dynamic math in database easily, it's for fixed information, something like that needs php ideally",
        "ts": "1513105801.000147"
    },
    {
        "type": "message",
        "user": "U7YJDN73R",
        "text": "<@U7Q9MGYN8> I know, we need some static info from  a separate table, plus some info should be passed with Post method to the php when pushing on \"risk details\" button",
        "ts": "1513105872.000204"
    },
    {
        "type": "message",
        "user": "U7YJDN73R",
        "text": "then the php will do the job",
        "ts": "1513105880.000759"
    },
    {
        "type": "message",
        "user": "U7TAF6RMF",
        "text": "Hi guys ",
        "ts": "1513105919.000425"
    },
    {
        "type": "message",
        "user": "U7YJDN73R",
        "text": "I mean that's the ideal way to do it according to Takis's algorithm",
        "ts": "1513105933.000366"
    },
    {
        "type": "message",
        "user": "U7YJDN73R",
        "text": "Hi Omer",
        "ts": "1513105942.000194"
    },
    {
        "type": "message",
        "user": "U7Q9MGYN8",
        "text": "Risk score already exists in the risk table, with an associative entity table between risk and passenger",
        "ts": "1513105943.000512"
    },
    {
        "type": "message",
        "user": "U7Q9MGYN8",
        "text": "If you query the associative entity, it will return all data needed per passenger, allowing for a risk score to be calculated",
        "ts": "1513106014.000263"
    },
    {
        "type": "message",
        "user": "U7YJDN73R",
        "text": "This is the algorithm of Takis (I quickly designed an algorithm which looked very similar to his) we need a separate table <https:\/\/github.com\/StaffsMSC-ASD\/ProjectPTS\/blob\/master\/Design\/Risk%20calculation%20Algorithm.docx>",
        "attachments": [
            {
                "service_name": "GitHub",
                "title": "StaffsMSC-ASD\/ProjectPTS",
                "title_link": "https:\/\/github.com\/StaffsMSC-ASD\/ProjectPTS\/blob\/master\/Design\/Risk%20calculation%20Algorithm.docx",
                "text": "ProjectPTS - Module Assignment Repository",
                "fallback": "GitHub: StaffsMSC-ASD\/ProjectPTS",
                "from_url": "https:\/\/github.com\/StaffsMSC-ASD\/ProjectPTS\/blob\/master\/Design\/Risk%20calculation%20Algorithm.docx",
                "thumb_url": "https:\/\/avatars0.githubusercontent.com\/u\/33313370?s=400&v=4",
                "thumb_width": 250,
                "thumb_height": 250,
                "service_icon": "https:\/\/a.slack-edge.com\/bfaba\/img\/unfurl_icons\/github.png",
                "id": 1
            }
        ],
        "ts": "1513106038.000273"
    },
    {
        "type": "message",
        "user": "U7YJDN73R",
        "text": "or if we are to keep it simple let's just decide now, cause Takis has been working on this for a while I think",
        "edited": {
            "user": "U7YJDN73R",
            "ts": "1513106186.000000"
        },
        "ts": "1513106067.000282"
    },
    {
        "type": "message",
        "user": "U7YJDN73R",
        "text": "<@U7TAF6RMF> any update with the passenger details ?",
        "ts": "1513106205.000458"
    },
    {
        "type": "message",
        "user": "U7TAF6RMF",
        "text": "Yes I fetched the data on a table ",
        "ts": "1513106328.000235"
    },
    {
        "type": "message",
        "user": "U7Q9MGYN8",
        "text": "Ok, I've gone over takis's document, my design already accounts for the type of risk e.g criminal activity etc. Can we not just base our calculation on that and present the 'risk countries' as a potential future improvement? It is possible to implement, but would ultimately need too much extra logic, when what we need is a working whole right now",
        "ts": "1513106470.000226"
    },
    {
        "type": "message",
        "user": "U7RE90REK",
        "text": "I'm fine with that",
        "ts": "1513106518.000059"
    },
    {
        "type": "message",
        "user": "U7YJDN73R",
        "text": "Ok, I agree to keep it simple and try it work with what we've already got in your table",
        "ts": "1513106525.000291"
    },
    {
        "type": "message",
        "user": "U7RE90REK",
        "text": "sounds good",
        "ts": "1513106537.000378"
    },
    {
        "type": "message",
        "user": "U7Q9MGYN8",
        "text": "Ben also asked for seat numbers in our last lecture, I pushed back on that to keep things simple too",
        "ts": "1513106546.000324"
    },
    {
        "type": "message",
        "user": "U7Q9MGYN8",
        "text": "We don't want to overdo it on the last week",
        "ts": "1513106557.000258"
    },
    {
        "type": "message",
        "user": "U7YJDN73R",
        "text": "we can pass destination and origin with post method from previous page and get some info from your table and calculate the risk",
        "ts": "1513106586.000339"
    },
    {
        "type": "message",
        "user": "U7YJDN73R",
        "text": "Ok",
        "ts": "1513106606.000223"
    },
    {
        "type": "message",
        "user": "U7Q9MGYN8",
        "text": "Leo, the tables you need in the database are PASSENGER_DETAIL, PASSENGER_AET_RISK, AND RISK_DETAIL",
        "ts": "1513106684.000116"
    },
    {
        "type": "message",
        "user": "U7Q9MGYN8",
        "text": "PASSENGER_AET_RISK sanitizes the many-to-many and allows you to query without issues",
        "ts": "1513106735.000491"
    },
    {
        "type": "message",
        "user": "U7Q9MGYN8",
        "text": "I will populate the risk table as soon as my pc has stopped exploding",
        "ts": "1513106768.000232"
    },
    {
        "type": "message",
        "user": "U7YJDN73R",
        "text": "Ok, I've seen the tables, I will work on the php code tonight",
        "ts": "1513106980.000379"
    },
    {
        "type": "message",
        "user": "U7Q9MGYN8",
        "text": "Great, if you need any more help let me know",
        "ts": "1513107057.000352"
    },
    {
        "type": "message",
        "user": "U7TAF6RMF",
        "text": "The same for me guys ",
        "ts": "1513107151.000513"
    },
    {
        "type": "message",
        "user": "U7RE90REK",
        "text": "can we quickly list what's left to do?",
        "ts": "1513107177.000347"
    },
    {
        "type": "message",
        "user": "U7RE90REK",
        "text": "just to make sure we're all on the same page",
        "ts": "1513107184.000468"
    },
    {
        "type": "message",
        "user": "U7RE90REK",
        "text": "I'll take a look at what Leo's put on Rob's server",
        "ts": "1513107199.000413"
    },
    {
        "type": "message",
        "user": "U7RE90REK",
        "text": "Leo and Rob are looking at risk",
        "ts": "1513107218.000399"
    },
    {
        "type": "message",
        "user": "U7RE90REK",
        "text": "Omer is the login stuff done?",
        "ts": "1513107235.000225"
    },
    {
        "type": "message",
        "user": "U7RE90REK",
        "text": "and Omer is looking at passenger details",
        "ts": "1513107253.000299"
    },
    {
        "type": "message",
        "user": "U7RE90REK",
        "text": "we need to be extra careful with the version control",
        "ts": "1513107443.000263"
    },
    {
        "type": "message",
        "user": "U7RE90REK",
        "text": "I think we've lost Omer and Rob?",
        "ts": "1513107455.000113"
    },
    {
        "type": "message",
        "user": "U7YJDN73R",
        "text": "Anything wrong with the VC Takis ?",
        "ts": "1513107469.000115"
    },
    {
        "type": "message",
        "user": "U7RE90REK",
        "text": "Not that I know of",
        "ts": "1513107478.000141"
    },
    {
        "type": "message",
        "user": "U7RE90REK",
        "text": "just moving files to the test server",
        "ts": "1513107486.000680"
    },
    {
        "type": "message",
        "user": "U7RE90REK",
        "text": "making sure it's the latest version",
        "ts": "1513107494.000249"
    },
    {
        "type": "message",
        "user": "U7TAF6RMF",
        "text": "I am working with PHP my admin and have tested the passenger details and is working ",
        "ts": "1513107564.000573"
    },
    {
        "type": "message",
        "user": "U7Q9MGYN8",
        "text": "Takis let me know when Github is all refreshed along with the test server, I'll start working again afterwards",
        "ts": "1513107621.000149"
    },
    {
        "type": "message",
        "user": "U7YJDN73R",
        "text": "<@U7TAF6RMF> can you please upload it on github ? I need to pass some values from that page to the risk details page with post method",
        "ts": "1513107658.000495"
    },
    {
        "type": "message",
        "user": "U7TAF6RMF",
        "text": "Ok ",
        "ts": "1513107687.000026"
    },
    {
        "type": "message",
        "user": "U7TAF6RMF",
        "text": "Takis the login will be on GitHub tomorrow ",
        "ts": "1513107839.000170"
    },
    {
        "type": "message",
        "user": "U7RE90REK",
        "text": "Ok well I don't have any planned updates",
        "ts": "1513107852.000786"
    },
    {
        "type": "message",
        "user": "U7RE90REK",
        "text": "I'll wait until Omer has updated his code",
        "ts": "1513107876.000450"
    },
    {
        "type": "message",
        "user": "U7RE90REK",
        "text": "and I'll play with a copy",
        "ts": "1513107884.000743"
    },
    {
        "type": "message",
        "user": "U7RE90REK",
        "text": "lol that sounded like a good idea",
        "ts": "1513107909.000151"
    },
    {
        "type": "message",
        "user": "U7RE90REK",
        "text": "until I realised it's wednesday tomorrow",
        "ts": "1513107917.000493"
    },
    {
        "type": "message",
        "user": "U7RE90REK",
        "text": "if everyone just takes the latest version and doesn't sit on the code for too long we'll be fine",
        "ts": "1513107943.000303"
    },
    {
        "type": "message",
        "user": "U7RE90REK",
        "text": "Night everyone got to go",
        "ts": "1513108169.000633"
    },
    {
        "type": "message",
        "user": "U7YJDN73R",
        "text": "Goodnight",
        "ts": "1513108183.000200"
    },
    {
        "type": "message",
        "user": "U7Q9MGYN8",
        "text": "Night all, nearly there, let's get this ready for Thursday :slightly_smiling_face: ",
        "ts": "1513108218.000111"
    },
    {
        "type": "message",
        "user": "U7TAF6RMF",
        "text": "Ok what about the presentation tomorrow Rob",
        "ts": "1513108262.000160"
    },
    {
        "type": "message",
        "user": "U7Q9MGYN8",
        "text": "I'll stick around after research methods, we'll see if we can get the whole thing working so we can show Ben the day after",
        "ts": "1513108337.000456"
    },
    {
        "type": "message",
        "user": "U7TAF6RMF",
        "text": "That sounds good good night everyone ",
        "ts": "1513108376.000218"
    }
]