[
    {
        "type": "message",
        "user": "U7RE90REK",
        "text": "Hi Leo",
        "ts": "1513191331.000337"
    },
    {
        "type": "message",
        "user": "U7YJDN73R",
        "text": "Hi Takis",
        "ts": "1513191347.000304"
    },
    {
        "type": "message",
        "user": "U7RE90REK",
        "text": "I read through the assignment spec again today",
        "ts": "1513191383.000434"
    },
    {
        "type": "message",
        "user": "U7RE90REK",
        "text": "and it mentioned activity diagrams",
        "ts": "1513191389.000388"
    },
    {
        "type": "message",
        "user": "U7RE90REK",
        "text": "so I've done those as well",
        "ts": "1513191393.000136"
    },
    {
        "type": "message",
        "user": "U7RE90REK",
        "text": "so we've got a couple of UML design documents",
        "ts": "1513191400.000560"
    },
    {
        "type": "message",
        "user": "U7RE90REK",
        "text": "Hi Marina",
        "ts": "1513191413.000518"
    },
    {
        "type": "message",
        "user": "U7Q6YMWN4",
        "text": "Hi",
        "ts": "1513191418.000481"
    },
    {
        "type": "message",
        "user": "U7Q6YMWN4",
        "text": "is today the last meeting?",
        "ts": "1513191444.000436"
    },
    {
        "type": "message",
        "user": "U7YJDN73R",
        "text": "We might have to do few more times for the final submission",
        "ts": "1513191489.000091"
    },
    {
        "type": "message",
        "user": "U7Q6YMWN4",
        "text": "tomorrow is the presentation for the project right?",
        "ts": "1513191557.000368"
    },
    {
        "type": "message",
        "user": "U7YJDN73R",
        "text": "Yeah",
        "ts": "1513191561.000273"
    },
    {
        "type": "message",
        "user": "U7Q6YMWN4",
        "text": "have we done everything",
        "ts": "1513191565.000649"
    },
    {
        "type": "message",
        "user": "U7YJDN73R",
        "text": "Did you guys do any Front End work for the risk details ?",
        "ts": "1513191577.000862"
    },
    {
        "type": "message",
        "user": "U7RE90REK",
        "text": "just the page that was there Leo",
        "ts": "1513191695.000002"
    },
    {
        "type": "message",
        "user": "U7RE90REK",
        "text": "so a dummy static page",
        "ts": "1513191702.000023"
    },
    {
        "type": "message",
        "user": "U7RE90REK",
        "text": "do you know if Omer is coming on tonight?",
        "ts": "1513191719.000890"
    },
    {
        "type": "message",
        "user": "U7RE90REK",
        "text": "what I'd like to do tonight",
        "ts": "1513191731.000154"
    },
    {
        "type": "message",
        "user": "U7YJDN73R",
        "text": "RiskDetails.html ?",
        "ts": "1513191735.000431"
    },
    {
        "type": "message",
        "user": "U7YJDN73R",
        "text": "I have no idea about Omer",
        "ts": "1513191739.000873"
    },
    {
        "type": "message",
        "user": "U7RE90REK",
        "text": "yeah",
        "ts": "1513191740.000202"
    },
    {
        "type": "message",
        "user": "U7YJDN73R",
        "text": "ok, I write the PHP code",
        "ts": "1513191747.000429"
    },
    {
        "type": "message",
        "user": "U7RE90REK",
        "text": "ok because I can't see any login code",
        "ts": "1513191751.000240"
    },
    {
        "type": "message",
        "user": "U7RE90REK",
        "text": "I'll try to attend the presentation tomorrow",
        "ts": "1513191760.000452"
    },
    {
        "type": "message",
        "user": "U7YJDN73R",
        "text": "however Omer handled the login and PassengerDetails.php",
        "ts": "1513191765.000434"
    },
    {
        "type": "message",
        "user": "U7YJDN73R",
        "text": "And I can't configure my PHP code for Risk Details before he finishes PassengerDetails.php",
        "ts": "1513191790.000286"
    },
    {
        "type": "message",
        "user": "U7YJDN73R",
        "text": "Cause his page should send passenger id to my php code,",
        "ts": "1513191825.000200"
    },
    {
        "type": "message",
        "user": "U7YJDN73R",
        "text": "Hope he turns up tonight",
        "ts": "1513191853.000713"
    },
    {
        "type": "message",
        "user": "U7RE90REK",
        "text": "Hi Omer",
        "ts": "1513192069.000191"
    },
    {
        "type": "message",
        "user": "U7RE90REK",
        "text": "we really need to get an update from you to complete work for tomorrow",
        "ts": "1513192086.000108"
    },
    {
        "type": "message",
        "user": "U7TAF6RMF",
        "text": "Hi Takis  and everyone one ",
        "ts": "1513192157.000323"
    },
    {
        "type": "message",
        "user": "U7TAF6RMF",
        "text": "I am nearly finished with it we had  a presentation today at the Uni ",
        "ts": "1513192269.000122"
    },
    {
        "type": "message",
        "user": "U7RE90REK",
        "text": "that's good so which bits will you be completing?",
        "ts": "1513192294.000067"
    },
    {
        "type": "message",
        "user": "U7RE90REK",
        "text": "and is it on Rob's server and git?",
        "ts": "1513192299.000744"
    },
    {
        "type": "message",
        "user": "U7YJDN73R",
        "text": "We just have the next few hours before the presentation",
        "ts": "1513192309.000540"
    },
    {
        "type": "message",
        "user": "U7TAF6RMF",
        "text": "I met Rob today and I said to him I am doing it in PHP my admin because Leo and Rob are working on the server ",
        "ts": "1513192428.000442"
    },
    {
        "type": "message",
        "user": "U7YJDN73R",
        "text": "I mostly work on my server but when I finish I upload on git and Rob's server and try there",
        "ts": "1513192469.000075"
    },
    {
        "type": "message",
        "user": "U7TAF6RMF",
        "text": "We can't work together at the same time ",
        "ts": "1513192540.000287"
    },
    {
        "type": "message",
        "user": "U7YJDN73R",
        "text": "When you finish the php code for Passenger details ?",
        "ts": "1513192619.000447"
    },
    {
        "type": "message",
        "user": "U7TAF6RMF",
        "text": "Tonight ",
        "ts": "1513192647.000147"
    },
    {
        "type": "message",
        "user": "U7YJDN73R",
        "text": "Ok, cause I write the php code for risk details, but I need the passengerdetails to be done to be able to configure it on the html",
        "ts": "1513192678.000078"
    },
    {
        "type": "message",
        "user": "U7TAF6RMF",
        "text": "I can test it tomorrow in my T drive for Ben",
        "ts": "1513192683.000194"
    },
    {
        "type": "message",
        "user": "U7TAF6RMF",
        "text": "If that an issue but I will upload it in GitHub ",
        "ts": "1513192744.000023"
    },
    {
        "type": "message",
        "user": "U7YJDN73R",
        "text": "I started to work on risk details since yesterday, it should take user id from passenger details, I write the code, but in order to make the whole thing work passengerdetails should be done and configured tonight",
        "ts": "1513192912.000384"
    },
    {
        "type": "message",
        "user": "U7RE90REK",
        "text": "Is the login stuff uploaded to git Omer?",
        "ts": "1513193005.000557"
    },
    {
        "type": "message",
        "user": "U7RE90REK",
        "text": "and did you use the latest files?",
        "ts": "1513193011.000526"
    },
    {
        "type": "message",
        "user": "U7TAF6RMF",
        "text": "I will uploaded over an hour ",
        "ts": "1513193069.000847"
    },
    {
        "type": "message",
        "user": "U7TAF6RMF",
        "text": " And the passenger details over half an hour ",
        "ts": "1513193155.000426"
    },
    {
        "type": "message",
        "user": "U7TAF6RMF",
        "text": "Is that ok guys ",
        "ts": "1513193196.000194"
    },
    {
        "type": "message",
        "user": "U7YJDN73R",
        "text": "For passenger details it's ok if you finish anytime before 11:00 pm",
        "ts": "1513193236.000048"
    },
    {
        "type": "message",
        "user": "U7TAF6RMF",
        "text": "It will be on GitHub soon Leo",
        "ts": "1513193340.000514"
    },
    {
        "type": "message",
        "user": "U7YJDN73R",
        "text": "Ok thanks",
        "ts": "1513193367.000171"
    },
    {
        "type": "message",
        "user": "U7TAF6RMF",
        "text": "No worries ",
        "ts": "1513193394.000623"
    },
    {
        "type": "message",
        "user": "U7RE90REK",
        "text": "what about the flight search\/details\/risk?",
        "ts": "1513194063.000336"
    },
    {
        "type": "message",
        "user": "U7YJDN73R",
        "text": "flight search is done, if Rob didn't populate the table I will do it tonight and test",
        "ts": "1513194109.000071"
    },
    {
        "type": "message",
        "user": "U7YJDN73R",
        "text": "Risk details is easy I will just have to change few lines",
        "ts": "1513194151.000757"
    },
    {
        "type": "message",
        "user": "U7Q9MGYN8",
        "text": "In progress now Leo, just got back home so I'm catching up",
        "ts": "1513194172.000444"
    },
    {
        "type": "message",
        "user": "U7YJDN73R",
        "text": "as for details I don't know, maybe Omer should do it, cause he's working on Passengerdetails",
        "ts": "1513194201.000310"
    },
    {
        "type": "message",
        "user": "U7YJDN73R",
        "text": "usually flight and passenger pages are similar, if you write a code for one page you can use the same code for the other one by changing few things",
        "ts": "1513194231.000329"
    },
    {
        "type": "message",
        "user": "U7RE90REK",
        "text": "at this point whatever functionality we can show it's a bonus",
        "ts": "1513194509.000384"
    },
    {
        "type": "message",
        "user": "U7RE90REK",
        "text": "I put this very basic test plan together",
        "ts": "1513194544.000804"
    },
    {
        "type": "message",
        "user": "U7RE90REK",
        "text": "<https:\/\/github.com\/StaffsMSC-ASD\/ProjectPTS\/blob\/master\/Design\/Test%20Plan%20for%20PTS%20System.docx>",
        "attachments": [
            {
                "service_name": "GitHub",
                "title": "StaffsMSC-ASD\/ProjectPTS",
                "title_link": "https:\/\/github.com\/StaffsMSC-ASD\/ProjectPTS\/blob\/master\/Design\/Test%20Plan%20for%20PTS%20System.docx",
                "text": "ProjectPTS - Module Assignment Repository",
                "fallback": "GitHub: StaffsMSC-ASD\/ProjectPTS",
                "from_url": "https:\/\/github.com\/StaffsMSC-ASD\/ProjectPTS\/blob\/master\/Design\/Test%20Plan%20for%20PTS%20System.docx",
                "thumb_url": "https:\/\/avatars0.githubusercontent.com\/u\/33313370?s=400&v=4",
                "thumb_width": 250,
                "thumb_height": 250,
                "service_icon": "https:\/\/a.slack-edge.com\/bfaba\/img\/unfurl_icons\/github.png",
                "id": 1
            }
        ],
        "ts": "1513194546.000336"
    },
    {
        "type": "message",
        "user": "U7RE90REK",
        "text": "I'll run through it tomorrow and add the test resutls and data",
        "ts": "1513194566.000523"
    },
    {
        "type": "message",
        "user": "U7RE90REK",
        "text": "can we make sure we get the final versions of all code db and the db diagram on git",
        "ts": "1513194599.000427"
    },
    {
        "type": "message",
        "user": "U7RE90REK",
        "text": "then I'll use that data to run the tests.",
        "ts": "1513194608.000408"
    },
    {
        "type": "message",
        "user": "U7Q9MGYN8",
        "text": "All dB structure code is uploaded, just need the finished insert scripts",
        "ts": "1513194639.000017"
    },
    {
        "type": "message",
        "user": "U7RE90REK",
        "text": "do you have an updated ERD doc Rob?",
        "ts": "1513194969.000604"
    },
    {
        "type": "message",
        "user": "U7Q9MGYN8",
        "text": "Yes, will get it uploaded tonight too, wanna focus on getting the data populated first",
        "ts": "1513195013.000151"
    },
    {
        "type": "message",
        "user": "U7RE90REK",
        "text": "that's good",
        "ts": "1513195139.000442"
    },
    {
        "type": "message",
        "user": "U7RE90REK",
        "text": "Hi Marina",
        "ts": "1513195168.000365"
    },
    {
        "type": "message",
        "user": "U7RE90REK",
        "text": "I don't think there's any more front end stuff for you to do",
        "ts": "1513195180.000156"
    },
    {
        "type": "message",
        "user": "U7RE90REK",
        "text": "I've seen the updated pages and they are up on the test server",
        "ts": "1513195187.000704"
    },
    {
        "type": "message",
        "user": "U7RE90REK",
        "text": "Leo has updated the code on them",
        "ts": "1513195201.000331"
    },
    {
        "type": "message",
        "user": "U7RE90REK",
        "text": "If it doesn't interfere with Leo and Omer's work I might add a bit of text etc. on the pages for tomorrow",
        "ts": "1513195237.000783"
    },
    {
        "type": "message",
        "user": "U7RE90REK",
        "text": "but the main focus is to complete some thing to demonstrate tomorrow",
        "ts": "1513195259.000084"
    },
    {
        "type": "message",
        "user": "U7Q6YMWN4",
        "text": "OK, if anything comes up, please let me know",
        "ts": "1513195304.000224"
    },
    {
        "type": "message",
        "user": "U7Q6YMWN4",
        "text": "hope everything goes well tomorrow",
        "ts": "1513195312.000235"
    },
    {
        "type": "message",
        "user": "U7YJDN73R",
        "text": "<@U7Q9MGYN8> What will be the scale of risk score ?",
        "ts": "1513195510.000034"
    },
    {
        "type": "message",
        "user": "U7Q9MGYN8",
        "text": "It should be on GitHub in takis' document, I'll pull it up in a sec",
        "ts": "1513195669.000393"
    },
    {
        "type": "message",
        "user": "U7YJDN73R",
        "text": "If you mean the Document of risk calculation algorithm, it's not relevant anymore cause an algorithm won't be implemented as we agreed yesterday, that's why I asked",
        "ts": "1513195728.000165"
    },
    {
        "type": "message",
        "user": "U7RE90REK",
        "text": "no but you still need to decide what score triggers which colour",
        "ts": "1513195783.000493"
    },
    {
        "type": "message",
        "user": "U7RE90REK",
        "text": "Risk RAG\nGreen Score = 0\nAmber Score = 2 – 6\nRed Score &gt; 7",
        "ts": "1513195785.000351"
    },
    {
        "type": "message",
        "user": "U7RE90REK",
        "text": "the reason I put green only 0",
        "ts": "1513195792.000217"
    },
    {
        "type": "message",
        "user": "U7RE90REK",
        "text": "was I'd expect most flights\/passengers to have 0 convictions",
        "ts": "1513195806.000159"
    },
    {
        "type": "message",
        "user": "U7RE90REK",
        "text": "and I thought if there was any dodginess to go to Amber",
        "ts": "1513195820.000114"
    },
    {
        "type": "message",
        "user": "U7RE90REK",
        "text": "but I'm happy to be contradicted",
        "ts": "1513195827.000578"
    },
    {
        "type": "message",
        "user": "U7RE90REK",
        "text": "the amber\/red",
        "ts": "1513195863.000235"
    },
    {
        "type": "message",
        "user": "U7RE90REK",
        "text": "that will depend on what your criteria are",
        "ts": "1513195870.000144"
    },
    {
        "type": "message",
        "user": "U7RE90REK",
        "text": "It thought even if there's one person with a terrorism conviction\/watch list",
        "ts": "1513195887.000576"
    },
    {
        "type": "message",
        "user": "U7RE90REK",
        "text": "the risk should be red",
        "ts": "1513195893.000606"
    },
    {
        "type": "message",
        "user": "U7RE90REK",
        "text": "Leo I'm happy for you to apply whatever you think",
        "ts": "1513195919.000454"
    },
    {
        "type": "message",
        "user": "U7RE90REK",
        "text": "that was just my suggestion, but I think whatever it is, it needs to be stated",
        "ts": "1513195939.000482"
    },
    {
        "type": "message",
        "user": "U7RE90REK",
        "text": "I can add some text to the risk page explaining the score if you want",
        "ts": "1513195954.000425"
    },
    {
        "type": "message",
        "user": "U7YJDN73R",
        "text": "It's fine",
        "ts": "1513195959.000418"
    },
    {
        "type": "message",
        "user": "U7YJDN73R",
        "text": "Thanks",
        "ts": "1513195965.000256"
    },
    {
        "type": "message",
        "user": "U7RE90REK",
        "text": "or if you give me the scores I can write something and give it to you to add to the page",
        "ts": "1513195967.000692"
    },
    {
        "type": "message",
        "user": "U7RE90REK",
        "text": "Rob if you need any help with the diagram or adding data I can help with that too",
        "ts": "1513195992.000139"
    },
    {
        "type": "message",
        "user": "U7RE90REK",
        "text": "I'll stay on slack tonight just ask",
        "ts": "1513196007.000491"
    },
    {
        "type": "message",
        "user": "U7RE90REK",
        "text": "I'm going to check all the meetings write up the last few",
        "ts": "1513196016.000363"
    },
    {
        "type": "message",
        "user": "U7RE90REK",
        "text": "run through the sprint one stuff and check I've not forgotten anything",
        "ts": "1513196030.000299"
    },
    {
        "type": "message",
        "user": "U7RE90REK",
        "text": "We have until the 27th I believe to finish docs, we need to do a self assessment and an assessment of all other team members by the 27th",
        "ts": "1513196081.000159"
    },
    {
        "type": "message",
        "user": "U7TAF6RMF",
        "text": "Hi Takis ",
        "ts": "1513196575.000409"
    },
    {
        "type": "message",
        "user": "U7RE90REK",
        "text": "hi",
        "ts": "1513197336.000267"
    },
    {
        "type": "message",
        "user": "U7TAF6RMF",
        "text": "I am going to upload admin login on GitHub.....,AdminHome.php is updated ",
        "ts": "1513197442.000001"
    },
    {
        "type": "message",
        "user": "U7RE90REK",
        "text": "erm .. we're not using adminHome.php",
        "ts": "1513197487.000208"
    },
    {
        "type": "message",
        "user": "U7RE90REK",
        "text": "index.php -&gt; homePage.php",
        "ts": "1513197499.000156"
    },
    {
        "type": "message",
        "user": "U7TAF6RMF",
        "text": "Ok",
        "ts": "1513197516.000014"
    },
    {
        "type": "message",
        "user": "U7TAF6RMF",
        "text": "I will see now",
        "ts": "1513197528.000687"
    },
    {
        "type": "message",
        "user": "U7Q6YMWN4",
        "text": "Hi guys, Just in case you did not see this message. I have seen on the blackboard. It  says Dec. 27th from 8am - 5pm scheduled system maintenance.",
        "ts": "1513198833.000441"
    },
    {
        "type": "message",
        "user": "U7TAF6RMF",
        "text": "Yes tomorrow just to show what we achieved so far Takis",
        "ts": "1513198915.000488"
    },
    {
        "type": "message",
        "user": "U7YJDN73R",
        "text": "RiskDetails now is dynamic, anyone can try it on Rob's server, if you make $result2=10 it gives you red less than 7 amber, less than 3 Green",
        "ts": "1513199330.000009"
    },
    {
        "type": "message",
        "user": "U7YJDN73R",
        "text": "I need now Omer to finish PassengerDetails.php and Rob to populate the Risk_Details table so we can make the whole thing work and show it to Ben tomorrow",
        "ts": "1513199373.000133"
    },
    {
        "type": "message",
        "user": "U7RE90REK",
        "text": "That's good",
        "ts": "1513199510.000193"
    },
    {
        "type": "message",
        "user": "U7TAF6RMF",
        "text": "Leo which code do use for the connection with the database ",
        "ts": "1513199999.000095"
    },
    {
        "type": "message",
        "user": "U7Q9MGYN8",
        "text": "Ok, database has been fully loaded with dummy data, ready to be worked with. ERD has also been updated, both changes are on GitHub",
        "ts": "1513200890.000440"
    },
    {
        "type": "message",
        "user": "U7TAF6RMF",
        "text": "Ok guys can you you test PassengerDetailsFound.php on your server with your tables",
        "ts": "1513201041.000205"
    },
    {
        "type": "message",
        "user": "U7YJDN73R",
        "text": "<@U7TAF6RMF> on Rob's server it's connect.php",
        "ts": "1513201581.000093"
    },
    {
        "type": "message",
        "user": "U7YJDN73R",
        "text": "Can you also make for the FlightDetails ? it should be easy so I do the rest of the pages for flights too",
        "ts": "1513201614.000300"
    },
    {
        "type": "message",
        "user": "U7TAF6RMF",
        "text": "I have uploaded passenger details on GitHub just now can you test it on Rob's server please ",
        "ts": "1513201695.000677"
    },
    {
        "type": "message",
        "user": "U7TAF6RMF",
        "text": "Ok",
        "ts": "1513201729.000036"
    },
    {
        "type": "message",
        "user": "U7YJDN73R",
        "text": "I can't see it Omer",
        "ts": "1513201749.000497"
    },
    {
        "type": "message",
        "user": "U7YJDN73R",
        "text": "I just saw it now, we usually upload the back end and front end codes in the SiteCode document",
        "ts": "1513201808.000466"
    },
    {
        "type": "message",
        "user": "U7TAF6RMF",
        "text": "Sorry it is on code I will put it in siteCode",
        "ts": "1513201871.000451"
    },
    {
        "type": "message",
        "user": "U7YJDN73R",
        "text": "<@U7Q9MGYN8> are you still connected to your server ? please let me know when you finish",
        "ts": "1513201911.000169"
    },
    {
        "type": "message",
        "user": "U7YJDN73R",
        "text": "<@U7TAF6RMF> I got the following message on Rob's server \"Fatal error: Uncaught Error: Call to a member function query() on null in \/var\/www\/html\/PassengerDetailsFound.php:10 Stack trace: #0 {main} thrown in \/var\/www\/html\/PassengerDetailsFound.php on line 10 \"",
        "ts": "1513203908.000454"
    },
    {
        "type": "message",
        "user": "U7TAF6RMF",
        "text": "Have you changed the database connection and the table name in the code",
        "ts": "1513204274.000464"
    },
    {
        "type": "message",
        "user": "U7Q9MGYN8",
        "text": "Just tested and the database seems to be working, although someone just connected so I got booted haha",
        "ts": "1513210347.000086"
    }
]