[
    {
        "type": "message",
        "user": "U7Q9MGYN8",
        "text": "<!everyone> ive been called into work tonight, and as a such I won't be able to attend the meeting on Skype tonight. I'll be getting back around 9pm so I'll check in when I'm back to catch up. Sorry for the inconvenience. ",
        "ts": "1511199765.000520"
    },
    {
        "type": "message",
        "user": "U7TAF6RMF",
        "text": "Hi everyone, where are we going to have the meeting at Skype for business or Slack",
        "ts": "1511202210.000488"
    },
    {
        "type": "message",
        "user": "U7RE90REK",
        "text": "Well we tried business skype last time",
        "ts": "1511203800.000231"
    },
    {
        "type": "message",
        "user": "U7RE90REK",
        "text": "lets try normal skype now",
        "ts": "1511203804.000489"
    },
    {
        "type": "message",
        "user": "U7XGJRZ9S",
        "text": "hi all, i am in",
        "ts": "1511204302.000199"
    },
    {
        "type": "message",
        "user": "U7XGJRZ9S",
        "text": "hello.",
        "ts": "1511204434.000398"
    },
    {
        "type": "message",
        "user": "U7RE90REK",
        "text": "hi Badi",
        "ts": "1511204470.000139"
    },
    {
        "type": "message",
        "user": "U7RE90REK",
        "text": "so shall we try to connect on normal skype?",
        "ts": "1511204495.000285"
    },
    {
        "type": "message",
        "user": "U7TAF6RMF",
        "text": "Hi everyone",
        "ts": "1511204497.000310"
    },
    {
        "type": "message",
        "user": "U7RE90REK",
        "text": "Hi Omer",
        "ts": "1511204502.000268"
    },
    {
        "type": "message",
        "user": "U7RE90REK",
        "text": "or we can just discuss here on chat",
        "ts": "1511204508.000238"
    },
    {
        "type": "message",
        "user": "U7YJDN73R",
        "text": "Hello Everyone , I'm online on both skype business and skype I added Takis on my skype account",
        "ts": "1511204509.000345"
    },
    {
        "type": "message",
        "user": "U7XGJRZ9S",
        "text": "yes",
        "ts": "1511204509.000369"
    },
    {
        "type": "message",
        "user": "U7XGJRZ9S",
        "text": "let's try skype, if it does not work then we can carry on chat",
        "ts": "1511204539.000348"
    },
    {
        "type": "message",
        "user": "U7TAF6RMF",
        "text": "Ok I am online on business and the normal one",
        "ts": "1511204561.000022"
    },
    {
        "type": "message",
        "user": "U7YJDN73R",
        "text": "If everyone is on skype business let's do it there, if not then lets try normal skype",
        "ts": "1511204564.000391"
    },
    {
        "type": "message",
        "user": "U7Q6YMWN4",
        "text": "Hi all",
        "ts": "1511204596.000419"
    },
    {
        "type": "message",
        "user": "U7TAF6RMF",
        "text": "I need your contact details for Skype ",
        "ts": "1511204603.000019"
    },
    {
        "type": "message",
        "user": "U7RE90REK",
        "text": "I haven't had a message to confirm",
        "ts": "1511204746.000118"
    },
    {
        "type": "message",
        "user": "U7RE90REK",
        "text": "the new skype client has been doing this to me",
        "ts": "1511204752.000107"
    },
    {
        "type": "message",
        "user": "U7XGJRZ9S",
        "text": "my normal skype <mailto:lubangu@hotmail.com|lubangu@hotmail.com>",
        "ts": "1511204752.000294"
    },
    {
        "type": "message",
        "user": "U7RE90REK",
        "text": "Omer what's your skype id",
        "ts": "1511204762.000232"
    },
    {
        "type": "message",
        "user": "U7RE90REK",
        "text": "I'll message you that normally works",
        "ts": "1511204767.000310"
    },
    {
        "type": "message",
        "user": "U7YJDN73R",
        "text": "Takis did you receive add request from me ?  I sent you a request",
        "ts": "1511204790.000313"
    },
    {
        "type": "message",
        "user": "U7TAF6RMF",
        "text": "Omer Abdalla ",
        "ts": "1511204793.000126"
    },
    {
        "type": "message",
        "user": "U7RE90REK",
        "text": "I'm getting a few Omer",
        "ts": "1511204819.000545"
    },
    {
        "type": "message",
        "user": "U7RE90REK",
        "text": "what email address did you use?",
        "ts": "1511204824.000396"
    },
    {
        "type": "message",
        "user": "U7RE90REK",
        "text": "Ok I've got Badi",
        "ts": "1511204889.000349"
    },
    {
        "type": "message",
        "user": "U7RE90REK",
        "text": "Leo try texting me",
        "ts": "1511204898.000276"
    },
    {
        "type": "message",
        "user": "U7TAF6RMF",
        "text": "<mailto:Omeradia88@hotmail.com|Omeradia88@hotmail.com>",
        "ts": "1511204917.000042"
    },
    {
        "type": "message",
        "user": "U7YJDN73R",
        "text": "\"Messaging disabled until request is accepted\"",
        "ts": "1511204938.000427"
    },
    {
        "type": "message",
        "user": "U7YJDN73R",
        "text": "try to add me: leo16163",
        "ts": "1511204955.000038"
    },
    {
        "type": "message",
        "user": "U7RE90REK",
        "text": "it's saying nobody found",
        "ts": "1511204995.000455"
    },
    {
        "type": "message",
        "user": "U7RE90REK",
        "text": "I've messaged badi and omer",
        "ts": "1511205002.000063"
    },
    {
        "type": "message",
        "user": "U7RE90REK",
        "text": "marina?",
        "ts": "1511205003.000427"
    },
    {
        "type": "message",
        "user": "U7RE90REK",
        "text": "let me try the email Leo",
        "ts": "1511205012.000755"
    },
    {
        "type": "message",
        "user": "U7YJDN73R",
        "text": "sorry it's leo16168",
        "ts": "1511205015.000473"
    },
    {
        "type": "message",
        "user": "U7RE90REK",
        "text": "it worked for the other two",
        "ts": "1511205016.000287"
    },
    {
        "type": "message",
        "user": "U7RE90REK",
        "text": "ok one sec",
        "ts": "1511205018.000757"
    },
    {
        "type": "message",
        "user": "U7RE90REK",
        "text": "Ok got you leo I've messaged",
        "ts": "1511205049.000433"
    },
    {
        "type": "message",
        "user": "U7TAF6RMF",
        "text": "Get you Leo ",
        "ts": "1511205132.000124"
    },
    {
        "type": "message",
        "user": "U7TAF6RMF",
        "text": "Taxi get you but your status is away ",
        "ts": "1511205178.000058"
    },
    {
        "type": "message",
        "user": "U7RE90REK",
        "text": "ok I've got that turned off",
        "ts": "1511205300.000268"
    },
    {
        "type": "message",
        "user": "U7RE90REK",
        "text": "to stop my family pestering me",
        "ts": "1511205306.000430"
    },
    {
        "type": "message",
        "user": "U7RE90REK",
        "text": ":slightly_smiling_face:",
        "ts": "1511205308.000252"
    },
    {
        "type": "message",
        "user": "U7XGJRZ9S",
        "text": "ah ah lol",
        "ts": "1511205317.000381"
    },
    {
        "type": "message",
        "user": "U7RE90REK",
        "text": "Marina",
        "ts": "1511205318.000506"
    },
    {
        "type": "message",
        "user": "U7Q6YMWN4",
        "text": "Takis I did not use my personal Skype for years, so it is under marina mordin could u try and find me please",
        "ts": "1511205326.000030"
    },
    {
        "type": "message",
        "user": "U7RE90REK",
        "text": "can we add you?",
        "ts": "1511205327.000291"
    },
    {
        "type": "message",
        "user": "U7RE90REK",
        "text": "yes one sec",
        "ts": "1511205336.000363"
    },
    {
        "type": "message",
        "user": "U7Q6YMWN4",
        "text": "I have a robot icon",
        "ts": "1511205368.000534"
    },
    {
        "type": "message",
        "user": "U7RE90REK",
        "text": "yep got you",
        "ts": "1511205380.000697"
    },
    {
        "type": "message",
        "user": "U7RE90REK",
        "text": "I've messaged you",
        "ts": "1511205383.000306"
    },
    {
        "type": "message",
        "user": "U7RE90REK",
        "text": "if you didn't get the message look for me",
        "ts": "1511205388.000372"
    },
    {
        "type": "message",
        "user": "U7RE90REK",
        "text": "<mailto:takis@takis.co.uk|takis@takis.co.uk> and message me please",
        "ts": "1511205393.000217"
    },
    {
        "type": "message",
        "user": "U7TAF6RMF",
        "text": "\nMarina I found you",
        "ts": "1511205460.000238"
    },
    {
        "type": "message",
        "user": "U7TAF6RMF",
        "text": "Lubangu what is your user name I found many people in this name",
        "ts": "1511205570.000039"
    },
    {
        "type": "message",
        "user": "U7YJDN73R",
        "text": "Omer,Marina did you receive voice call from Takis ?",
        "ts": "1511205771.000641"
    },
    {
        "type": "message",
        "user": "U7RE90REK",
        "text": "Ok guys lets do the meeting here",
        "ts": "1511206168.000731"
    },
    {
        "type": "message",
        "user": "U7RE90REK",
        "text": "So the first priority is to define some actions",
        "ts": "1511206193.000071"
    },
    {
        "type": "message",
        "user": "U7RE90REK",
        "text": "to deliver for Thursday",
        "ts": "1511206198.000212"
    },
    {
        "type": "message",
        "user": "U7TAF6RMF",
        "text": "Ok",
        "ts": "1511206198.000668"
    },
    {
        "type": "message",
        "user": "U7RE90REK",
        "text": "So Marina and myself on front end",
        "ts": "1511206204.000512"
    },
    {
        "type": "message",
        "user": "U7RE90REK",
        "text": "will deliver a basic site outline in html\/css",
        "ts": "1511206212.000548"
    },
    {
        "type": "message",
        "user": "U7XGJRZ9S",
        "text": "thanks Takis for the effort in skype, we can carry on here for the time being",
        "ts": "1511206217.000365"
    },
    {
        "type": "message",
        "user": "U7RE90REK",
        "text": "the home page will have a map",
        "ts": "1511206218.000341"
    },
    {
        "type": "message",
        "user": "U7RE90REK",
        "text": "and a search form",
        "ts": "1511206246.000002"
    },
    {
        "type": "message",
        "user": "U7RE90REK",
        "text": "any ideas for navigation?",
        "ts": "1511206268.000374"
    },
    {
        "type": "message",
        "user": "U7RE90REK",
        "text": "Marina has done a site layout",
        "ts": "1511206278.000642"
    },
    {
        "type": "message",
        "user": "U7RE90REK",
        "text": "but I'll come on to the other pages",
        "ts": "1511206283.000015"
    },
    {
        "type": "message",
        "user": "U7TAF6RMF",
        "text": "I did some design for the page you can look at it if if it is ok",
        "ts": "1511206391.000424"
    },
    {
        "type": "message",
        "user": "U7RE90REK",
        "text": "ok that's good",
        "ts": "1511206398.000693"
    },
    {
        "type": "message",
        "user": "U7RE90REK",
        "text": "Lets start uploading stuff to git",
        "ts": "1511206408.000671"
    },
    {
        "type": "message",
        "user": "U7RE90REK",
        "text": "it's not perfect",
        "ts": "1511206412.000414"
    },
    {
        "type": "message",
        "user": "U7RE90REK",
        "text": "upload it to the code repository",
        "ts": "1511206419.000275"
    },
    {
        "type": "message",
        "user": "U7YJDN73R",
        "text": "Ok guys, I believe in the first story we need to Entity Modelling for the database, at  Front end The front end developers should start working on the dashboard, at the back end me and omar should start writing the back end code for sending and receiving data to from database (list of passengers against certain criteria,flight details, individual passenger details",
        "ts": "1511206420.000331"
    },
    {
        "type": "message",
        "user": "U7RE90REK",
        "text": "or just email it",
        "ts": "1511206422.000669"
    },
    {
        "type": "message",
        "user": "U7XGJRZ9S",
        "text": "can i have the link, it looks that i have missed out about the layout",
        "ts": "1511206426.000446"
    },
    {
        "type": "message",
        "user": "U7RE90REK",
        "text": "ok the dashboard",
        "ts": "1511206436.000710"
    },
    {
        "type": "message",
        "user": "U7RE90REK",
        "text": "how do you envisage it",
        "ts": "1511206440.000615"
    },
    {
        "type": "message",
        "user": "U7RE90REK",
        "text": "so home page we have the map",
        "ts": "1511206448.000629"
    },
    {
        "type": "message",
        "user": "U7RE90REK",
        "text": "and the dashboard",
        "ts": "1511206451.000480"
    },
    {
        "type": "message",
        "user": "U7RE90REK",
        "text": "I don't think anyone's seen it",
        "ts": "1511206509.000046"
    },
    {
        "type": "message",
        "user": "U7YJDN73R",
        "text": "Omar next Thursday at the uni we start writing the server side code, I will try to come at 9:00 am",
        "ts": "1511206509.000360"
    },
    {
        "type": "message",
        "user": "U7RE90REK",
        "text": "is there any reason not to start soemthing now?",
        "ts": "1511206526.000271"
    },
    {
        "type": "message",
        "user": "U7RE90REK",
        "text": "so we can show some progress for Thursday",
        "ts": "1511206540.000249"
    },
    {
        "type": "message",
        "user": "U7YJDN73R",
        "text": "No , but I don't want to be too optimistic :stuck_out_tongue:",
        "ts": "1511206543.000193"
    },
    {
        "type": "message",
        "user": "U7TAF6RMF",
        "text": "Have you seen the storyboard that I oploaded",
        "ts": "1511206543.000414"
    },
    {
        "type": "message",
        "user": "U7RE90REK",
        "text": "even if it's just a search box",
        "ts": "1511206544.000564"
    },
    {
        "type": "message",
        "user": "U7RE90REK",
        "text": "connect to db",
        "ts": "1511206552.000587"
    },
    {
        "type": "message",
        "user": "U7RE90REK",
        "text": "list all passengers",
        "ts": "1511206556.000360"
    },
    {
        "type": "message",
        "user": "U7RE90REK",
        "text": "it would be something to tick off",
        "ts": "1511206562.000313"
    },
    {
        "type": "message",
        "user": "U7RE90REK",
        "text": "the thing is we're doing an agile module",
        "ts": "1511206570.000039"
    },
    {
        "type": "message",
        "user": "U7RE90REK",
        "text": "so it's important to have the tasks on a list",
        "ts": "1511206578.000140"
    },
    {
        "type": "message",
        "user": "U7RE90REK",
        "text": "and allocated",
        "ts": "1511206580.000683"
    },
    {
        "type": "message",
        "user": "U7RE90REK",
        "text": "it doesn't even matter than much if it doesn't work",
        "ts": "1511206589.000315"
    },
    {
        "type": "message",
        "user": "U7YJDN73R",
        "text": "and I need to revise php and server side coding , maybe I can't start straight away",
        "ts": "1511206592.000325"
    },
    {
        "type": "message",
        "user": "U7RE90REK",
        "text": "but we need to have some sprint activities",
        "ts": "1511206595.000390"
    },
    {
        "type": "message",
        "user": "U7RE90REK",
        "text": "lol",
        "ts": "1511206598.000572"
    },
    {
        "type": "message",
        "user": "U7TAF6RMF",
        "text": "I agreed with Rob that he is going to use MySQL database ",
        "ts": "1511206601.000131"
    },
    {
        "type": "message",
        "user": "U7RE90REK",
        "text": "you and me both",
        "ts": "1511206606.000004"
    },
    {
        "type": "message",
        "user": "U7RE90REK",
        "text": "I did php in 2005",
        "ts": "1511206609.000434"
    },
    {
        "type": "message",
        "user": "U7YJDN73R",
        "text": "I've done in 2015 but still I need to revise , I think I can be ready next Thursday, but if Omar is available today we can try to write something I don't mind",
        "ts": "1511206655.000143"
    },
    {
        "type": "message",
        "user": "U7YJDN73R",
        "text": "Or I will try on my own",
        "ts": "1511206667.000041"
    },
    {
        "type": "message",
        "user": "U7TAF6RMF",
        "text": "I am going to upload the code that connect to the database ",
        "ts": "1511206672.000157"
    },
    {
        "type": "message",
        "user": "U7RE90REK",
        "text": "ok so Leo Omer",
        "ts": "1511206691.000387"
    },
    {
        "type": "message",
        "user": "U7RE90REK",
        "text": "connection to db from front end",
        "ts": "1511206699.000030"
    },
    {
        "type": "message",
        "user": "U7RE90REK",
        "text": "Marina myself front end home page and map",
        "ts": "1511206708.000669"
    },
    {
        "type": "message",
        "user": "U7RE90REK",
        "text": "who'd doing db?",
        "ts": "1511206713.000054"
    },
    {
        "type": "message",
        "user": "U7YJDN73R",
        "text": "Omer have you already written anything ? or you gonna copy a written code from elsewhere ?",
        "ts": "1511206717.000215"
    },
    {
        "type": "message",
        "user": "U7YJDN73R",
        "text": "Rob and Badi",
        "ts": "1511206726.000656"
    },
    {
        "type": "message",
        "user": "U7TAF6RMF",
        "text": "Okay I will do that &amp; the home page design ",
        "ts": "1511206745.000089"
    },
    {
        "type": "message",
        "user": "U7YJDN73R",
        "text": "Omer me and you are at the backend ,",
        "ts": "1511206763.000179"
    },
    {
        "type": "message",
        "user": "U7RE90REK",
        "text": "when you say the home page design you mean an idea for the dashboard?",
        "ts": "1511206763.000376"
    },
    {
        "type": "message",
        "user": "U7RE90REK",
        "text": "Badi remind me what you were allocated?",
        "ts": "1511206775.000044"
    },
    {
        "type": "message",
        "user": "U7TAF6RMF",
        "text": " I wrote something Leo",
        "ts": "1511206784.000232"
    },
    {
        "type": "message",
        "user": "U7RE90REK",
        "text": "ok for sprint one db entity diagram",
        "ts": "1511206793.000134"
    },
    {
        "type": "message",
        "user": "U7XGJRZ9S",
        "text": "it looks like that I can be there for testing",
        "ts": "1511206795.000015"
    },
    {
        "type": "message",
        "user": "U7RE90REK",
        "text": "can we do some tables with user details",
        "ts": "1511206799.000559"
    },
    {
        "type": "message",
        "user": "U7RE90REK",
        "text": "risks",
        "ts": "1511206801.000266"
    },
    {
        "type": "message",
        "user": "U7RE90REK",
        "text": "flight numbers?",
        "ts": "1511206805.000705"
    },
    {
        "type": "message",
        "user": "U7RE90REK",
        "text": "just 3-4 tables for sprint one",
        "ts": "1511206813.000335"
    },
    {
        "type": "message",
        "user": "U7RE90REK",
        "text": "again jsut so we complete an activity",
        "ts": "1511206819.000538"
    },
    {
        "type": "message",
        "user": "U7RE90REK",
        "text": "we can expand after",
        "ts": "1511206822.000367"
    },
    {
        "type": "message",
        "user": "U7YJDN73R",
        "text": "Takis I think there should be no more than 3 tables for the whole project",
        "ts": "1511206837.000196"
    },
    {
        "type": "message",
        "user": "U7RE90REK",
        "text": "yes",
        "ts": "1511206864.000395"
    },
    {
        "type": "message",
        "user": "U7RE90REK",
        "text": "but this is sprint one",
        "ts": "1511206867.000449"
    },
    {
        "type": "message",
        "user": "U7RE90REK",
        "text": "we have 2 days",
        "ts": "1511206871.000169"
    },
    {
        "type": "message",
        "user": "U7TAF6RMF",
        "text": "Yes with some links to the other pages and you Marina can add your work on it",
        "ts": "1511206876.000379"
    },
    {
        "type": "message",
        "user": "U7RE90REK",
        "text": "3-4 tables is better than no tables",
        "ts": "1511206879.000503"
    },
    {
        "type": "message",
        "user": "U7RE90REK",
        "text": "then on Thursday",
        "ts": "1511206885.000345"
    },
    {
        "type": "message",
        "user": "U7RE90REK",
        "text": "sprint 2",
        "ts": "1511206887.000166"
    },
    {
        "type": "message",
        "user": "U7RE90REK",
        "text": "we will have a better idea",
        "ts": "1511206899.000206"
    },
    {
        "type": "message",
        "user": "U7RE90REK",
        "text": "and more time",
        "ts": "1511206902.000390"
    },
    {
        "type": "message",
        "user": "U7RE90REK",
        "text": "what does everyone think",
        "ts": "1511206913.000622"
    },
    {
        "type": "message",
        "user": "U7TAF6RMF",
        "text": "Let's do it on Friday because I have to work ",
        "ts": "1511206932.000009"
    },
    {
        "type": "message",
        "user": "U7XGJRZ9S",
        "text": "Wednesday or Friday for me i dont know about the rest of the team.#",
        "ts": "1511206991.000421"
    },
    {
        "type": "message",
        "user": "U7TAF6RMF",
        "text": "The tables is Rob job or not guys ",
        "ts": "1511207015.000417"
    },
    {
        "type": "message",
        "user": "U7YJDN73R",
        "text": "It's supposed to be Rob's job, but according to what Ben said last time, if someone is too busy we can do his\/her task",
        "ts": "1511207090.000087"
    },
    {
        "type": "message",
        "user": "U7TAF6RMF",
        "text": "You can do the back end with Badi",
        "ts": "1511207108.000690"
    },
    {
        "type": "message",
        "user": "U7YJDN73R",
        "text": "Well it's gonna chaos if we keep changing roles\/responsibilities",
        "ts": "1511207140.000605"
    },
    {
        "type": "message",
        "user": "U7YJDN73R",
        "text": "gonna be*",
        "ts": "1511207157.000362"
    },
    {
        "type": "message",
        "user": "U7TAF6RMF",
        "text": "Ok but I think he did what work ",
        "ts": "1511207164.000199"
    },
    {
        "type": "message",
        "user": "U7XGJRZ9S",
        "text": "yes i think Leo is right, it is better to keep the roles",
        "ts": "1511207204.000537"
    },
    {
        "type": "message",
        "user": "U7XGJRZ9S",
        "text": "and we should at least have a strict schedule if we want to complete this project",
        "ts": "1511207312.000355"
    },
    {
        "type": "message",
        "user": "U7TAF6RMF",
        "text": "I mean with us Badi can do the backend ",
        "ts": "1511207317.000404"
    },
    {
        "type": "message",
        "user": "U7RE90REK",
        "text": "yes it's important to try to stick to a plan",
        "ts": "1511207342.000712"
    },
    {
        "type": "message",
        "user": "U7RE90REK",
        "text": "lets leave it for tonight",
        "ts": "1511207360.000164"
    },
    {
        "type": "message",
        "user": "U7RE90REK",
        "text": "lets have a quick chat tomorrow",
        "ts": "1511207367.000190"
    },
    {
        "type": "message",
        "user": "U7TAF6RMF",
        "text": "Did you see the storyboard because that what Ben think it should be like that on the lecture ",
        "ts": "1511207472.000060"
    },
    {
        "type": "message",
        "user": "U7XGJRZ9S",
        "text": "what time tomorrow? possible time for me around this time  (Mondays, Wednesdays, Fridays) - Saturday (all day)",
        "ts": "1511207505.000188"
    },
    {
        "type": "message",
        "user": "U7TAF6RMF",
        "text": "Tomorrow 7 pm is ok for me ",
        "ts": "1511207567.000092"
    },
    {
        "type": "message",
        "user": "U7XGJRZ9S",
        "text": "or lunch time",
        "ts": "1511207584.000363"
    },
    {
        "type": "message",
        "user": "U7YJDN73R",
        "text": "it's ok for me too",
        "ts": "1511207596.000581"
    },
    {
        "type": "message",
        "user": "U7XGJRZ9S",
        "text": "what about the rest of the team?",
        "ts": "1511207614.000608"
    },
    {
        "type": "message",
        "user": "U7Q6YMWN4",
        "text": "7pm is ok for me",
        "ts": "1511207652.000179"
    },
    {
        "type": "message",
        "user": "U7TAF6RMF",
        "text": "Ok 7pm",
        "ts": "1511207679.000384"
    },
    {
        "type": "message",
        "user": "U7YJDN73R",
        "text": "Takis ?",
        "ts": "1511207681.000529"
    },
    {
        "type": "message",
        "user": "U7XGJRZ9S",
        "text": "ok guys I will catch up",
        "ts": "1511207947.000021"
    },
    {
        "type": "message",
        "user": "U7XGJRZ9S",
        "text": "later",
        "ts": "1511207969.000052"
    },
    {
        "type": "message",
        "user": "U7YJDN73R",
        "text": "See you Badi",
        "ts": "1511208081.000471"
    },
    {
        "type": "message",
        "user": "U7RE90REK",
        "text": "Sorry I had to leave yes 7",
        "ts": "1511208465.000478"
    },
    {
        "type": "message",
        "user": "U7RE90REK",
        "text": "I'll write up the meeting minutes and put them on the Wiki",
        "ts": "1511208552.000250"
    },
    {
        "type": "message",
        "user": "U7TAF6RMF",
        "text": "No problem, okay see you tomorrow 7pm",
        "ts": "1511208640.000380"
    }
]