[
    {
        "type": "message",
        "user": "U7TAF6RMF",
        "text": "Good morning guys I want to know who is  available now so can have the daily meeting and discuss what we had yesterday with Mr Ben and what everyone done so far",
        "ts": "1510916850.000165"
    },
    {
        "type": "message",
        "user": "U7RE90REK",
        "text": "Hi Marina Leo",
        "ts": "1510945277.000189"
    },
    {
        "type": "message",
        "user": "U7Q6YMWN4",
        "text": "Hi Takis",
        "ts": "1510945336.000645"
    },
    {
        "type": "message",
        "user": "U7Q6YMWN4",
        "text": "I have read the spec, did you?",
        "ts": "1510945375.000378"
    },
    {
        "type": "message",
        "user": "U7RE90REK",
        "text": "yes I have",
        "ts": "1510945388.000362"
    },
    {
        "type": "message",
        "user": "U7RE90REK",
        "text": "I've been breaking it down into tasks",
        "ts": "1510945402.000391"
    },
    {
        "type": "message",
        "user": "U7RE90REK",
        "text": "for the product backlog",
        "ts": "1510945406.000386"
    },
    {
        "type": "message",
        "user": "U7RE90REK",
        "text": "give me 5 mins",
        "ts": "1510945411.000263"
    },
    {
        "type": "message",
        "user": "U7RE90REK",
        "text": "Ok so it's ok talking about the tech but what we're missing is the Agile stuff from what I can see",
        "ts": "1510945804.000347"
    },
    {
        "type": "message",
        "user": "U7RE90REK",
        "text": "So I took the spec and I've broken it down into hight level stories",
        "ts": "1510945854.000429"
    },
    {
        "type": "message",
        "user": "U7RE90REK",
        "text": "for the product backlog",
        "ts": "1510945859.000538"
    },
    {
        "type": "message",
        "user": "U7Q6YMWN4",
        "text": "Ok tech side",
        "ts": "1510945937.000728"
    },
    {
        "type": "message",
        "user": "U7YJDN73R",
        "text": "Hi Takis, I tried to do the same thing yesterday",
        "ts": "1510945951.000548"
    },
    {
        "type": "message",
        "user": "U7RE90REK",
        "text": "and then from those we can make some",
        "ts": "1510945953.000149"
    },
    {
        "type": "message",
        "user": "U7RE90REK",
        "text": "sprint stories",
        "ts": "1510945958.000388"
    },
    {
        "type": "message",
        "user": "U7RE90REK",
        "text": "also Ben wants us to write up what we've done so far",
        "ts": "1510945968.000063"
    },
    {
        "type": "message",
        "user": "U7RE90REK",
        "text": "So we need to take what little we've done and turn it into actions for the first sprint",
        "ts": "1510945985.000057"
    },
    {
        "type": "message",
        "user": "U7RE90REK",
        "text": "So what I was thinking",
        "ts": "1510946141.000147"
    },
    {
        "type": "message",
        "user": "U7RE90REK",
        "text": "because I can't stay long now",
        "ts": "1510946146.000003"
    },
    {
        "type": "message",
        "user": "U7RE90REK",
        "text": "is if I email you what I've done tomorrow",
        "ts": "1510946157.000052"
    },
    {
        "type": "message",
        "user": "U7RE90REK",
        "text": "then we can go through it and post it on here for everyone to review",
        "ts": "1510946167.000429"
    },
    {
        "type": "message",
        "user": "U7RE90REK",
        "text": "and then we can make some finer grained front end stories",
        "ts": "1510946184.000056"
    },
    {
        "type": "message",
        "user": "U7RE90REK",
        "text": "for the next sprint",
        "ts": "1510946186.000445"
    },
    {
        "type": "message",
        "user": "U7RE90REK",
        "text": "we can discuss over the weekend",
        "ts": "1510946192.000216"
    },
    {
        "type": "message",
        "user": "U7RE90REK",
        "text": "then start on Monday",
        "ts": "1510946194.000688"
    },
    {
        "type": "message",
        "user": "U7Q6YMWN4",
        "text": "sounds good",
        "ts": "1510946239.000177"
    },
    {
        "type": "message",
        "user": "U7RE90REK",
        "text": "Hi Leo",
        "ts": "1510946329.000334"
    },
    {
        "type": "message",
        "user": "U7RE90REK",
        "text": "ok that's good I'll email you too",
        "ts": "1510946336.000175"
    },
    {
        "type": "message",
        "user": "U7YJDN73R",
        "text": "Did you do only for the front end ?",
        "ts": "1510946355.000282"
    },
    {
        "type": "message",
        "user": "U7RE90REK",
        "text": "I'll also look at putting a bit of a structure together",
        "ts": "1510946355.000778"
    },
    {
        "type": "message",
        "user": "U7RE90REK",
        "text": "no I've taken the whole requirement",
        "ts": "1510946362.000362"
    },
    {
        "type": "message",
        "user": "U7RE90REK",
        "text": "and done it in the format",
        "ts": "1510946366.000085"
    },
    {
        "type": "message",
        "user": "U7RE90REK",
        "text": "as a customer:",
        "ts": "1510946372.000231"
    },
    {
        "type": "message",
        "user": "U7RE90REK",
        "text": "I want:",
        "ts": "1510946374.000319"
    },
    {
        "type": "message",
        "user": "U7RE90REK",
        "text": "success criteria:",
        "ts": "1510946379.000125"
    },
    {
        "type": "message",
        "user": "U7RE90REK",
        "text": "and broken Ben's requirement down",
        "ts": "1510946385.000558"
    },
    {
        "type": "message",
        "user": "U7RE90REK",
        "text": "it's not finished yet so send me yours",
        "ts": "1510946398.000209"
    },
    {
        "type": "message",
        "user": "U7YJDN73R",
        "text": "yesterday I tried to capture the functional requirements of the back end, and break it down",
        "ts": "1510946404.000297"
    },
    {
        "type": "message",
        "user": "U7RE90REK",
        "text": "and I'll add it to mine if you want",
        "ts": "1510946405.000153"
    },
    {
        "type": "message",
        "user": "U7RE90REK",
        "text": "ok that's more finer grained I think",
        "ts": "1510946414.000092"
    },
    {
        "type": "message",
        "user": "U7RE90REK",
        "text": "so from mine",
        "ts": "1510946418.000417"
    },
    {
        "type": "message",
        "user": "U7RE90REK",
        "text": "it will feed into yours",
        "ts": "1510946422.000439"
    },
    {
        "type": "message",
        "user": "U7RE90REK",
        "text": "so for example if I have as a client I want to log in to the site",
        "ts": "1510946435.000062"
    },
    {
        "type": "message",
        "user": "U7RE90REK",
        "text": "then you can add your requirements",
        "ts": "1510946439.000579"
    },
    {
        "type": "message",
        "user": "U7RE90REK",
        "text": "backend 1, 2 3",
        "ts": "1510946445.000489"
    },
    {
        "type": "message",
        "user": "U7RE90REK",
        "text": "I will add front end 1,2, 3",
        "ts": "1510946452.000214"
    },
    {
        "type": "message",
        "user": "U7RE90REK",
        "text": "db etc",
        "ts": "1510946457.000192"
    },
    {
        "type": "message",
        "user": "U7RE90REK",
        "text": "then we'll discuss priorit",
        "ts": "1510946461.000577"
    },
    {
        "type": "message",
        "user": "U7RE90REK",
        "text": "to be honest it doesn't matter that much to start",
        "ts": "1510946468.000402"
    },
    {
        "type": "message",
        "user": "U7RE90REK",
        "text": "because the whole point is that we review",
        "ts": "1510946474.000196"
    },
    {
        "type": "message",
        "user": "U7RE90REK",
        "text": "and prioritise with the customer",
        "ts": "1510946479.000293"
    },
    {
        "type": "message",
        "user": "U7RE90REK",
        "text": "for now we just need a chunk of \"stuff\"",
        "ts": "1510946487.000373"
    },
    {
        "type": "message",
        "user": "U7RE90REK",
        "text": "to then put together the activities",
        "ts": "1510946494.000188"
    },
    {
        "type": "message",
        "user": "U7RE90REK",
        "text": "I've got to go I'll copy everyone in",
        "ts": "1510946504.000051"
    },
    {
        "type": "message",
        "user": "U7RE90REK",
        "text": "and document this chat",
        "ts": "1510946508.000280"
    },
    {
        "type": "message",
        "user": "U7YJDN73R",
        "text": "ok cool",
        "ts": "1510946517.000045"
    },
    {
        "type": "message",
        "user": "U7YJDN73R",
        "text": "tc",
        "ts": "1510946518.000172"
    }
]