[
    {
        "type": "message",
        "user": "U7Q9MGYN8",
        "text": "Hi everyone, hope you're all doing well. I've set up a GitHub repository for the upcoming project, along with integrating it into our Slack environment. This will post updates to our channel with Issues, Commits, and Tasks generated using GitHub. If you havent already, sign up on GitHub using your University emails, and I will add you into the project repository.",
        "ts": "1509618631.000244"
    },
    {
        "type": "message",
        "user": "U7Q9MGYN8",
        "text": "Additionally, I would recommend downloading apps for using Slack on either a phone of computer if possible. This will allow us to stay in contact during the sprints (Ive got both, but feel free to use what is best for your circunstances!)",
        "ts": "1509618704.000367"
    },
    {
        "text": "",
        "bot_id": "B7TMZ8CSX",
        "attachments": [
            {
                "fallback": "<https:\/\/github.com\/StaffsMSC-ASD\/ProjectPTS\/tree\/master|[ProjectPTS:master]> <https:\/\/github.com\/StaffsMSC-ASD\/ProjectPTS\/commit\/816d7fea7ee468fcfd616ca1b4e2cde2c2f01820|1 new commit> by Rob Hartley",
                "text": "`<https:\/\/github.com\/StaffsMSC-ASD\/ProjectPTS\/commit\/816d7fea7ee468fcfd616ca1b4e2cde2c2f01820|816d7fe>` Minor update to project title - Rob Hartley",
                "pretext": "<https:\/\/github.com\/StaffsMSC-ASD\/ProjectPTS\/tree\/master|[ProjectPTS:master]> 1 new commit by Rob Hartley:",
                "id": 1,
                "color": "4183C4",
                "mrkdwn_in": [
                    "text",
                    "pretext"
                ]
            }
        ],
        "type": "message",
        "subtype": "bot_message",
        "ts": "1509621551.000178"
    },
    {
        "user": "U7TAF6RMF",
        "text": "<@U7TAF6RMF> has joined the channel",
        "type": "message",
        "subtype": "channel_join",
        "ts": "1509623675.000171"
    }
]