[
    {
        "type": "message",
        "user": "U7YJDN73R",
        "text": "Hi guys, sorry I couldn't attend yesterday's meeting, due to many incidents on M6 and M42 it took 3 hours to make it home from the uni (it normally takes an hour) , hope to see some of you today",
        "ts": "1511547839.000156"
    },
    {
        "type": "message",
        "user": "U7Q9MGYN8",
        "text": "Yeah, I've been working today and there's been tons of accidents on the roads",
        "ts": "1511549095.000179"
    },
    {
        "type": "message",
        "user": "U7RE90REK",
        "text": "Hi everyone",
        "ts": "1511550394.000031"
    },
    {
        "type": "message",
        "user": "U7YJDN73R",
        "text": "Hey Takis",
        "ts": "1511550418.000097"
    },
    {
        "type": "message",
        "user": "U7RE90REK",
        "text": "It's friday night",
        "ts": "1511550503.000220"
    },
    {
        "type": "message",
        "user": "U7RE90REK",
        "text": "so lets not keep it too long",
        "ts": "1511550510.000124"
    },
    {
        "type": "message",
        "user": "U7RE90REK",
        "text": "Ben commented on the front end missing",
        "ts": "1511550522.000036"
    },
    {
        "type": "message",
        "user": "U7RE90REK",
        "text": "it's a bit chicken and egg",
        "ts": "1511550530.000161"
    },
    {
        "type": "message",
        "user": "U7YJDN73R",
        "text": "Agree",
        "ts": "1511550534.000037"
    },
    {
        "type": "message",
        "user": "U7RE90REK",
        "text": "ok so I'm planning to do a big binge of this over the weekend",
        "ts": "1511550547.000140"
    },
    {
        "type": "message",
        "user": "U7RE90REK",
        "text": "I'll read through the requirements",
        "ts": "1511550555.000279"
    },
    {
        "type": "message",
        "user": "U7RE90REK",
        "text": "and based on what Rob said with regards to what is needed",
        "ts": "1511550568.000151"
    },
    {
        "type": "message",
        "user": "U7RE90REK",
        "text": "I'll make a start with the front end",
        "ts": "1511550574.000094"
    },
    {
        "type": "message",
        "user": "U7RE90REK",
        "text": "once we have something on there we can start to adjust",
        "ts": "1511550586.000138"
    },
    {
        "type": "message",
        "user": "U7RE90REK",
        "text": "but we know we have login",
        "ts": "1511550590.000130"
    },
    {
        "type": "message",
        "user": "U7RE90REK",
        "text": "we know we need select and do some searches",
        "ts": "1511550599.000129"
    },
    {
        "type": "message",
        "user": "U7RE90REK",
        "text": "we don't need the map that was a bit of a pain",
        "ts": "1511550606.000030"
    },
    {
        "type": "message",
        "user": "U7RE90REK",
        "text": "so I'll do some basic pages, Marina if you're around",
        "ts": "1511550616.000191"
    },
    {
        "type": "message",
        "user": "U7RE90REK",
        "text": "we can work on this on an adhoc basis together",
        "ts": "1511550625.000156"
    },
    {
        "type": "message",
        "user": "U7YJDN73R",
        "text": "I think Ben's comment is for Omer's task, Omer is gonna configure my php code for the front end",
        "ts": "1511550643.000031"
    },
    {
        "type": "message",
        "user": "U7RE90REK",
        "text": "ok",
        "ts": "1511550665.000113"
    },
    {
        "type": "message",
        "user": "U7YJDN73R",
        "text": "I just have one question about your work that has been done in the previous sprint",
        "ts": "1511550667.000138"
    },
    {
        "type": "message",
        "user": "U7YJDN73R",
        "text": "So I write the php codes for it in this sprint",
        "ts": "1511550683.000156"
    },
    {
        "type": "message",
        "user": "U7YJDN73R",
        "text": "Will the login page allow the site visitors to create new account ? or it just has a login button for the users that are already registered ?",
        "ts": "1511550724.000132"
    },
    {
        "type": "message",
        "user": "U7Q6YMWN4",
        "text": "I am here give me one moment please",
        "ts": "1511550852.000037"
    },
    {
        "type": "message",
        "user": "U7RE90REK",
        "text": "no worries Marina",
        "ts": "1511550859.000142"
    },
    {
        "type": "message",
        "user": "U7RE90REK",
        "text": "I think lets just keep the login for the Admin area",
        "ts": "1511550872.000069"
    },
    {
        "type": "message",
        "user": "U7RE90REK",
        "text": "with prepopulated users",
        "ts": "1511550884.000151"
    },
    {
        "type": "message",
        "user": "U7RE90REK",
        "text": "if we get time we can expand",
        "ts": "1511550890.000031"
    },
    {
        "type": "message",
        "user": "U7RE90REK",
        "text": "Leo what functionality do you have in mind",
        "ts": "1511550909.000022"
    },
    {
        "type": "message",
        "user": "U7RE90REK",
        "text": "e.g. User can search flights",
        "ts": "1511550915.000078"
    },
    {
        "type": "message",
        "user": "U7RE90REK",
        "text": "user can search people",
        "ts": "1511550920.000087"
    },
    {
        "type": "message",
        "user": "U7RE90REK",
        "text": "and what data is displayed?",
        "ts": "1511550926.000273"
    },
    {
        "type": "message",
        "user": "U7YJDN73R",
        "text": "Well in last sprint I wrote codes to retrieve passenger details from DB , list of flights for a certain search criteria, and list of passengers for a certain search criteria, and I think if you do front end work in the next sprint (or next two) it will be good enough, and then we move on to other functionalities, these 3 are the basics that are must according to that paper",
        "ts": "1511551087.000064"
    },
    {
        "type": "message",
        "user": "U7RE90REK",
        "text": "ok that's good",
        "ts": "1511551108.000221"
    },
    {
        "type": "message",
        "user": "U7RE90REK",
        "text": "is the code on github?",
        "ts": "1511551116.000169"
    },
    {
        "type": "message",
        "user": "U7YJDN73R",
        "text": "If you do front end work for these 3 functionalities*",
        "ts": "1511551119.000047"
    },
    {
        "type": "message",
        "user": "U7YJDN73R",
        "text": "yes, and it's in the same folder of your codes , Ben told us not to create many folders so I put them with your codes",
        "ts": "1511551146.000052"
    },
    {
        "type": "message",
        "user": "U7RE90REK",
        "text": "ok yes I thought code, docs and db",
        "ts": "1511551162.000005"
    },
    {
        "type": "message",
        "user": "U7YJDN73R",
        "text": "you can also revise the functionalities of the codes in the tasks, it's in the list of done tasks",
        "ts": "1511551201.000160"
    },
    {
        "type": "message",
        "user": "U7RE90REK",
        "text": "ok cool I've not been on today and much last night",
        "ts": "1511551233.000151"
    },
    {
        "type": "message",
        "user": "U7RE90REK",
        "text": "but that's really good Leo",
        "ts": "1511551239.000097"
    },
    {
        "type": "message",
        "user": "U7RE90REK",
        "text": "Marina we can review this work and discuss over the weekend",
        "ts": "1511551250.000026"
    },
    {
        "type": "message",
        "user": "U7RE90REK",
        "text": "I'll leave messages on slack",
        "ts": "1511551255.000167"
    },
    {
        "type": "message",
        "user": "U7RE90REK",
        "text": "Hi Badi",
        "ts": "1511551262.000001"
    },
    {
        "type": "message",
        "user": "U7RE90REK",
        "text": "<@U7XGJRZ9S> we need to look at some of the design documents",
        "ts": "1511551280.000134"
    },
    {
        "type": "message",
        "user": "U7YJDN73R",
        "text": "So from the login page, only pre registered users can login and they are all admins ?",
        "ts": "1511551315.000225"
    },
    {
        "type": "message",
        "user": "U7RE90REK",
        "text": "Yes",
        "ts": "1511551331.000267"
    },
    {
        "type": "message",
        "user": "U7RE90REK",
        "text": "I think so",
        "ts": "1511551334.000030"
    },
    {
        "type": "message",
        "user": "U7RE90REK",
        "text": "I mean it's up for debate that's my idea",
        "ts": "1511551340.000128"
    },
    {
        "type": "message",
        "user": "U7RE90REK",
        "text": "I just think it's easier",
        "ts": "1511551354.000067"
    },
    {
        "type": "message",
        "user": "U7RE90REK",
        "text": "I don't see much point in people loggin in it's a public site",
        "ts": "1511551365.000081"
    },
    {
        "type": "message",
        "user": "U7RE90REK",
        "text": "the admin site needs protecting",
        "ts": "1511551370.000092"
    },
    {
        "type": "message",
        "user": "U7YJDN73R",
        "text": "Ok, I will create a new task for the back end today or tomorrow and start coding , it's not gonna make much difference for me if only admins can or if normal users can too, the main thing for me is to know whether \"register\" function is available at the moment or not,",
        "ts": "1511551404.000137"
    },
    {
        "type": "message",
        "user": "U7RE90REK",
        "text": "ok well you can decide that",
        "ts": "1511551507.000050"
    },
    {
        "type": "message",
        "user": "U7YJDN73R",
        "text": "can we quickly summarize what needs to be done in this sprint at each part of the system so we write down for Ben ?",
        "ts": "1511551516.000121"
    },
    {
        "type": "message",
        "user": "U7RE90REK",
        "text": "one sec let me get the document",
        "ts": "1511551536.000032"
    },
    {
        "type": "message",
        "user": "U7RE90REK",
        "text": "or actually Rob wrote a list of deliverables",
        "ts": "1511551564.000128"
    },
    {
        "type": "message",
        "user": "U7YJDN73R",
        "text": "Is it on Github ?",
        "ts": "1511551582.000223"
    },
    {
        "type": "message",
        "user": "U7RE90REK",
        "text": "If we are thinking of follow up tasks: we will need some dummy information for the passenger and flights data tables, along with populating the airports and risk tables. I'll bring the different risks up with Ben tomorrow, and once I have an idea make a script to populate the tables.",
        "ts": "1511551598.000097"
    },
    {
        "type": "message",
        "user": "U7RE90REK",
        "text": "that's pasted from Rob",
        "ts": "1511551604.000095"
    },
    {
        "type": "message",
        "user": "U7RE90REK",
        "text": "nope that's not it",
        "ts": "1511551614.000154"
    },
    {
        "type": "message",
        "user": "U7RE90REK",
        "text": "one sec",
        "ts": "1511551617.000038"
    },
    {
        "type": "message",
        "user": "U7YJDN73R",
        "text": "For the back end , it should be writing the PHP code for login page that you created in the first sprint",
        "ts": "1511551665.000129"
    },
    {
        "type": "message",
        "user": "U7RE90REK",
        "text": "Rob listed what we needed to deliver",
        "ts": "1511551688.000239"
    },
    {
        "type": "message",
        "user": "U7YJDN73R",
        "text": "ok I will ask him",
        "ts": "1511551696.000246"
    },
    {
        "type": "message",
        "user": "U7RE90REK",
        "text": "according to the marking document",
        "ts": "1511551700.000035"
    },
    {
        "type": "message",
        "user": "U7RE90REK",
        "text": "I can't find it right now",
        "ts": "1511551703.000027"
    },
    {
        "type": "message",
        "user": "U7RE90REK",
        "text": "but what you mentioned",
        "ts": "1511551706.000167"
    },
    {
        "type": "message",
        "user": "U7YJDN73R",
        "text": "no worries",
        "ts": "1511551707.000026"
    },
    {
        "type": "message",
        "user": "U7RE90REK",
        "text": "Let me have a good look over the weekend",
        "ts": "1511551718.000026"
    },
    {
        "type": "message",
        "user": "U7RE90REK",
        "text": "I will post it on Git",
        "ts": "1511551722.000025"
    },
    {
        "type": "message",
        "user": "U7RE90REK",
        "text": "I think we have enough to start",
        "ts": "1511551726.000120"
    },
    {
        "type": "message",
        "user": "U7RE90REK",
        "text": "we also agreed to put the tasks in the spreadsheet",
        "ts": "1511551734.000228"
    },
    {
        "type": "message",
        "user": "U7RE90REK",
        "text": "then each person moves their own tasks to gitHub",
        "ts": "1511551744.000001"
    },
    {
        "type": "message",
        "user": "U7YJDN73R",
        "text": "Sorry where is the spreedsheet ?",
        "ts": "1511551762.000256"
    },
    {
        "type": "message",
        "user": "U7RE90REK",
        "text": "I will also retrospectively create some documents for the first sprint",
        "ts": "1511551763.000195"
    },
    {
        "type": "message",
        "user": "U7RE90REK",
        "text": "it's on gitHub",
        "ts": "1511551774.000070"
    },
    {
        "type": "message",
        "user": "U7RE90REK",
        "text": "one sec",
        "ts": "1511551777.000035"
    },
    {
        "type": "message",
        "user": "U7YJDN73R",
        "text": "in wiki ?",
        "ts": "1511551782.000063"
    },
    {
        "type": "message",
        "user": "U7RE90REK",
        "text": "in code",
        "ts": "1511551844.000006"
    },
    {
        "type": "message",
        "user": "U7RE90REK",
        "text": "in scrumDocs",
        "ts": "1511551846.000107"
    },
    {
        "type": "message",
        "user": "U7RE90REK",
        "text": "it's called sprint backlog xls",
        "ts": "1511551861.000056"
    },
    {
        "type": "message",
        "user": "U7RE90REK",
        "text": "I'll put the info on the wiki",
        "ts": "1511551874.000022"
    },
    {
        "type": "message",
        "user": "U7YJDN73R",
        "text": "a yeah sprint backlog , Ok",
        "ts": "1511551882.000066"
    },
    {
        "type": "message",
        "user": "U7RE90REK",
        "text": "Ok I'll review your code",
        "ts": "1511551897.000164"
    },
    {
        "type": "message",
        "user": "U7RE90REK",
        "text": "and I'll create a list of sprint tasks",
        "ts": "1511551913.000037"
    },
    {
        "type": "message",
        "user": "U7RE90REK",
        "text": "then everyone has to add stuff on there",
        "ts": "1511551918.000022"
    },
    {
        "type": "message",
        "user": "U7RE90REK",
        "text": "I think that's enough for now",
        "ts": "1511551928.000163"
    },
    {
        "type": "message",
        "user": "U7Q6YMWN4",
        "text": "Hi  Sorry Takis",
        "ts": "1511552044.000094"
    },
    {
        "type": "message",
        "user": "U7Q6YMWN4",
        "text": "I was wondering could we keep it on HTML",
        "ts": "1511552078.000161"
    },
    {
        "type": "message",
        "user": "U7Q6YMWN4",
        "text": "as it will be faster for me to finish somehting.",
        "ts": "1511552089.000208"
    },
    {
        "type": "message",
        "user": "U7RE90REK",
        "text": "Your bit will only be html and css",
        "ts": "1511552115.000067"
    },
    {
        "type": "message",
        "user": "U7RE90REK",
        "text": "but I need to review the code so we know what we need in html and css",
        "ts": "1511552130.000046"
    },
    {
        "type": "message",
        "user": "U7RE90REK",
        "text": "I think once we start it will become more clear",
        "ts": "1511552141.000221"
    },
    {
        "type": "message",
        "user": "U7Q6YMWN4",
        "text": "oh OK, excellent",
        "ts": "1511552149.000089"
    },
    {
        "type": "message",
        "user": "U7Q6YMWN4",
        "text": "yes, right",
        "ts": "1511552156.000127"
    },
    {
        "type": "message",
        "user": "U7RE90REK",
        "text": "if everyone is reasonably happy",
        "ts": "1511552272.000111"
    },
    {
        "type": "message",
        "user": "U7RE90REK",
        "text": "we can call it a night",
        "ts": "1511552277.000201"
    },
    {
        "type": "message",
        "user": "U7RE90REK",
        "text": "I just got back from work 15 mins before the meeting",
        "ts": "1511552287.000035"
    },
    {
        "type": "message",
        "user": "U7Q6YMWN4",
        "text": "Ok, If you are doing any work on the page tomorrow, please send a message on Slack, I will keep PC on",
        "ts": "1511552374.000111"
    },
    {
        "type": "message",
        "user": "U7Q6YMWN4",
        "text": "As I will be working, I will requirements and try and generate an idea for back end page",
        "ts": "1511552482.000091"
    },
    {
        "type": "message",
        "user": "U7RE90REK",
        "text": "ok",
        "ts": "1511552498.000187"
    },
    {
        "type": "message",
        "user": "U7Q6YMWN4",
        "text": "sorry read requirements",
        "ts": "1511552502.000097"
    },
    {
        "type": "message",
        "user": "U7Q6YMWN4",
        "text": "Ok bye for now",
        "ts": "1511552507.000159"
    },
    {
        "type": "message",
        "user": "U7RE90REK",
        "text": "bye",
        "ts": "1511552512.000232"
    }
]