[
    {
        "type": "message",
        "user": "U7TAF6RMF",
        "text": "Hi guys do we have a daily meeting today",
        "ts": "1511118331.000105"
    },
    {
        "type": "message",
        "user": "U7RE90REK",
        "text": "Hi Omer, we said we'd have one on Monday",
        "ts": "1511118389.000032"
    },
    {
        "type": "message",
        "user": "U7TAF6RMF",
        "text": "Hi Takisxs, is it Monday evening 7:30",
        "ts": "1511118574.000071"
    },
    {
        "type": "message",
        "user": "U7RE90REK",
        "text": "7 I think",
        "ts": "1511118590.000032"
    },
    {
        "type": "message",
        "user": "U7RE90REK",
        "text": "let me check",
        "ts": "1511118591.000091"
    },
    {
        "type": "message",
        "user": "U7RE90REK",
        "text": "yeah 7",
        "ts": "1511118661.000006"
    },
    {
        "type": "message",
        "user": "U7RE90REK",
        "text": "did you get my email?",
        "ts": "1511118666.000003"
    },
    {
        "type": "message",
        "user": "U7TAF6RMF",
        "text": "Where  in GitHub ",
        "ts": "1511118751.000056"
    },
    {
        "type": "message",
        "user": "U7RE90REK",
        "text": "I've created a wiki",
        "ts": "1511118764.000108"
    },
    {
        "type": "message",
        "user": "U7TAF6RMF",
        "text": "Okay I will check it",
        "ts": "1511118800.000040"
    },
    {
        "type": "message",
        "user": "U7Q6YMWN4",
        "text": "Hi Takis",
        "ts": "1511120605.000033"
    },
    {
        "type": "message",
        "user": "U7RE90REK",
        "text": "Hi Marina",
        "ts": "1511120617.000107"
    },
    {
        "type": "message",
        "user": "U7Q6YMWN4",
        "text": "I read the files u uploaded on wiki",
        "ts": "1511120663.000046"
    },
    {
        "type": "message",
        "user": "U7Q6YMWN4",
        "text": "They r very organized ",
        "ts": "1511120695.000023"
    },
    {
        "type": "message",
        "user": "U7RE90REK",
        "text": "Ok good I just wanted to make a start the idea being we all contribute",
        "ts": "1511120699.000054"
    },
    {
        "type": "message",
        "user": "U7Q6YMWN4",
        "text": "Thank u. I wanted to ask about tge Monday meeting ",
        "ts": "1511120772.000056"
    },
    {
        "type": "message",
        "user": "U7RE90REK",
        "text": "Sure what is it",
        "ts": "1511120802.000033"
    },
    {
        "type": "message",
        "user": "U7Q6YMWN4",
        "text": "U mentioned visio for architecture layout ",
        "ts": "1511120809.000013"
    },
    {
        "type": "message",
        "user": "U7RE90REK",
        "text": "Well only because that's what I'd use",
        "ts": "1511120823.000063"
    },
    {
        "type": "message",
        "user": "U7RE90REK",
        "text": "you can download it for free from the uni if you don't have it",
        "ts": "1511120832.000032"
    },
    {
        "type": "message",
        "user": "U7Q6YMWN4",
        "text": "Never used it before",
        "ts": "1511120832.000036"
    },
    {
        "type": "message",
        "user": "U7RE90REK",
        "text": "no problem I don't think it's a lot",
        "ts": "1511120842.000045"
    },
    {
        "type": "message",
        "user": "U7RE90REK",
        "text": "I'll start it then we can discuss",
        "ts": "1511120847.000019"
    },
    {
        "type": "message",
        "user": "U7Q6YMWN4",
        "text": "But it is a great software",
        "ts": "1511120852.000007"
    },
    {
        "type": "message",
        "user": "U7Q6YMWN4",
        "text": "I was trying to download  equivalent ",
        "ts": "1511120891.000061"
    },
    {
        "type": "message",
        "user": "U7Q6YMWN4",
        "text": "But if I can through Uni then great ",
        "ts": "1511120907.000075"
    },
    {
        "type": "message",
        "user": "U7Q6YMWN4",
        "text": " I will download it tonight",
        "ts": "1511120922.000082"
    },
    {
        "type": "message",
        "user": "U7Q6YMWN4",
        "text": "Do u know where to look for it on Uni website",
        "ts": "1511120979.000010"
    },
    {
        "type": "message",
        "user": "U7RE90REK",
        "text": "<https:\/\/staffs.onthehub.com\/WebStore\/ProductsByMajorVersionList.aspx>",
        "ts": "1511121068.000135"
    },
    {
        "type": "message",
        "user": "U7RE90REK",
        "text": "I think you need to create an account",
        "ts": "1511121077.000041"
    },
    {
        "type": "message",
        "user": "U7RE90REK",
        "text": "but you can get a lot of software",
        "ts": "1511121081.000066"
    },
    {
        "type": "message",
        "user": "U7RE90REK",
        "text": "let me know if you have trouble it took me a while to figure it out",
        "ts": "1511121091.000060"
    },
    {
        "type": "message",
        "user": "U7RE90REK",
        "text": "you can get office 365 visual studio etc",
        "ts": "1511121104.000022"
    },
    {
        "type": "message",
        "user": "U7RE90REK",
        "text": "and visio",
        "ts": "1511121106.000036"
    },
    {
        "type": "message",
        "user": "U7Q6YMWN4",
        "text": "Ok I will download it. Seems simple",
        "ts": "1511121696.000007"
    },
    {
        "type": "message",
        "user": "U7Q6YMWN4",
        "text": "I will still created a sketch on paper for my understanding for the project. Then as u said we discus on Monday is that ok with u.",
        "ts": "1511121822.000087"
    },
    {
        "type": "message",
        "user": "U7RE90REK",
        "text": "Can't beat pen and paper for prototyping",
        "ts": "1511121845.000114"
    },
    {
        "type": "message",
        "user": "U7RE90REK",
        "text": "scan and email me",
        "ts": "1511121849.000021"
    },
    {
        "type": "message",
        "user": "U7RE90REK",
        "text": "yes I have questions about the project too",
        "ts": "1511121861.000092"
    },
    {
        "type": "message",
        "user": "U7Q6YMWN4",
        "text": "Great talk tomorrow. Bye for now",
        "ts": "1511121942.000070"
    }
]