[
    {
        "user": "U7Q9MGYN8",
        "text": "<@U7Q9MGYN8> has joined the channel",
        "type": "message",
        "subtype": "channel_join",
        "ts": "1509011055.000358"
    },
    {
        "user": "U7Q8KM62X",
        "text": "<@U7Q8KM62X> has joined the channel",
        "type": "message",
        "subtype": "channel_join",
        "ts": "1509022736.000112"
    },
    {
        "user": "U7Q9MGYN8",
        "topic": "Main discussion channel for Agile Software Development module",
        "text": "<@U7Q9MGYN8> set the channel topic: Main discussion channel for Agile Software Development module",
        "type": "message",
        "subtype": "channel_topic",
        "ts": "1509024248.000442"
    },
    {
        "user": "U7RE90REK",
        "text": "<@U7RE90REK> has joined the channel",
        "type": "message",
        "subtype": "channel_join",
        "ts": "1509025866.000145"
    }
]