[
    {
        "type": "message",
        "user": "U7Q9MGYN8",
        "text": "<@U7YJDN73R> <@U7TAF6RMF> <@U7Q8KM62X> if there are any meetings on campus in the 11am session, I will be able to join through Skype. I'm planning on being able to attend the 1pm session.",
        "edited": {
            "user": "U7Q9MGYN8",
            "ts": "1512643510.000000"
        },
        "ts": "1512643480.000093"
    },
    {
        "type": "message",
        "user": "U7RE90REK",
        "text": "Message me too I'll try to attend if I'm free",
        "ts": "1512643532.000342"
    },
    {
        "type": "message",
        "user": "U7Q8KM62X",
        "text": "Hi Guys, if you are online then We can have skype",
        "ts": "1512645177.000318"
    },
    {
        "type": "message",
        "user": "U7Q8KM62X",
        "text": "I'm on skype now",
        "ts": "1512645225.000316"
    },
    {
        "type": "message",
        "user": "U7Q9MGYN8",
        "text": "I'm online also, I can join with audio",
        "ts": "1512645251.000440"
    },
    {
        "type": "message",
        "user": "U7RE90REK",
        "text": "I clearly missed this this morning :confused:",
        "ts": "1512672618.000452"
    },
    {
        "type": "message",
        "user": "U7YJDN73R",
        "text": "We did only one hour between 1 and 2",
        "ts": "1512672688.000628"
    },
    {
        "type": "message",
        "user": "U7RE90REK",
        "text": "Anything to update us on Leo from the meeting today?",
        "ts": "1512672993.000320"
    },
    {
        "type": "message",
        "user": "U7YJDN73R",
        "text": "Yeah, it was more focused on the backend and DB though",
        "ts": "1512673063.000355"
    },
    {
        "type": "message",
        "user": "U7YJDN73R",
        "text": "On front end, Omer has done some of the pages that you've already done, we sorted that out",
        "ts": "1512673079.000700"
    },
    {
        "type": "message",
        "user": "U7RE90REK",
        "text": "ok that's good",
        "ts": "1512673100.000043"
    },
    {
        "type": "message",
        "user": "U7YJDN73R",
        "text": "Have you done the page that shows the risk details ?",
        "ts": "1512673101.000023"
    },
    {
        "type": "message",
        "user": "U7RE90REK",
        "text": "No not yet",
        "ts": "1512673106.000155"
    },
    {
        "type": "message",
        "user": "U7RE90REK",
        "text": "I will do that next",
        "ts": "1512673109.000212"
    },
    {
        "type": "message",
        "user": "U7YJDN73R",
        "text": "So that might be something to do this week",
        "ts": "1512673119.000115"
    },
    {
        "type": "message",
        "user": "U7RE90REK",
        "text": "wait do you mean the design for the risk?",
        "ts": "1512673121.000751"
    },
    {
        "type": "message",
        "user": "U7YJDN73R",
        "text": "Cause he talked about it",
        "ts": "1512673126.000356"
    },
    {
        "type": "message",
        "user": "U7Q9MGYN8",
        "text": "I spent some time refactoring the SQL code and working out the connection details with Leo, that's mostly resolved now, I just need to finish loading dummy data into the db",
        "ts": "1512673134.000552"
    },
    {
        "type": "message",
        "user": "U7RE90REK",
        "text": "there is a page that just displays 3 boxes",
        "ts": "1512673135.000630"
    },
    {
        "type": "message",
        "user": "U7RE90REK",
        "text": "one sec",
        "ts": "1512673152.000193"
    },
    {
        "type": "message",
        "user": "U7RE90REK",
        "text": "thanks Rob",
        "ts": "1512673166.000198"
    },
    {
        "type": "message",
        "user": "U7RE90REK",
        "text": "there are two tasks 1 is to put together a design for the code for the risk that I said I would create the first draft",
        "ts": "1512673184.000155"
    },
    {
        "type": "message",
        "user": "U7TAF6RMF",
        "text": "Hi everyone ",
        "ts": "1512673184.000190"
    },
    {
        "type": "message",
        "user": "U7RE90REK",
        "text": "and then there is the mockup of the page showing the risk in html\/php",
        "ts": "1512673197.000807"
    },
    {
        "type": "message",
        "user": "U7RE90REK",
        "text": "the second is done",
        "ts": "1512673204.000145"
    },
    {
        "type": "message",
        "user": "U7RE90REK",
        "text": "the first one I will start tonight maybe",
        "ts": "1512673214.000394"
    },
    {
        "type": "message",
        "user": "U7RE90REK",
        "text": "Hi Omer",
        "ts": "1512673220.000387"
    },
    {
        "type": "message",
        "user": "U7TAF6RMF",
        "text": "Hi Takis I see that you have made admin login and admin home ",
        "ts": "1512673396.000144"
    },
    {
        "type": "message",
        "user": "U7RE90REK",
        "text": "the admin home can be deleted",
        "ts": "1512673501.000040"
    },
    {
        "type": "message",
        "user": "U7TAF6RMF",
        "text": "I thought maybe we can make a passenger page and flight page ",
        "ts": "1512673545.000104"
    },
    {
        "type": "message",
        "user": "U7RE90REK",
        "text": "ok the order is",
        "ts": "1512673557.000038"
    },
    {
        "type": "message",
        "user": "U7RE90REK",
        "text": "index.php",
        "ts": "1512673559.000336"
    },
    {
        "type": "message",
        "user": "U7RE90REK",
        "text": "admin logs in",
        "ts": "1512673564.000073"
    },
    {
        "type": "message",
        "user": "U7RE90REK",
        "text": "then when succussful",
        "ts": "1512673569.000068"
    },
    {
        "type": "message",
        "user": "U7RE90REK",
        "text": "they should go to homePage.php",
        "ts": "1512673574.000343"
    },
    {
        "type": "message",
        "user": "U7RE90REK",
        "text": "I've removed the adminHome.php page",
        "ts": "1512673583.000522"
    },
    {
        "type": "message",
        "user": "U7RE90REK",
        "text": "I'll commit now",
        "ts": "1512673587.000186"
    },
    {
        "type": "message",
        "user": "U7RE90REK",
        "text": "and the navigation needs to be changed to remove adminHome",
        "ts": "1512673597.000375"
    },
    {
        "type": "message",
        "user": "U7RE90REK",
        "text": "in fact I'll do the navigation now too",
        "ts": "1512673640.000286"
    },
    {
        "type": "message",
        "user": "U7RE90REK",
        "text": "is that ok Omer?",
        "ts": "1512673646.000262"
    },
    {
        "type": "message",
        "user": "U7TAF6RMF",
        "text": "That's fine we can hide passenger search and flight search ",
        "ts": "1512673733.000051"
    },
    {
        "type": "message",
        "user": "U7RE90REK",
        "text": "ok done",
        "ts": "1512673758.000073"
    },
    {
        "type": "message",
        "user": "U7TAF6RMF",
        "text": "That's for now and we will see how it works and look",
        "ts": "1512673833.000535"
    },
    {
        "type": "message",
        "user": "U7RE90REK",
        "text": "ok and I removed the navigation from index.php",
        "ts": "1512673850.000158"
    },
    {
        "type": "message",
        "user": "U7RE90REK",
        "text": "have a look now I just pushed",
        "ts": "1512673854.000377"
    },
    {
        "type": "message",
        "user": "U7TAF6RMF",
        "text": "Ok",
        "ts": "1512673866.000397"
    },
    {
        "type": "message",
        "user": "U7TAF6RMF",
        "text": "That's nice",
        "ts": "1512673974.000069"
    },
    {
        "type": "message",
        "user": "U7TAF6RMF",
        "text": "Thanks ",
        "ts": "1512673983.000258"
    },
    {
        "type": "message",
        "user": "U7RE90REK",
        "text": "Ok and generally if you want anything changing just drop us a note",
        "ts": "1512674003.000178"
    },
    {
        "type": "message",
        "user": "U7RE90REK",
        "text": "Marina is working on the CSSs",
        "ts": "1512674008.000311"
    },
    {
        "type": "message",
        "user": "U7RE90REK",
        "text": "we will add some text some images to make it look bettter",
        "ts": "1512674018.000462"
    },
    {
        "type": "message",
        "user": "U7RE90REK",
        "text": "I think now we all have something to do and things are progressing so it's good",
        "ts": "1512674032.000041"
    },
    {
        "type": "message",
        "user": "U7RE90REK",
        "text": "Please add any work you do on the board",
        "ts": "1512674045.000215"
    },
    {
        "type": "message",
        "user": "U7RE90REK",
        "text": "we need to have a lot of tasks on there",
        "ts": "1512674050.000119"
    },
    {
        "type": "message",
        "user": "U7RE90REK",
        "text": "to show we've been working",
        "ts": "1512674054.000253"
    },
    {
        "type": "message",
        "user": "U7RE90REK",
        "text": "break big tasks down into smaller jobs",
        "ts": "1512674060.000431"
    },
    {
        "type": "message",
        "user": "U7RE90REK",
        "text": "so if you do flights and passengers",
        "ts": "1512674066.000501"
    },
    {
        "type": "message",
        "user": "U7RE90REK",
        "text": "put the individual pages on there",
        "ts": "1512674076.000285"
    },
    {
        "type": "message",
        "user": "U7RE90REK",
        "text": "Ok anyone anything else?",
        "ts": "1512674113.000407"
    },
    {
        "type": "message",
        "user": "U7RE90REK",
        "text": "I am planning to do quite a bit of work over the weekend",
        "ts": "1512674127.000156"
    },
    {
        "type": "message",
        "user": "U7RE90REK",
        "text": "finish off anything that I have outstanding",
        "ts": "1512674140.000493"
    },
    {
        "type": "message",
        "user": "U7TAF6RMF",
        "text": "Okay I will work on my task tonight and tomorrow through the day ..,,,,and after that I have my night shift work for two days ",
        "ts": "1512674304.000506"
    },
    {
        "type": "message",
        "user": "U7RE90REK",
        "text": "Ok thanks Omer",
        "ts": "1512674319.000428"
    },
    {
        "type": "message",
        "user": "U7RE90REK",
        "text": "anyone else? or we can just call it a night",
        "ts": "1512674330.000008"
    },
    {
        "type": "message",
        "user": "U7RE90REK",
        "text": "these are supposed to be 15 mins",
        "ts": "1512674335.000164"
    },
    {
        "type": "message",
        "user": "U7RE90REK",
        "text": "Ok night everyone",
        "ts": "1512674439.000591"
    },
    {
        "type": "message",
        "user": "U7YJDN73R",
        "text": "Goodnight",
        "ts": "1512674455.000267"
    },
    {
        "type": "message",
        "user": "U7TAF6RMF",
        "text": "Good night everyone ",
        "ts": "1512674480.000165"
    }
]