[
    {
        "type": "message",
        "user": "U7RE90REK",
        "text": "Hi Leo",
        "ts": "1513957321.000251"
    },
    {
        "type": "message",
        "user": "U7RE90REK",
        "text": "Omer",
        "ts": "1513957322.000338"
    },
    {
        "type": "message",
        "user": "U7YJDN73R",
        "text": "Hello everyone",
        "ts": "1513957356.000291"
    },
    {
        "type": "message",
        "user": "U7TAF6RMF",
        "text": "Hi Leo",
        "ts": "1513957422.000325"
    },
    {
        "type": "message",
        "user": "U7TAF6RMF",
        "text": "I have told Takis that I created admin registration- Logout- also passengers registers  if you login you can see them I have uploaded them also in GitHub",
        "ts": "1513957645.000056"
    },
    {
        "type": "message",
        "user": "U7YJDN73R",
        "text": "Good",
        "ts": "1513957659.000305"
    },
    {
        "type": "message",
        "user": "U7YJDN73R",
        "text": "what about login.php ? I think that was the most important thing for Ben",
        "ts": "1513957673.000547"
    },
    {
        "type": "message",
        "user": "U7TAF6RMF",
        "text": "I am working on it ",
        "ts": "1513957723.000303"
    },
    {
        "type": "message",
        "user": "U7YJDN73R",
        "text": "ok cool, cause if you remember Ben wanted to see login.php working and he said doing separate admin login\/logout is a bonus but not necessary",
        "ts": "1513957762.000387"
    },
    {
        "type": "message",
        "user": "U7YJDN73R",
        "text": "I fixed the passenger\/flight search, it can be done for any,combination of any or all of the criteria",
        "edited": {
            "user": "U7YJDN73R",
            "ts": "1513957822.000000"
        },
        "ts": "1513957794.000291"
    },
    {
        "type": "message",
        "user": "U7Q9MGYN8",
        "text": "I'm aiming to have my final work on the dB done for tonight or tomorrow, had to delay it due to finishing up at my old job",
        "ts": "1513957823.000168"
    },
    {
        "type": "message",
        "user": "U7YJDN73R",
        "text": "I also made FlightDetails.php show the list of passengers on a particular flight as Ben wanted, so I finished two of the updates that Ben wanted during the presentation",
        "ts": "1513957874.000307"
    },
    {
        "type": "message",
        "user": "U7TAF6RMF",
        "text": " I did the admin logout and admin sign up and also the passengers signup ",
        "ts": "1513957922.000470"
    },
    {
        "type": "message",
        "user": "U7TAF6RMF",
        "text": "Ok that is good ",
        "ts": "1513957965.000115"
    },
    {
        "type": "message",
        "user": "U7YJDN73R",
        "text": "Good, but as far as I remember none of these were demanded by Ben during the presentation, I'm sure they will be bonus though",
        "ts": "1513957967.000274"
    },
    {
        "type": "message",
        "user": "U7TAF6RMF",
        "text": "Yes but the admin login also was not a demand from him at the beginning of the project any how I am working on it ",
        "ts": "1513958112.000055"
    },
    {
        "type": "message",
        "user": "U7TAF6RMF",
        "text": "Leo we can have Skype chat and see what is not yet finished in the back end ",
        "ts": "1513958222.000291"
    },
    {
        "type": "message",
        "user": "U7YJDN73R",
        "text": "I'm not sure about that, I remember I handled doing the login.php then Ben said to leave it for you , doesn't that mean that he was demanding it ? but anyway if you remember during the presentation the first thing he tried was login in, and he tried to do it with no username , when it allowed to login without username he wrote like a note on a paper and said he want that to be fixed",
        "edited": {
            "user": "U7YJDN73R",
            "ts": "1514029482.000000"
        },
        "ts": "1513958319.000248"
    },
    {
        "type": "message",
        "user": "U7YJDN73R",
        "text": "I can do skype chat after 30 minutes",
        "ts": "1513958375.000456"
    },
    {
        "type": "message",
        "user": "U7RE90REK",
        "text": "From my perspective",
        "ts": "1513958579.000347"
    },
    {
        "type": "message",
        "user": "U7RE90REK",
        "text": "the only thing that's wrong is that it allows you to login with no username and password",
        "ts": "1513958594.000263"
    },
    {
        "type": "message",
        "user": "U7RE90REK",
        "text": "the login and logout seems to work",
        "ts": "1513958608.000041"
    },
    {
        "type": "message",
        "user": "U7RE90REK",
        "text": "and I created a new user",
        "ts": "1513958612.000535"
    },
    {
        "type": "message",
        "user": "U7RE90REK",
        "text": "but the type",
        "ts": "1513958616.000185"
    },
    {
        "type": "message",
        "user": "U7RE90REK",
        "text": "there is no definition of what the type should be",
        "ts": "1513958625.000311"
    },
    {
        "type": "message",
        "user": "U7RE90REK",
        "text": "I thought we only had admins",
        "ts": "1513958630.000406"
    },
    {
        "type": "message",
        "user": "U7RE90REK",
        "text": "the user login wasn't required",
        "ts": "1513958636.000158"
    },
    {
        "type": "message",
        "user": "U7RE90REK",
        "text": "I would just remove the type personally but I'm happy for you to suggest what it's for",
        "ts": "1513958661.000025"
    },
    {
        "type": "message",
        "user": "U7TAF6RMF",
        "text": "Okay I will see to get it working ",
        "ts": "1513960039.000201"
    }
]