[
    {
        "type": "message",
        "user": "U7TAF6RMF",
        "text": "Hi Takis, ",
        "ts": "1511618565.000053"
    },
    {
        "type": "message",
        "user": "U7TAF6RMF",
        "text": "Could you please check the  code (HomePage.php.) and see if you can use it and modify it  so that I can build my work according to that ",
        "ts": "1511619194.000071"
    },
    {
        "type": "message",
        "user": "U7TAF6RMF",
        "text": "I have configured the homepage and joint it with Marina login page and the passenger details page of Takis",
        "ts": "1511654466.000016"
    }
]