[
    {
        "type": "message",
        "user": "U7Q6YMWN4",
        "text": "Hi Takis",
        "ts": "1512586618.000011"
    },
    {
        "type": "message",
        "user": "U7RE90REK",
        "text": "hi Marina",
        "ts": "1512586649.000111"
    },
    {
        "type": "message",
        "user": "U7Q6YMWN4",
        "text": "u said yesterday we have till 14\/12 right? is that the end of sprint 2",
        "ts": "1512586651.000124"
    },
    {
        "type": "message",
        "user": "U7RE90REK",
        "text": "yes",
        "ts": "1512586657.000665"
    },
    {
        "type": "message",
        "user": "U7Q6YMWN4",
        "text": "Ok can I then work on the CSS this Friday please as I always work from home on Friday and I can finish it then",
        "ts": "1512586737.000357"
    },
    {
        "type": "message",
        "user": "U7RE90REK",
        "text": "that's fine",
        "ts": "1512586753.000048"
    },
    {
        "type": "message",
        "user": "U7YJDN73R",
        "text": "Hi everyone",
        "ts": "1512586786.000747"
    },
    {
        "type": "message",
        "user": "U7Q6YMWN4",
        "text": "Hi Leo",
        "ts": "1512586836.000047"
    },
    {
        "type": "message",
        "user": "U7Q6YMWN4",
        "text": "Takis I was wondering",
        "ts": "1512586850.000127"
    },
    {
        "type": "message",
        "user": "U7Q6YMWN4",
        "text": "if you would have sometime at some point to talk to us briefly",
        "ts": "1512586882.000333"
    },
    {
        "type": "message",
        "user": "U7Q6YMWN4",
        "text": "about the report please",
        "ts": "1512586888.000417"
    },
    {
        "type": "message",
        "user": "U7TAF6RMF",
        "text": "Hi guys ",
        "ts": "1512587083.000417"
    },
    {
        "type": "message",
        "user": "U7YJDN73R",
        "text": "Hi Omer",
        "ts": "1512587096.000406"
    },
    {
        "type": "message",
        "user": "U7RE90REK",
        "text": "well you know as much about the report as me",
        "ts": "1512587272.000279"
    },
    {
        "type": "message",
        "user": "U7RE90REK",
        "text": "Ben sent the email and there is the info on the assignment",
        "ts": "1512587288.000257"
    },
    {
        "type": "message",
        "user": "U7TAF6RMF",
        "text": "Takis &amp; Marina I am working now on the T drive at the Uni configuring the pages together ",
        "ts": "1512587290.000120"
    },
    {
        "type": "message",
        "user": "U7RE90REK",
        "text": "Hi Omer",
        "ts": "1512587301.000123"
    },
    {
        "type": "message",
        "user": "U7RE90REK",
        "text": "oh Omer I don't know if you saw",
        "ts": "1512587308.000805"
    },
    {
        "type": "message",
        "user": "U7RE90REK",
        "text": "but I added a landing page index.php",
        "ts": "1512587318.000632"
    },
    {
        "type": "message",
        "user": "U7RE90REK",
        "text": "and that should link to homePage.php",
        "ts": "1512587327.000228"
    },
    {
        "type": "message",
        "user": "U7RE90REK",
        "text": "as we discussed yesterday",
        "ts": "1512587331.000462"
    },
    {
        "type": "message",
        "user": "U7RE90REK",
        "text": "I used Marina's original login page",
        "ts": "1512587341.000246"
    },
    {
        "type": "message",
        "user": "U7RE90REK",
        "text": "it will need the navigation removing but at least you have something to work with",
        "ts": "1512587351.000206"
    },
    {
        "type": "message",
        "user": "U7TAF6RMF",
        "text": "I saw your updated index.php page and I am using it",
        "ts": "1512587445.000388"
    },
    {
        "type": "message",
        "user": "U7YJDN73R",
        "text": "I tried my php codes on my server, they are all working, but searchpassneger\/listofpassengers pages need some work",
        "ts": "1512587538.000561"
    },
    {
        "type": "message",
        "user": "U7YJDN73R",
        "text": "Who created those pages ?",
        "ts": "1512587554.000138"
    },
    {
        "type": "message",
        "user": "U7TAF6RMF",
        "text": "Also I am using Marina login page ",
        "ts": "1512587722.000496"
    },
    {
        "type": "message",
        "user": "U7RE90REK",
        "text": "Leo whatever changes you need to a page",
        "ts": "1512587734.000456"
    },
    {
        "type": "message",
        "user": "U7RE90REK",
        "text": "write myself and marina a quick note",
        "ts": "1512587741.000038"
    },
    {
        "type": "message",
        "user": "U7RE90REK",
        "text": "and send it back",
        "ts": "1512587743.000785"
    },
    {
        "type": "message",
        "user": "U7RE90REK",
        "text": "it was first draft",
        "ts": "1512587758.000015"
    },
    {
        "type": "message",
        "user": "U7RE90REK",
        "text": "it's not the final item",
        "ts": "1512587762.000471"
    },
    {
        "type": "message",
        "user": "U7RE90REK",
        "text": "ignore formattiing for now",
        "ts": "1512587767.000727"
    },
    {
        "type": "message",
        "user": "U7RE90REK",
        "text": "just if you need something functional",
        "ts": "1512587774.000368"
    },
    {
        "type": "message",
        "user": "U7YJDN73R",
        "text": "I did some changes, but in listofpassengers and listofflights page the information is static and hardcoded, it needs to take the values from my php code which are the search results from the DB and show it as a list",
        "ts": "1512587796.000420"
    },
    {
        "type": "message",
        "user": "U7RE90REK",
        "text": "that's all code",
        "ts": "1512587875.000349"
    },
    {
        "type": "message",
        "user": "U7RE90REK",
        "text": "not sure exactly what you need Leo",
        "ts": "1512587910.000252"
    },
    {
        "type": "message",
        "user": "U7RE90REK",
        "text": "if you do one page",
        "ts": "1512587913.000099"
    },
    {
        "type": "message",
        "user": "U7RE90REK",
        "text": "or par of it",
        "ts": "1512587919.000582"
    },
    {
        "type": "message",
        "user": "U7TAF6RMF",
        "text": "I will put my configuration on GitHub as soon as I finished it ",
        "ts": "1512588040.000003"
    },
    {
        "type": "message",
        "user": "U7YJDN73R",
        "text": "Yeah I think Ben told you configure my codes",
        "ts": "1512588061.000544"
    },
    {
        "type": "message",
        "user": "U7RE90REK",
        "text": "Right guys I expect the php related stuff to be divided between you two and Rob said he'd be doing some development",
        "ts": "1512588221.000727"
    },
    {
        "type": "message",
        "user": "U7RE90REK",
        "text": "If you want something front end",
        "ts": "1512588228.000113"
    },
    {
        "type": "message",
        "user": "U7RE90REK",
        "text": "if it's like a form and you give me variables to add",
        "ts": "1512588239.000430"
    },
    {
        "type": "message",
        "user": "U7RE90REK",
        "text": "me and marina can do it but you need to tell us what you want",
        "ts": "1512588249.000748"
    },
    {
        "type": "message",
        "user": "U7RE90REK",
        "text": "Search results being displayed as html",
        "ts": "1512588281.000723"
    },
    {
        "type": "message",
        "user": "U7TAF6RMF",
        "text": "@takis &amp; Marina can you please work on passenger and flight search pages ",
        "ts": "1512588315.000207"
    },
    {
        "type": "message",
        "user": "U7RE90REK",
        "text": "Leo is working on them",
        "ts": "1512588338.000515"
    },
    {
        "type": "message",
        "user": "U7RE90REK",
        "text": "what exactly do you mean Omer",
        "ts": "1512588343.000023"
    },
    {
        "type": "message",
        "user": "U7RE90REK",
        "text": "can we be a bit more precise in what is needed",
        "ts": "1512588353.000082"
    },
    {
        "type": "message",
        "user": "U7YJDN73R",
        "text": "I tested my php codes on my server, they are working 100% , I did some changes in searchpassengers.php page, and will do on searchflights.php page tonight",
        "ts": "1512588410.000413"
    },
    {
        "type": "message",
        "user": "U7YJDN73R",
        "text": "so right now the search is working, we are able to put the criteria in one page and the get the results from DB and pass it to the list of passengers\/flights page",
        "ts": "1512588447.000360"
    },
    {
        "type": "message",
        "user": "U7YJDN73R",
        "text": "what we need now is to configure my code so it shows the results properly as a list",
        "ts": "1512588471.000291"
    },
    {
        "type": "message",
        "user": "U7RE90REK",
        "text": "ok Leo if you do your code",
        "ts": "1512588482.000532"
    },
    {
        "type": "message",
        "user": "U7RE90REK",
        "text": "so it just dumps the info on the page",
        "ts": "1512588487.000064"
    },
    {
        "type": "message",
        "user": "U7RE90REK",
        "text": "I will take that and format it",
        "ts": "1512588491.000265"
    },
    {
        "type": "message",
        "user": "U7RE90REK",
        "text": "does that help you?",
        "ts": "1512588494.000739"
    },
    {
        "type": "message",
        "user": "U7YJDN73R",
        "text": "My tasks was to write the codes and I've done them without anyone's help, let's just clarify who's gonna carry on the work to show the info properly, Ben told Omer to configure my codes, but i also noticed that some work might be needed at the front end",
        "ts": "1512588587.000613"
    },
    {
        "type": "message",
        "user": "U7YJDN73R",
        "text": "do you guys want me to do it ?",
        "ts": "1512588625.000221"
    },
    {
        "type": "message",
        "user": "U7RE90REK",
        "text": "Leo I don't know what your code does",
        "ts": "1512588661.000279"
    },
    {
        "type": "message",
        "user": "U7RE90REK",
        "text": "I'll take a look because",
        "ts": "1512588668.000018"
    },
    {
        "type": "message",
        "user": "U7RE90REK",
        "text": "so you've got a search",
        "ts": "1512588680.000382"
    },
    {
        "type": "message",
        "user": "U7RE90REK",
        "text": "that brings data back from the db",
        "ts": "1512588685.000574"
    },
    {
        "type": "message",
        "user": "U7RE90REK",
        "text": "when I write a search",
        "ts": "1512588689.000421"
    },
    {
        "type": "message",
        "user": "U7YJDN73R",
        "text": "It takes the input of search criteria creates the sql queries fetches the data from the DB and pass it to listofpassengers.php page",
        "ts": "1512588696.000302"
    },
    {
        "type": "message",
        "user": "U7RE90REK",
        "text": "ok so in my mind displaying that data",
        "ts": "1512588708.000297"
    },
    {
        "type": "message",
        "user": "U7RE90REK",
        "text": "is just part of the query",
        "ts": "1512588717.000268"
    },
    {
        "type": "message",
        "user": "U7RE90REK",
        "text": "no if you are saying that the data is returned",
        "ts": "1512588723.000660"
    },
    {
        "type": "message",
        "user": "U7RE90REK",
        "text": "but does't look formatted",
        "ts": "1512588730.000315"
    },
    {
        "type": "message",
        "user": "U7RE90REK",
        "text": "I can format that",
        "ts": "1512588733.000613"
    },
    {
        "type": "message",
        "user": "U7RE90REK",
        "text": "Let me have a look",
        "ts": "1512588750.000229"
    },
    {
        "type": "message",
        "user": "U7RE90REK",
        "text": "hmmmm I don't have the db connected",
        "ts": "1512588756.000451"
    },
    {
        "type": "message",
        "user": "U7RE90REK",
        "text": "can you load it on Rob's server?",
        "ts": "1512588763.000045"
    },
    {
        "type": "message",
        "user": "U7YJDN73R",
        "text": "Ok",
        "ts": "1512588795.000602"
    },
    {
        "type": "message",
        "user": "U7RE90REK",
        "text": "is your code on git did you say?",
        "ts": "1512588901.000390"
    },
    {
        "type": "message",
        "user": "U7RE90REK",
        "text": "ok so you want me to take this",
        "ts": "1512588953.000285"
    },
    {
        "type": "message",
        "user": "U7RE90REK",
        "text": "while ($row = mysql_fetch_array($passengers,MYSQL_NUM)){\n    echo $row[0], $row[1]),$row[2],$row[3],$row[4],$row[5],$row[6];",
        "ts": "1512588954.000649"
    },
    {
        "type": "message",
        "user": "U7RE90REK",
        "text": "and format it so it displays in a table",
        "ts": "1512588960.000256"
    },
    {
        "type": "message",
        "user": "U7RE90REK",
        "text": "yeah?",
        "ts": "1512588962.000025"
    },
    {
        "type": "message",
        "user": "U7YJDN73R",
        "text": "yeah",
        "ts": "1512589190.000134"
    },
    {
        "type": "message",
        "user": "U7YJDN73R",
        "text": "Or I can do it if your job is finished at the Front end",
        "ts": "1512589211.000235"
    },
    {
        "type": "message",
        "user": "U7YJDN73R",
        "text": "for these pages",
        "ts": "1512589217.000367"
    },
    {
        "type": "message",
        "user": "U7RE90REK",
        "text": "no its not",
        "ts": "1512589228.000400"
    },
    {
        "type": "message",
        "user": "U7RE90REK",
        "text": "it should work this way",
        "ts": "1512589235.000370"
    },
    {
        "type": "message",
        "user": "U7RE90REK",
        "text": "so i do something",
        "ts": "1512589238.000686"
    },
    {
        "type": "message",
        "user": "U7RE90REK",
        "text": "you add your bit",
        "ts": "1512589241.000016"
    },
    {
        "type": "message",
        "user": "U7RE90REK",
        "text": "you ask me to do this",
        "ts": "1512589244.000054"
    },
    {
        "type": "message",
        "user": "U7RE90REK",
        "text": "etc",
        "ts": "1512589246.000167"
    },
    {
        "type": "message",
        "user": "U7RE90REK",
        "text": "iteratively",
        "ts": "1512589250.000600"
    },
    {
        "type": "message",
        "user": "U7RE90REK",
        "text": "but you need to be specific",
        "ts": "1512589256.000413"
    },
    {
        "type": "message",
        "user": "U7RE90REK",
        "text": "I get what you want now",
        "ts": "1512589260.000162"
    },
    {
        "type": "message",
        "user": "U7YJDN73R",
        "text": "The pages looked incomplete to me that's why I told you, but I can do it if you want, I just wanted to clarify",
        "ts": "1512589260.000708"
    },
    {
        "type": "message",
        "user": "U7RE90REK",
        "text": "yeah they are",
        "ts": "1512589267.000086"
    },
    {
        "type": "message",
        "user": "U7RE90REK",
        "text": "they are draft 1",
        "ts": "1512589271.000334"
    },
    {
        "type": "message",
        "user": "U7RE90REK",
        "text": "it was literally to get an idea of what we will end up with",
        "ts": "1512589286.000501"
    },
    {
        "type": "message",
        "user": "U7RE90REK",
        "text": "like a mockup",
        "ts": "1512589289.000160"
    },
    {
        "type": "message",
        "user": "U7RE90REK",
        "text": "a start",
        "ts": "1512589292.000466"
    },
    {
        "type": "message",
        "user": "U7RE90REK",
        "text": "lol",
        "ts": "1512589296.000083"
    },
    {
        "type": "message",
        "user": "U7RE90REK",
        "text": "we're not going to static tables",
        "ts": "1512589302.000303"
    },
    {
        "type": "message",
        "user": "U7RE90REK",
        "text": "this is good",
        "ts": "1512589305.000187"
    },
    {
        "type": "message",
        "user": "U7YJDN73R",
        "text": "We have one issue btw",
        "ts": "1512589312.000240"
    },
    {
        "type": "message",
        "user": "U7RE90REK",
        "text": "go on",
        "ts": "1512589317.000271"
    },
    {
        "type": "message",
        "user": "U7YJDN73R",
        "text": "how we will know how many rows the DB will return",
        "ts": "1512589327.000491"
    },
    {
        "type": "message",
        "user": "U7YJDN73R",
        "text": "at the moment there are 4 lines to display 4 rows from the DB",
        "ts": "1512589344.000549"
    },
    {
        "type": "message",
        "user": "U7YJDN73R",
        "text": "how we can make it dynamic?",
        "ts": "1512589353.000284"
    },
    {
        "type": "message",
        "user": "U7YJDN73R",
        "text": "or shall we keep it static ?",
        "ts": "1512589366.000079"
    },
    {
        "type": "message",
        "user": "U7RE90REK",
        "text": "the loop just displays table cells",
        "ts": "1512589412.000213"
    },
    {
        "type": "message",
        "user": "U7RE90REK",
        "text": "each time it goes through the look it creates one &lt;tr&gt;",
        "ts": "1512589426.000303"
    },
    {
        "type": "message",
        "user": "U7RE90REK",
        "text": "is that what you mean?",
        "ts": "1512589438.000555"
    },
    {
        "type": "message",
        "user": "U7RE90REK",
        "text": "like:",
        "ts": "1512589443.000433"
    },
    {
        "type": "message",
        "user": "U7RE90REK",
        "text": "&lt;table&gt;",
        "ts": "1512589448.000433"
    },
    {
        "type": "message",
        "user": "U7RE90REK",
        "text": "while &lt;tr&gt; &lt;td&gt; your data from db &lt;\/td&gt; &lt;\/tr&gt;",
        "ts": "1512589472.000226"
    },
    {
        "type": "message",
        "user": "U7RE90REK",
        "text": "&lt;\/table&gt;",
        "ts": "1512589479.000703"
    },
    {
        "type": "message",
        "user": "U7YJDN73R",
        "text": "yeah, so we can make a loop that adds new &lt;tr&gt; in each iteration ?",
        "ts": "1512589481.000079"
    },
    {
        "type": "message",
        "user": "U7RE90REK",
        "text": "yeah",
        "ts": "1512589485.000723"
    },
    {
        "type": "message",
        "user": "U7RE90REK",
        "text": "lets dump the data on the page",
        "ts": "1512589505.000708"
    },
    {
        "type": "message",
        "user": "U7RE90REK",
        "text": "and we'll sort it",
        "ts": "1512589509.000074"
    },
    {
        "type": "message",
        "user": "U7YJDN73R",
        "text": "ok , in which language ? php or Javascript ?",
        "ts": "1512589513.000138"
    },
    {
        "type": "message",
        "user": "U7RE90REK",
        "text": "php",
        "ts": "1512589521.000178"
    },
    {
        "type": "message",
        "user": "U7YJDN73R",
        "text": "ok, I thought JS was better for this kind of things",
        "ts": "1512589537.000550"
    },
    {
        "type": "message",
        "user": "U7RE90REK",
        "text": "how is js going to get the results from your db",
        "ts": "1512589550.000255"
    },
    {
        "type": "message",
        "user": "U7RE90REK",
        "text": "js is front end",
        "ts": "1512589565.000700"
    },
    {
        "type": "message",
        "user": "U7YJDN73R",
        "text": "no JS would get the results from my php",
        "ts": "1512589568.000012"
    },
    {
        "type": "message",
        "user": "U7RE90REK",
        "text": "let me see what you're doing and then we can discuss",
        "ts": "1512589582.000340"
    },
    {
        "type": "message",
        "user": "U7RE90REK",
        "text": "I need to see the result of your current page",
        "ts": "1512589588.000421"
    },
    {
        "type": "message",
        "user": "U7YJDN73R",
        "text": "but I think php has while so we keep it php",
        "ts": "1512589597.000706"
    },
    {
        "type": "message",
        "user": "U7RE90REK",
        "text": "you can use css divs",
        "ts": "1512589605.000433"
    },
    {
        "type": "message",
        "user": "U7RE90REK",
        "text": "or table",
        "ts": "1512589607.000404"
    },
    {
        "type": "message",
        "user": "U7RE90REK",
        "text": "can you add it to Rob's server",
        "ts": "1512589620.000178"
    },
    {
        "type": "message",
        "user": "U7RE90REK",
        "text": "and make it work with the db?",
        "ts": "1512589624.000291"
    },
    {
        "type": "message",
        "user": "U7RE90REK",
        "text": "if I can see what you've done I'll get a better idea",
        "ts": "1512589631.000588"
    },
    {
        "type": "message",
        "user": "U7YJDN73R",
        "text": "You mean my php codes ?",
        "ts": "1512589639.000693"
    },
    {
        "type": "message",
        "user": "U7RE90REK",
        "text": "yeah",
        "ts": "1512589643.000161"
    },
    {
        "type": "message",
        "user": "U7RE90REK",
        "text": "we should be putting it on there",
        "ts": "1512589656.000199"
    },
    {
        "type": "message",
        "user": "U7YJDN73R",
        "text": "ok , I tried like 10 minutes ago I think someone else got connected and kicked me out",
        "ts": "1512589661.000159"
    },
    {
        "type": "message",
        "user": "U7RE90REK",
        "text": "ok maybe have a word with Rob then",
        "ts": "1512589672.000578"
    },
    {
        "type": "message",
        "user": "U7YJDN73R",
        "text": "so I do it later tonight, you can take a look at them tomorrow",
        "ts": "1512589686.000130"
    },
    {
        "type": "message",
        "user": "U7RE90REK",
        "text": "ok cool",
        "ts": "1512589693.000555"
    },
    {
        "type": "message",
        "user": "U7RE90REK",
        "text": "I think this conversations will be a lot easier if we can see the code working",
        "ts": "1512589707.000592"
    },
    {
        "type": "message",
        "user": "U7RE90REK",
        "text": "Right",
        "ts": "1512589720.000501"
    },
    {
        "type": "message",
        "user": "U7RE90REK",
        "text": "it's getting late",
        "ts": "1512589730.000036"
    },
    {
        "type": "message",
        "user": "U7RE90REK",
        "text": "Omer can you add your admin stuff to the server too if you get it working please?",
        "ts": "1512589753.000608"
    },
    {
        "type": "message",
        "user": "U7RE90REK",
        "text": "Marina we caught up earlier let me know if you need anything else",
        "ts": "1512589769.000273"
    },
    {
        "type": "message",
        "user": "U7TAF6RMF",
        "text": "Okay Takis ",
        "ts": "1512589843.000704"
    },
    {
        "type": "message",
        "user": "U7Q6YMWN4",
        "text": "OK thank you",
        "ts": "1512589983.000471"
    },
    {
        "type": "message",
        "user": "U7TAF6RMF",
        "text": "See you tomorrow Leo and good night everyone ",
        "ts": "1512590032.000461"
    },
    {
        "type": "message",
        "user": "U7YJDN73R",
        "text": "See you",
        "ts": "1512590045.000255"
    },
    {
        "type": "message",
        "user": "U7RE90REK",
        "text": "Goodnight thanks, Leo message me when you've put the code up please",
        "ts": "1512590074.000525"
    },
    {
        "type": "message",
        "user": "U7RE90REK",
        "text": "I'll take a look tomorrow morning or tonight if I'm still around",
        "ts": "1512590084.000130"
    },
    {
        "type": "message",
        "user": "U7YJDN73R",
        "text": "Ok",
        "ts": "1512590098.000345"
    }
]