[
    {
        "type": "message",
        "user": "U7RE90REK",
        "text": "Ok I'll take a look is it in the code repository?",
        "ts": "1511687853.000047"
    },
    {
        "type": "message",
        "user": "U7TAF6RMF",
        "text": "Yes in the site code ",
        "ts": "1511691658.000062"
    },
    {
        "type": "message",
        "user": "U7Q6YMWN4",
        "text": "Hi Takis, did u have a chance to look at the page I sent you.",
        "ts": "1511712304.000113"
    }
]