[
    {
        "type": "message",
        "user": "U7RE90REK",
        "text": "Hi Marina",
        "ts": "1512500302.000348"
    },
    {
        "type": "message",
        "user": "U7Q6YMWN4",
        "text": "Hi Takis",
        "ts": "1512500404.000936"
    },
    {
        "type": "message",
        "user": "U7Q6YMWN4",
        "text": "I am downloading XAMP",
        "ts": "1512500427.000333"
    },
    {
        "type": "message",
        "user": "U7Q6YMWN4",
        "text": "to test the php files when chancing the css",
        "ts": "1512500443.000199"
    },
    {
        "type": "message",
        "user": "U7Q6YMWN4",
        "text": "sorry changing",
        "ts": "1512500458.000783"
    },
    {
        "type": "message",
        "user": "U7RE90REK",
        "text": "ok",
        "ts": "1512500474.000598"
    },
    {
        "type": "message",
        "user": "U7RE90REK",
        "text": "today's meeting should be short",
        "ts": "1512500494.000548"
    },
    {
        "type": "message",
        "user": "U7RE90REK",
        "text": "I'm going to remove the login from index.php",
        "ts": "1512500530.000284"
    },
    {
        "type": "message",
        "user": "U7RE90REK",
        "text": "rename index.php to homePage.php",
        "ts": "1512500543.000486"
    },
    {
        "type": "message",
        "user": "U7RE90REK",
        "text": "probably use your original login for index.php",
        "ts": "1512500556.000110"
    },
    {
        "type": "message",
        "user": "U7RE90REK",
        "text": "and write up some of these meetings",
        "ts": "1512500565.000547"
    },
    {
        "type": "message",
        "user": "U7Q6YMWN4",
        "text": "did u wanted me to put my task on the gihub",
        "ts": "1512500593.000840"
    },
    {
        "type": "message",
        "user": "U7RE90REK",
        "text": "yes please",
        "ts": "1512500598.000419"
    },
    {
        "type": "message",
        "user": "U7RE90REK",
        "text": "see if it lets you add a new issue",
        "ts": "1512500609.000408"
    },
    {
        "type": "message",
        "user": "U7RE90REK",
        "text": "if it doesn't just message me the text and I'll add it for you",
        "ts": "1512500619.000273"
    },
    {
        "type": "message",
        "user": "U7Q6YMWN4",
        "text": "OK",
        "ts": "1512500658.000098"
    },
    {
        "type": "message",
        "user": "U7RE90REK",
        "text": "see if you can add it now",
        "ts": "1512500704.000571"
    },
    {
        "type": "message",
        "user": "U7RE90REK",
        "text": "while I'm around",
        "ts": "1512500730.000408"
    },
    {
        "type": "message",
        "user": "U7Q6YMWN4",
        "text": "OK",
        "ts": "1512500737.000210"
    },
    {
        "type": "message",
        "user": "U7RE90REK",
        "text": "you just add and issue and then assign it to yourself",
        "ts": "1512500739.000462"
    },
    {
        "type": "message",
        "user": "U7TAF6RMF",
        "text": "Hi Takis &amp; Marina",
        "ts": "1512500743.000364"
    },
    {
        "type": "message",
        "user": "U7RE90REK",
        "text": "select enhancment, the proejct, and spring 2",
        "ts": "1512500755.000532"
    },
    {
        "type": "message",
        "user": "U7RE90REK",
        "text": "sprint*",
        "ts": "1512500757.000791"
    },
    {
        "type": "message",
        "user": "U7RE90REK",
        "text": "Hi Omer",
        "ts": "1512500760.000353"
    },
    {
        "type": "message",
        "user": "U7YJDN73R",
        "text": "Hi everyone",
        "ts": "1512500765.000093"
    },
    {
        "type": "message",
        "user": "U7RE90REK",
        "text": "hi Leo",
        "ts": "1512500769.000029"
    },
    {
        "type": "message",
        "user": "U7RE90REK",
        "text": "hopefully keep this one short",
        "ts": "1512500780.000226"
    },
    {
        "type": "message",
        "user": "U7YJDN73R",
        "text": "yupp, quick update from me, I've created the tables on my xampp server, right now I'm testing every php code that I've written once I be sure they are all working we need to configure them for our project",
        "ts": "1512500854.000733"
    },
    {
        "type": "message",
        "user": "U7TAF6RMF",
        "text": "Okay I don't have any update yet still working on the admin login ",
        "ts": "1512500857.000303"
    },
    {
        "type": "message",
        "user": "U7RE90REK",
        "text": "Ok Omer I'm going to work on the landing page tonight",
        "ts": "1512500887.000423"
    },
    {
        "type": "message",
        "user": "U7RE90REK",
        "text": "and then use the current index.php as the homePage.php so it doesn't hold you up",
        "ts": "1512500907.000071"
    },
    {
        "type": "message",
        "user": "U7RE90REK",
        "text": "Leo I was thinking about the risk",
        "ts": "1512500912.000266"
    },
    {
        "type": "message",
        "user": "U7RE90REK",
        "text": "and you are right",
        "ts": "1512500914.000185"
    },
    {
        "type": "message",
        "user": "U7RE90REK",
        "text": "terrorism can't have the same weight as shoptlifting",
        "ts": "1512500924.000058"
    },
    {
        "type": "message",
        "user": "U7RE90REK",
        "text": "so we need to either put red alert for terrorisme charge",
        "ts": "1512500936.000706"
    },
    {
        "type": "message",
        "user": "U7RE90REK",
        "text": "or add a higher value",
        "ts": "1512500941.000243"
    },
    {
        "type": "message",
        "user": "U7YJDN73R",
        "text": "Also Takis there are some miss matches between what your pages can search for and what we have at the DB, would you like me to tailor them for the DB ?",
        "ts": "1512500946.000509"
    },
    {
        "type": "message",
        "user": "U7RE90REK",
        "text": "Yes I noticed that the fields didn't match up on the slides",
        "ts": "1512500971.000556"
    },
    {
        "type": "message",
        "user": "U7RE90REK",
        "text": "I'm happy to change them",
        "ts": "1512500982.000768"
    },
    {
        "type": "message",
        "user": "U7RE90REK",
        "text": "I haven't looked at the db",
        "ts": "1512500991.000080"
    },
    {
        "type": "message",
        "user": "U7YJDN73R",
        "text": "I can tailor them if you want , it would take less time",
        "ts": "1512500995.000309"
    },
    {
        "type": "message",
        "user": "U7RE90REK",
        "text": "yes ok",
        "ts": "1512500999.000327"
    },
    {
        "type": "message",
        "user": "U7RE90REK",
        "text": "thank you",
        "ts": "1512501005.000282"
    },
    {
        "type": "message",
        "user": "U7RE90REK",
        "text": "Marina is working on the CSS",
        "ts": "1512501024.000474"
    },
    {
        "type": "message",
        "user": "U7RE90REK",
        "text": "Marina did it let you add the issue?",
        "ts": "1512501039.000339"
    },
    {
        "type": "message",
        "user": "U7YJDN73R",
        "text": "np, for the risk degree if we do from 0 to 10 or to 15 , then we can give very high number for terrorism",
        "ts": "1512501046.000574"
    },
    {
        "type": "message",
        "user": "U7Q6YMWN4",
        "text": "yes I just created the issue",
        "ts": "1512501065.000175"
    },
    {
        "type": "message",
        "user": "U7TAF6RMF",
        "text": "Please everyone put your update on GitHub so that I can configure them",
        "ts": "1512501117.000428"
    },
    {
        "type": "message",
        "user": "U7RE90REK",
        "text": "I will update mine later tonight",
        "ts": "1512501147.000228"
    },
    {
        "type": "message",
        "user": "U7RE90REK",
        "text": "we need to be a bit careful we don't overwrite other people's work now",
        "ts": "1512501172.000008"
    },
    {
        "type": "message",
        "user": "U7RE90REK",
        "text": "I've not used gitHub much",
        "ts": "1512501193.000009"
    },
    {
        "type": "message",
        "user": "U7RE90REK",
        "text": "does anyone have any advice for us?",
        "ts": "1512501201.000129"
    },
    {
        "type": "message",
        "user": "U7TAF6RMF",
        "text": "Yes I have agreed with Ben to keep the old files and code and just put the new ones on GitHub ",
        "ts": "1512501283.000209"
    },
    {
        "type": "message",
        "user": "U7YJDN73R",
        "text": "I'm new too, you just need to make sure that no one pushes into the repository between the time of your pull and push",
        "ts": "1512501299.000129"
    },
    {
        "type": "message",
        "user": "U7YJDN73R",
        "text": "otherwise you will undo their work",
        "ts": "1512501334.000158"
    },
    {
        "type": "message",
        "user": "U7RE90REK",
        "text": "yes it's a problem if two people are working on them at the same time",
        "ts": "1512501364.000049"
    },
    {
        "type": "message",
        "user": "U7RE90REK",
        "text": "and if I download the current version",
        "ts": "1512501374.000337"
    },
    {
        "type": "message",
        "user": "U7RE90REK",
        "text": "and then Leo does too and Leo commits",
        "ts": "1512501381.000017"
    },
    {
        "type": "message",
        "user": "U7RE90REK",
        "text": "then if I commit later",
        "ts": "1512501386.000463"
    },
    {
        "type": "message",
        "user": "U7RE90REK",
        "text": "it should tell me that the files have changed",
        "ts": "1512501393.000209"
    },
    {
        "type": "message",
        "user": "U7RE90REK",
        "text": "maybe we create branches",
        "ts": "1512501404.000765"
    },
    {
        "type": "message",
        "user": "U7RE90REK",
        "text": "and then merge after",
        "ts": "1512501410.000672"
    },
    {
        "type": "message",
        "user": "U7YJDN73R",
        "text": "I think you shouldn't pull and work on it for hours then push",
        "ts": "1512501412.000466"
    },
    {
        "type": "message",
        "user": "U7TAF6RMF",
        "text": "@ Leo can you upload the tables so that I can test my part",
        "ts": "1512501414.000317"
    },
    {
        "type": "message",
        "user": "U7RE90REK",
        "text": "ok",
        "ts": "1512501427.000298"
    },
    {
        "type": "message",
        "user": "U7RE90REK",
        "text": "it should warn of a conflict",
        "ts": "1512501451.000525"
    },
    {
        "type": "message",
        "user": "U7YJDN73R",
        "text": "what you need to do is to work on separate files, once your work is done you pull edit the files and push quickly",
        "ts": "1512501455.000159"
    },
    {
        "type": "message",
        "user": "U7YJDN73R",
        "text": "Omer What tables I'm supposed to upload ?",
        "ts": "1512501478.000514"
    },
    {
        "type": "message",
        "user": "U7TAF6RMF",
        "text": "You said that you have created some tables",
        "ts": "1512501674.000362"
    },
    {
        "type": "message",
        "user": "U7YJDN73R",
        "text": "The same tables of Rob, I've created a clone of Rob's DB on my xampp to test my own codes",
        "ts": "1512501705.000748"
    },
    {
        "type": "message",
        "user": "U7TAF6RMF",
        "text": "Okay ",
        "ts": "1512501728.000359"
    },
    {
        "type": "message",
        "user": "U7RE90REK",
        "text": "Ok need to head off in a minute",
        "ts": "1512501820.000338"
    },
    {
        "type": "message",
        "user": "U7RE90REK",
        "text": "anything else? any questions?",
        "ts": "1512501829.000816"
    },
    {
        "type": "message",
        "user": "U7RE90REK",
        "text": "I'll update the use case diagram based on what we've said last couple of days",
        "ts": "1512501843.000063"
    },
    {
        "type": "message",
        "user": "U7RE90REK",
        "text": "Ok with the risk I'll put down what I think is the basic risk design with some suggestions to discuss",
        "ts": "1512502084.000174"
    },
    {
        "type": "message",
        "user": "U7RE90REK",
        "text": "we can approach that after the login and searches",
        "ts": "1512502097.000245"
    },
    {
        "type": "message",
        "user": "U7YJDN73R",
        "text": "Ok",
        "ts": "1512502113.000098"
    },
    {
        "type": "message",
        "user": "U7RE90REK",
        "text": "by that time I can help with that too",
        "ts": "1512502116.000427"
    },
    {
        "type": "message",
        "user": "U7RE90REK",
        "text": "Ok anything else?",
        "ts": "1512502128.000807"
    },
    {
        "type": "message",
        "user": "U7TAF6RMF",
        "text": "Okay that sounds fine Takis",
        "ts": "1512502160.000598"
    },
    {
        "type": "message",
        "user": "U7YJDN73R",
        "text": "I think the most important thing is to show something working to Ben next Thursday, I.E pushing a certain button to do something",
        "ts": "1512502178.000234"
    },
    {
        "type": "message",
        "user": "U7RE90REK",
        "text": "Marina are you ok for now?",
        "ts": "1512502181.000038"
    },
    {
        "type": "message",
        "user": "U7RE90REK",
        "text": "yes agreed",
        "ts": "1512502196.000389"
    },
    {
        "type": "message",
        "user": "U7RE90REK",
        "text": "we have until the 14th",
        "ts": "1512502202.000700"
    },
    {
        "type": "message",
        "user": "U7RE90REK",
        "text": "but yeah lets show some progress",
        "ts": "1512502210.000396"
    },
    {
        "type": "message",
        "user": "U7RE90REK",
        "text": "Right I'm off catch you later",
        "ts": "1512502220.000451"
    },
    {
        "type": "message",
        "user": "U7YJDN73R",
        "text": "Bye",
        "ts": "1512502224.000472"
    },
    {
        "type": "message",
        "user": "U7RE90REK",
        "text": "maybe if you're working on code",
        "ts": "1512502226.000738"
    },
    {
        "type": "message",
        "user": "U7RE90REK",
        "text": "login to slack",
        "ts": "1512502232.000101"
    },
    {
        "type": "message",
        "user": "U7RE90REK",
        "text": "I normally do",
        "ts": "1512502243.000323"
    },
    {
        "type": "message",
        "user": "U7RE90REK",
        "text": "night",
        "ts": "1512502246.000189"
    },
    {
        "type": "message",
        "user": "U7TAF6RMF",
        "text": "Good night everyone ",
        "ts": "1512502267.000218"
    }
]