[
    {
        "type": "message",
        "user": "U7RE90REK",
        "text": "Hi all",
        "ts": "1513278538.000330"
    },
    {
        "type": "message",
        "user": "U7TAF6RMF",
        "text": "Hi Takis",
        "ts": "1513278580.000141"
    },
    {
        "type": "message",
        "user": "U7Q6YMWN4",
        "text": "hi",
        "ts": "1513278602.000420"
    },
    {
        "type": "message",
        "user": "U7RE90REK",
        "text": "So I guess yesterday was the last of the daily standups",
        "ts": "1513278649.000345"
    },
    {
        "type": "message",
        "user": "U7RE90REK",
        "text": "I just wanted to get some feedback today about the presentation and if there is anything additional to do",
        "ts": "1513278677.000119"
    },
    {
        "type": "message",
        "user": "U7RE90REK",
        "text": "to what we already know i.e. we have to do feedback for each other",
        "ts": "1513278686.000550"
    },
    {
        "type": "message",
        "user": "U7RE90REK",
        "text": "feedback for ourselves",
        "ts": "1513278692.000393"
    },
    {
        "type": "message",
        "user": "U7RE90REK",
        "text": "and do a report",
        "ts": "1513278696.000511"
    },
    {
        "type": "message",
        "user": "U7RE90REK",
        "text": "is there any work on the project that ben is expecting?",
        "ts": "1513278709.000452"
    },
    {
        "type": "message",
        "user": "U7TAF6RMF",
        "text": "Yes that's it",
        "ts": "1513278725.000237"
    },
    {
        "type": "message",
        "user": "U7TAF6RMF",
        "text": "Yes in all the 3 parts ",
        "ts": "1513278755.000418"
    },
    {
        "type": "message",
        "user": "U7TAF6RMF",
        "text": "Front \/ back\/ database ",
        "ts": "1513278779.000192"
    },
    {
        "type": "message",
        "user": "U7YJDN73R",
        "text": "Ben wasn't 100% happy, however if we do some more work we will be ok",
        "ts": "1513278818.000408"
    },
    {
        "type": "message",
        "user": "U7RE90REK",
        "text": "ok if someone can list what is needed then we can finish it off",
        "ts": "1513278842.000146"
    },
    {
        "type": "message",
        "user": "U7YJDN73R",
        "text": "1st- Login.php is allowing to login without username and password, 2nd- The search platform is not 100% good, instead of having 4\/5 inputs we should have one maybe and another scroll button to choose the criteria that the search will be based",
        "ts": "1513278949.000444"
    },
    {
        "type": "message",
        "user": "U7YJDN73R",
        "text": "PassengerDetails.php doesn't have enough details, that's mainly because I had to re write yesterday at Night from Scratch and didn't have time for complicated join queries instead tried to make the whole system work for today's presentation",
        "ts": "1513279025.000796"
    },
    {
        "type": "message",
        "user": "U7YJDN73R",
        "text": "ListOfFlights.php should have buttons for the details of Each flight",
        "ts": "1513279066.000025"
    },
    {
        "type": "message",
        "user": "U7YJDN73R",
        "text": "ListOfFlights.php is showing \"list of passengers\" in the page, little silly mistake but Ben noticed it",
        "ts": "1513279113.000280"
    },
    {
        "type": "message",
        "user": "U7YJDN73R",
        "text": "You just need to change it in the html",
        "ts": "1513279138.000417"
    },
    {
        "type": "message",
        "user": "U7RE90REK",
        "text": "that's fine",
        "ts": "1513279181.000169"
    },
    {
        "type": "message",
        "user": "U7RE90REK",
        "text": "I didn't want to interfere with the work you were doing last night",
        "ts": "1513279189.000296"
    },
    {
        "type": "message",
        "user": "U7RE90REK",
        "text": "there is a lot of improvement that can be done",
        "ts": "1513279199.000571"
    },
    {
        "type": "message",
        "user": "U7RE90REK",
        "text": "ok well it's good that we got some extra time",
        "ts": "1513279213.000557"
    },
    {
        "type": "message",
        "user": "U7RE90REK",
        "text": "are we going to continue doing sprints?",
        "ts": "1513279232.000257"
    },
    {
        "type": "message",
        "user": "U7YJDN73R",
        "text": "sure , the good thing Ben is giving us a chance to improve it and we have around two weeks, let's make the most of it",
        "ts": "1513279232.000303"
    },
    {
        "type": "message",
        "user": "U7RE90REK",
        "text": "or is it just a case now that we finish off some work",
        "ts": "1513279239.000520"
    },
    {
        "type": "message",
        "user": "U7YJDN73R",
        "text": "I'm happy to go for the third enhancement Sprint,if that can help us get more marks",
        "ts": "1513279287.000279"
    },
    {
        "type": "message",
        "user": "U7TAF6RMF",
        "text": "@Takis , Marina Me , Rob and Leo sat down before the presentation for 3  hours and made some useful changes on our work maybe it's better you can have a look at it and check it first",
        "ts": "1513279299.000365"
    },
    {
        "type": "message",
        "user": "U7TAF6RMF",
        "text": "@ Takis and Marina ",
        "ts": "1513279347.000444"
    },
    {
        "type": "message",
        "user": "U7RE90REK",
        "text": "Ok thanks Omer",
        "ts": "1513279390.000667"
    },
    {
        "type": "message",
        "user": "U7YJDN73R",
        "text": "Omer but Ben said that this isn't enough",
        "ts": "1513279410.000437"
    },
    {
        "type": "message",
        "user": "U7TAF6RMF",
        "text": "Yes I know that I just inform Takis and Marina over today work",
        "ts": "1513279474.000591"
    },
    {
        "type": "message",
        "user": "U7YJDN73R",
        "text": "yeah but you said that's it in all parts , so just to clarify so Takis and Marina don't missunderstand",
        "ts": "1513279517.000274"
    },
    {
        "type": "message",
        "user": "U7TAF6RMF",
        "text": "I think Ben is going to update everything on GitHub ",
        "ts": "1513279535.000069"
    },
    {
        "type": "message",
        "user": "U7TAF6RMF",
        "text": "Yes the 3 parts",
        "ts": "1513279565.000117"
    },
    {
        "type": "message",
        "user": "U7TAF6RMF",
        "text": "E.g The front end has to update the search carteria with drop down list ",
        "ts": "1513279660.000371"
    },
    {
        "type": "message",
        "user": "U7TAF6RMF",
        "text": "Database has to be edited some how ",
        "ts": "1513279723.000151"
    },
    {
        "type": "message",
        "user": "U7TAF6RMF",
        "text": "Back end has to edited also ",
        "ts": "1513279758.000154"
    },
    {
        "type": "message",
        "user": "U7RE90REK",
        "text": "Ok well Omer if you know which parts you need to update, for your back end tasks, please tell the team what you will deliver",
        "ts": "1513279876.000476"
    },
    {
        "type": "message",
        "user": "U7RE90REK",
        "text": "we need to be a bit more specific",
        "ts": "1513279890.000648"
    },
    {
        "type": "message",
        "user": "U7RE90REK",
        "text": "and I will review the fron end and discuss with Marina",
        "ts": "1513279923.000012"
    },
    {
        "type": "message",
        "user": "U7RE90REK",
        "text": "I propose that we move these meeting to every two days",
        "ts": "1513279936.000303"
    },
    {
        "type": "message",
        "user": "U7RE90REK",
        "text": "but we still need to work together",
        "ts": "1513279943.000439"
    },
    {
        "type": "message",
        "user": "U7RE90REK",
        "text": "we need to avoid stepping on each other's toes",
        "ts": "1513279954.000706"
    },
    {
        "type": "message",
        "user": "U7TAF6RMF",
        "text": "Ok that is the right thing to do now ",
        "ts": "1513279962.000554"
    },
    {
        "type": "message",
        "user": "U7RE90REK",
        "text": "we need clear tasks of what exactly each person is doing",
        "ts": "1513279971.000147"
    },
    {
        "type": "message",
        "user": "U7RE90REK",
        "text": "with a demo of that work in each meeting",
        "ts": "1513279977.000475"
    },
    {
        "type": "message",
        "user": "U7RE90REK",
        "text": "we can't wait until last day again",
        "ts": "1513279984.000436"
    },
    {
        "type": "message",
        "user": "U7RE90REK",
        "text": "to find out that nothing is done",
        "ts": "1513279988.000422"
    },
    {
        "type": "message",
        "user": "U7YJDN73R",
        "text": "sure, we can also rely on private chat , we don't have to attend a meeting everyday anymore, but if I need something from anyone for example I contact that person at any time, I think that can be more efficient",
        "edited": {
            "user": "U7YJDN73R",
            "ts": "1513280026.000000"
        },
        "ts": "1513279999.000471"
    },
    {
        "type": "message",
        "user": "U7TAF6RMF",
        "text": "I will write what Ben asked for and put it GitHub but you have to get more details from Rob about the changes that he has to make so that you will get an idea over what you have to do...,but in general it's not a big thing ",
        "ts": "1513280173.000092"
    },
    {
        "type": "message",
        "user": "U7RE90REK",
        "text": "ok Leo that's a good idea",
        "ts": "1513280228.000208"
    },
    {
        "type": "message",
        "user": "U7RE90REK",
        "text": "lets just leave offline messages where needed",
        "ts": "1513280234.000216"
    },
    {
        "type": "message",
        "user": "U7RE90REK",
        "text": "but if it looks like we're getting muddled in who's doing what I might bring everyone round for a meeting at 7",
        "ts": "1513280265.000185"
    },
    {
        "type": "message",
        "user": "U7YJDN73R",
        "text": "And maybe do a meeting every 2\/3 days",
        "ts": "1513280266.000116"
    },
    {
        "type": "message",
        "user": "U7YJDN73R",
        "text": "Ok",
        "ts": "1513280276.000288"
    },
    {
        "type": "message",
        "user": "U7RE90REK",
        "text": "sure I tend to do a lot of work at the weekend so if someone can list in detail what's needed",
        "ts": "1513280295.000448"
    },
    {
        "type": "message",
        "user": "U7YJDN73R",
        "text": "Takis Me You and Marina need to work on the search for passengers and flights and improve the search platform",
        "ts": "1513280349.000295"
    },
    {
        "type": "message",
        "user": "U7YJDN73R",
        "text": "if you and Marina are free let's 3 of us do a meeting and decide how to improve it",
        "ts": "1513280383.000676"
    },
    {
        "type": "message",
        "user": "U7RE90REK",
        "text": "ok I could see improvements for formatting the search results",
        "ts": "1513280386.000560"
    },
    {
        "type": "message",
        "user": "U7RE90REK",
        "text": "ok that sounds good",
        "ts": "1513280397.000694"
    },
    {
        "type": "message",
        "user": "U7YJDN73R",
        "text": "or maybe now",
        "ts": "1513280401.000440"
    },
    {
        "type": "message",
        "user": "U7TAF6RMF",
        "text": "I will write what Ben asked for and put it in GitHub but you have to get more details from Rob about the changes that he has to make so that you get an idea over what you have to do...,but in general it's not a big thing",
        "ts": "1513280432.000355"
    },
    {
        "type": "message",
        "user": "U7RE90REK",
        "text": "ok yes if you can list all the points Ben made that would be a great start, thanks",
        "ts": "1513280872.000066"
    },
    {
        "type": "message",
        "user": "U7RE90REK",
        "text": "Right I need to drop off",
        "ts": "1513280879.000457"
    },
    {
        "type": "message",
        "user": "U7RE90REK",
        "text": "goodnight everyone",
        "ts": "1513280888.000456"
    },
    {
        "type": "message",
        "user": "U7YJDN73R",
        "text": "Goodnight",
        "ts": "1513280908.000581"
    },
    {
        "type": "message",
        "user": "U7TAF6RMF",
        "text": "Good night guys ",
        "ts": "1513280912.000433"
    },
    {
        "type": "message",
        "user": "U7Q6YMWN4",
        "text": "bye for now",
        "ts": "1513280996.000227"
    }
]