[
    {
        "type": "message",
        "user": "U7RE90REK",
        "text": "Hi Marina",
        "ts": "1512759869.000661"
    },
    {
        "type": "message",
        "user": "U7RE90REK",
        "text": "I don't really have anything to add today I'm going to be working over the weekend I'll message you",
        "ts": "1512759891.000381"
    },
    {
        "type": "message",
        "user": "U7YJDN73R",
        "text": "Hi Takis, I've sorted out the table on flight\/passenger list pages, do you know if Rob added dummy data to the DB on his server ?",
        "ts": "1512760097.000579"
    },
    {
        "type": "message",
        "user": "U7RE90REK",
        "text": "Hi Leo",
        "ts": "1512760174.000386"
    },
    {
        "type": "message",
        "user": "U7RE90REK",
        "text": "No he didn't mention anything",
        "ts": "1512760179.000155"
    },
    {
        "type": "message",
        "user": "U7YJDN73R",
        "text": "Ok , I will email him and ask , thanks",
        "ts": "1512760193.000578"
    },
    {
        "type": "message",
        "user": "U7RE90REK",
        "text": "ok",
        "ts": "1512760198.000047"
    },
    {
        "type": "message",
        "user": "U7RE90REK",
        "text": "Ok well have a good weekend",
        "ts": "1512760548.000214"
    },
    {
        "type": "message",
        "user": "U7RE90REK",
        "text": "I'll email\/leave messages over the weekend",
        "ts": "1512760562.000107"
    },
    {
        "type": "message",
        "user": "U7YJDN73R",
        "text": "You too, Bye",
        "ts": "1512760564.000620"
    },
    {
        "type": "message",
        "user": "U7Q6YMWN4",
        "text": "Hi Takis, sorry was busy, I ahve done the CSS if you have a look and let me know if you need me to amend it",
        "ts": "1512761846.000253"
    }
]