[
    {
        "type": "message",
        "user": "U7RE90REK",
        "text": "Good morning Badi how are you?",
        "ts": "1511344205.000022"
    },
    {
        "type": "message",
        "user": "U7Q9MGYN8",
        "text": "Hi everyone, we now have a development server set up. You can access the environment using Remote desktop and the following details:\n\nhost: dev.rhartley.tech\nuser: asdtesting\npw: AsdServ321\n\nPHP scripts need to be placed in 'public' folder on the desktop, and can be tested using firefox on the server. For security, I will not be opening the external port for the web server until we need to demonstrate. MySQL workbench is also installed for anyone who needs to access the database. Please be aware that *only one person can be connected at a time*, so please let everyone else know if you plan to access the server.",
        "ts": "1511365610.000480"
    },
    {
        "type": "message",
        "user": "U7RE90REK",
        "text": "Excellent thanks Rob I've tested a connection and come off.",
        "ts": "1511376958.000028"
    }
]