[
    {
        "type": "message",
        "user": "U7Q9MGYN8",
        "text": "Database ERD and initialization scripts have been added to the repository. ",
        "ts": "1511282028.000878"
    },
    {
        "type": "message",
        "user": "U7Q9MGYN8",
        "text": "Just caught up on the meeting minutes from yesterday. I'm going to open up a remote desktop connection on my server that we can use for testing. I'll report back once I've completed the setup",
        "ts": "1511282490.000255"
    },
    {
        "type": "message",
        "user": "U7RE90REK",
        "text": "Hi everyone",
        "ts": "1511290684.000164"
    },
    {
        "type": "message",
        "user": "U7Q6YMWN4",
        "text": "hi Takis",
        "ts": "1511290706.000662"
    },
    {
        "type": "message",
        "user": "U7RE90REK",
        "text": "I can't stay long tonight I thought we'd keep it to 15 minutes as it should be",
        "ts": "1511290713.000393"
    },
    {
        "type": "message",
        "user": "U7RE90REK",
        "text": "does everyone have some tasks to do for tomorrow",
        "ts": "1511290732.000191"
    },
    {
        "type": "message",
        "user": "U7RE90REK",
        "text": "Ok question for Leo and Rob I think Leo you mentioned yesterday that Ben wanted the sprint tasks in a certain format\/location?",
        "ts": "1511290990.000323"
    },
    {
        "type": "message",
        "user": "U7RE90REK",
        "text": "did you mean the spreadsheet that he provided?",
        "ts": "1511290996.000422"
    },
    {
        "type": "message",
        "user": "U7YJDN73R",
        "text": "Hi Takis, I think it was Omer who mentioned that",
        "ts": "1511291049.000160"
    },
    {
        "type": "message",
        "user": "U7RE90REK",
        "text": "ah ok",
        "ts": "1511291054.000353"
    },
    {
        "type": "message",
        "user": "U7Q9MGYN8",
        "text": "GitHub does have a task board, which populates itself from the issues submitted into a sprint 'radiator', which is what I had tried using for my submissions",
        "ts": "1511291068.000513"
    },
    {
        "type": "message",
        "user": "U7Q9MGYN8",
        "text": "As for tasks tomorrow, Im setting up an environment for live testing now",
        "ts": "1511291084.000379"
    },
    {
        "type": "message",
        "user": "U7RE90REK",
        "text": "ok yes I saw that",
        "ts": "1511291103.000058"
    },
    {
        "type": "message",
        "user": "U7RE90REK",
        "text": "so that's fine we'll continue using that",
        "ts": "1511291112.000477"
    },
    {
        "type": "message",
        "user": "U7RE90REK",
        "text": "I tried to add a task",
        "ts": "1511291117.000104"
    },
    {
        "type": "message",
        "user": "U7RE90REK",
        "text": "and it just gave me an option to add a note",
        "ts": "1511291122.000499"
    },
    {
        "type": "message",
        "user": "U7RE90REK",
        "text": "yours seemed more involved is there a different option?",
        "ts": "1511291133.000093"
    },
    {
        "type": "message",
        "user": "U7YJDN73R",
        "text": "I'm looking for PHP libraries for connecting to DB",
        "ts": "1511291133.000320"
    },
    {
        "type": "message",
        "user": "U7Q9MGYN8",
        "text": "Hmm, I did set some options to allow for more people to add new issues",
        "ts": "1511291148.000565"
    },
    {
        "type": "message",
        "user": "U7Q9MGYN8",
        "text": "One sec ill check",
        "ts": "1511291152.000210"
    },
    {
        "type": "message",
        "user": "U7Q9MGYN8",
        "text": "<https:\/\/github.com\/StaffsMSC-ASD\/ProjectPTS\/issues> On here can you see a green 'New issue' button?",
        "attachments": [
            {
                "service_name": "GitHub",
                "title": "StaffsMSC-ASD\/ProjectPTS",
                "title_link": "https:\/\/github.com\/StaffsMSC-ASD\/ProjectPTS\/issues",
                "text": "ProjectPTS - Module Assignment Repository",
                "fallback": "GitHub: StaffsMSC-ASD\/ProjectPTS",
                "from_url": "https:\/\/github.com\/StaffsMSC-ASD\/ProjectPTS\/issues",
                "thumb_url": "https:\/\/avatars0.githubusercontent.com\/u\/33313370?s=400&v=4",
                "thumb_width": 250,
                "thumb_height": 250,
                "service_icon": "https:\/\/a.slack-edge.com\/bfaba\/img\/unfurl_icons\/github.png",
                "id": 1
            }
        ],
        "ts": "1511291174.000037"
    },
    {
        "type": "message",
        "user": "U7Q9MGYN8",
        "text": "<@U7YJDN73R> check into PDO, it allows for connecting to multiple types of database I think",
        "ts": "1511291226.000036"
    },
    {
        "type": "message",
        "user": "U7Q9MGYN8",
        "text": "I can make sure its included server side if thats what you go with",
        "ts": "1511291247.000211"
    },
    {
        "type": "message",
        "user": "U7RE90REK",
        "text": "ok I was trying to add them when they were showing under the project",
        "ts": "1511291258.000338"
    },
    {
        "type": "message",
        "user": "U7RE90REK",
        "text": "but if I add them to issues I get the right look",
        "ts": "1511291270.000380"
    },
    {
        "type": "message",
        "user": "U7RE90REK",
        "text": "ok thanks Rob",
        "ts": "1511291273.000285"
    },
    {
        "type": "message",
        "user": "U7RE90REK",
        "text": "Marina we'll add our tasks in there",
        "ts": "1511291286.000598"
    },
    {
        "type": "message",
        "user": "U7RE90REK",
        "text": "if everyone else can too",
        "ts": "1511291291.000090"
    },
    {
        "type": "message",
        "user": "U7RE90REK",
        "text": "just 1 or 2 for tomorrow",
        "ts": "1511291296.000173"
    },
    {
        "type": "message",
        "user": "U7Q9MGYN8",
        "text": "No worries, ive set it so it appears on the 'radiator' automatically when you submit new issues",
        "ts": "1511291298.000667"
    },
    {
        "type": "message",
        "user": "U7RE90REK",
        "text": "cool",
        "ts": "1511291310.000062"
    },
    {
        "type": "message",
        "user": "U7Q9MGYN8",
        "text": "Also, if you mention the issue number when submitting files related to that issue, it will automatically close it",
        "ts": "1511291338.000390"
    },
    {
        "type": "message",
        "user": "U7Q9MGYN8",
        "text": "Thats at commit time",
        "ts": "1511291345.000381"
    },
    {
        "type": "message",
        "user": "U7RE90REK",
        "text": "ok I'll have to have a play but I think I get what you mean",
        "ts": "1511291530.000111"
    },
    {
        "type": "message",
        "user": "U7RE90REK",
        "text": "and you said you'd set up some access for uploading content to the server",
        "ts": "1511291586.000293"
    },
    {
        "type": "message",
        "user": "U7RE90REK",
        "text": "so we can use it as a test server right?",
        "ts": "1511291592.000211"
    },
    {
        "type": "message",
        "user": "U7RE90REK",
        "text": "I'll do some html\/css tonight to kick things off and add it to git",
        "ts": "1511291608.000241"
    },
    {
        "type": "message",
        "user": "U7RE90REK",
        "text": "Marina I'll do the home page",
        "ts": "1511291614.000338"
    },
    {
        "type": "message",
        "user": "U7RE90REK",
        "text": "and then we need to have a chat about what other pages are needed I think maybe  an admin home page to enter data etc.",
        "ts": "1511291665.000124"
    },
    {
        "type": "message",
        "user": "U7Q6YMWN4",
        "text": "OK, maybe we could decide on the pages and discuss more in details",
        "ts": "1511291743.000305"
    },
    {
        "type": "message",
        "user": "U7Q6YMWN4",
        "text": "so we can help each other",
        "ts": "1511291757.000054"
    },
    {
        "type": "message",
        "user": "U7RE90REK",
        "text": "Well we know we def need a user home page",
        "ts": "1511291766.000231"
    },
    {
        "type": "message",
        "user": "U7RE90REK",
        "text": "and an admin home page",
        "ts": "1511291770.000126"
    },
    {
        "type": "message",
        "user": "U7RE90REK",
        "text": "so if we create one each even if it's a blank page",
        "ts": "1511291778.000127"
    },
    {
        "type": "message",
        "user": "U7RE90REK",
        "text": "with some marker text",
        "ts": "1511291788.000625"
    },
    {
        "type": "message",
        "user": "U7RE90REK",
        "text": "I'll do the css",
        "ts": "1511291807.000467"
    },
    {
        "type": "message",
        "user": "U7RE90REK",
        "text": "first draft for wednesday",
        "ts": "1511291814.000490"
    },
    {
        "type": "message",
        "user": "U7RE90REK",
        "text": "they we can work on it together",
        "ts": "1511291820.000066"
    },
    {
        "type": "message",
        "user": "U7RE90REK",
        "text": "what is important is to deliver something and add two tasks to this sprint",
        "ts": "1511291843.000072"
    },
    {
        "type": "message",
        "user": "U7RE90REK",
        "text": "does that sound ok?",
        "ts": "1511291850.000154"
    },
    {
        "type": "message",
        "user": "U7Q6YMWN4",
        "text": "Yes",
        "ts": "1511291883.000484"
    },
    {
        "type": "message",
        "user": "U7YJDN73R",
        "text": "Ok guys, I will create the first task in To Do list for the back end tonight, I should have complete it by next Monday or Tuesday, if Omer has time to contribute we can finish this Thursday or Friday",
        "ts": "1511291963.000708"
    },
    {
        "type": "message",
        "user": "U7RE90REK",
        "text": "but this is for this sprint Leo",
        "ts": "1511292069.000563"
    },
    {
        "type": "message",
        "user": "U7RE90REK",
        "text": "tasks for next week will go on on Thursday",
        "ts": "1511292081.000178"
    },
    {
        "type": "message",
        "user": "U7RE90REK",
        "text": "we need to show we are sticking to a process",
        "ts": "1511292090.000355"
    },
    {
        "type": "message",
        "user": "U7RE90REK",
        "text": "is there anything at all that can be delivered by tomorrow?",
        "ts": "1511292100.000592"
    },
    {
        "type": "message",
        "user": "U7RE90REK",
        "text": "a token gesture just to add to this week?",
        "ts": "1511292117.000341"
    },
    {
        "type": "message",
        "user": "U7RE90REK",
        "text": "We can add the task to the backlog",
        "ts": "1511292169.000037"
    },
    {
        "type": "message",
        "user": "U7RE90REK",
        "text": "and then put it on the next sprint on Thursday",
        "ts": "1511292180.000644"
    },
    {
        "type": "message",
        "user": "U7RE90REK",
        "text": "is that ok?",
        "ts": "1511292184.000043"
    },
    {
        "type": "message",
        "user": "U7RE90REK",
        "text": "I've re read that",
        "ts": "1511292275.000134"
    },
    {
        "type": "message",
        "user": "U7RE90REK",
        "text": "we can add it to this weeks sprint",
        "ts": "1511292281.000001"
    },
    {
        "type": "message",
        "user": "U7RE90REK",
        "text": "and if it doesn't get completed",
        "ts": "1511292285.000352"
    },
    {
        "type": "message",
        "user": "U7RE90REK",
        "text": "or is part completed we can re write the action for next week",
        "ts": "1511292295.000344"
    },
    {
        "type": "message",
        "user": "U7RE90REK",
        "text": "is that a better idea?",
        "ts": "1511292300.000547"
    },
    {
        "type": "message",
        "user": "U7YJDN73R",
        "text": "Ok then I will try to break it down to a smaller task and try to deliver it by tomorrow",
        "ts": "1511292386.000150"
    },
    {
        "type": "message",
        "user": "U7RE90REK",
        "text": "Ok cool",
        "ts": "1511292430.000219"
    },
    {
        "type": "message",
        "user": "U7YJDN73R",
        "text": "We could definitely deliver by next Thursday if Omer is available, if not I will break it down to a smaller task and deliver it by Thursday",
        "ts": "1511292432.000024"
    },
    {
        "type": "message",
        "user": "U7RE90REK",
        "text": "I need to drop off",
        "ts": "1511292471.000074"
    },
    {
        "type": "message",
        "user": "U7RE90REK",
        "text": "lets do what we  can for Thursday",
        "ts": "1511292480.000244"
    },
    {
        "type": "message",
        "user": "U7RE90REK",
        "text": "then on the new sprint",
        "ts": "1511292483.000171"
    },
    {
        "type": "message",
        "user": "U7RE90REK",
        "text": "I think we're getting the idea at least",
        "ts": "1511292489.000279"
    },
    {
        "type": "message",
        "user": "U7RE90REK",
        "text": "Goodnight everyone",
        "ts": "1511292493.000408"
    },
    {
        "type": "message",
        "user": "U7YJDN73R",
        "text": "Goodnight",
        "ts": "1511292499.000185"
    },
    {
        "type": "message",
        "user": "U7TAF6RMF",
        "text": "Hi guys,  I am sorry I  had a car accident ",
        "ts": "1511292719.000457"
    },
    {
        "type": "message",
        "user": "U7Q9MGYN8",
        "text": "Oh god, everything ok?",
        "ts": "1511292761.000475"
    },
    {
        "type": "message",
        "user": "U7TAF6RMF",
        "text": "Yes but my car has been damaged ",
        "ts": "1511292817.000160"
    },
    {
        "type": "message",
        "user": "U7TAF6RMF",
        "text": "I have created a blank page with HTML and css and a code that will connect to the database ",
        "ts": "1511293015.000318"
    },
    {
        "type": "message",
        "user": "U7YJDN73R",
        "text": "Hi Omer, are you coordinating with Takis and Marina ? cause HTML\/CSS is front end work which Marina and Takis have been assigned to work on, you need to make sure that what you made can be added to to their work , if you can help me at the backend to deliver something until next Thursday it will be great",
        "ts": "1511302192.000097"
    }
]