[
    {
        "user": "U7Q9MGYN8",
        "text": "<@U7Q9MGYN8> has joined the channel",
        "type": "message",
        "subtype": "channel_join",
        "ts": "1510775172.000182"
    },
    {
        "user": "U7Q9MGYN8",
        "purpose": "Front end dev talk",
        "text": "<@U7Q9MGYN8> set the channel purpose: Front end dev talk",
        "type": "message",
        "subtype": "channel_purpose",
        "ts": "1510775173.000063"
    },
    {
        "user": "U7Q6YMWN4",
        "inviter": "U7Q9MGYN8",
        "text": "<@U7Q6YMWN4> has joined the channel",
        "type": "message",
        "subtype": "channel_join",
        "ts": "1510775173.000066"
    },
    {
        "user": "U7RE90REK",
        "inviter": "U7Q9MGYN8",
        "text": "<@U7RE90REK> has joined the channel",
        "type": "message",
        "subtype": "channel_join",
        "ts": "1510775173.000105"
    }
]