[
    {
        "type": "message",
        "user": "U7RE90REK",
        "text": "I'm going to be going through the project spec today and creating a some front end backlog stories and adding them to github. I've also uploaded the project template files to GitHub",
        "ts": "1510925892.000316"
    },
    {
        "type": "message",
        "user": "U7Q6YMWN4",
        "text": "I will be doing the same tonight after 7.",
        "ts": "1510928183.000586"
    },
    {
        "type": "message",
        "user": "U7RE90REK",
        "text": "Ok I'll be working too then so I'll log on to slack to discuss",
        "ts": "1510928214.000331"
    },
    {
        "type": "message",
        "user": "U7Q6YMWN4",
        "text": "Great",
        "ts": "1510928264.000224"
    }
]