[
    {
        "type": "message",
        "user": "U7Q6YMWN4",
        "text": "Hi Takis, is it OK to put a login form on the page so it will take user to admin page? Or is that not necessary?",
        "ts": "1511343931.000152"
    },
    {
        "type": "message",
        "user": "U7RE90REK",
        "text": "Yes we can add it to the backlog and discuss with the team if we will include security, we will at least need a link on there. Lets put a login form on and take it from there",
        "ts": "1511344087.000499"
    },
    {
        "type": "message",
        "user": "U7RE90REK",
        "text": "I've taken today off to catch up with uni work",
        "ts": "1511344096.000207"
    },
    {
        "type": "message",
        "user": "U7RE90REK",
        "text": "We will need at some point to add our files to Github",
        "ts": "1511344122.000067"
    },
    {
        "type": "message",
        "user": "U7Q6YMWN4",
        "text": "OK  have done one",
        "ts": "1511344130.000219"
    },
    {
        "type": "message",
        "user": "U7Q6YMWN4",
        "text": "Last night",
        "ts": "1511344138.000342"
    },
    {
        "type": "message",
        "user": "U7RE90REK",
        "text": "Can you add what you've done to git so I can take a look?",
        "ts": "1511344168.000430"
    },
    {
        "type": "message",
        "user": "U7RE90REK",
        "text": "and we can share some work",
        "ts": "1511344178.000056"
    },
    {
        "type": "message",
        "user": "U7Q6YMWN4",
        "text": "I can t now. I am just outside work need to go back in",
        "ts": "1511344228.000244"
    },
    {
        "type": "message",
        "user": "U7RE90REK",
        "text": ":slightly_smiling_face: ok no problem so have you been working on a user home page and an Admin one?",
        "ts": "1511344251.000366"
    },
    {
        "type": "message",
        "user": "U7Q6YMWN4",
        "text": "I will email u around 3pm with what I have done",
        "ts": "1511344258.000226"
    },
    {
        "type": "message",
        "user": "U7RE90REK",
        "text": "perfect if you can just tell me which pages they are so I don't duplicate work",
        "ts": "1511344276.000038"
    },
    {
        "type": "message",
        "user": "U7RE90REK",
        "text": "and I will create a task on github for you",
        "ts": "1511344292.000177"
    },
    {
        "type": "message",
        "user": "U7Q6YMWN4",
        "text": "I only did A login page with simple form. ",
        "ts": "1511344347.000019"
    },
    {
        "type": "message",
        "user": "U7Q6YMWN4",
        "text": "Can we chat tonight on here so i can help u more",
        "ts": "1511344380.000114"
    },
    {
        "type": "message",
        "user": "U7RE90REK",
        "text": "ok I'll create the base layout with the map for the homepage and a placeholder for the dashboard",
        "ts": "1511344384.000140"
    },
    {
        "type": "message",
        "user": "U7RE90REK",
        "text": "and I'll incorporate your form on that talk later",
        "ts": "1511344392.000255"
    },
    {
        "type": "message",
        "user": "U7RE90REK",
        "text": "thanks",
        "ts": "1511344393.000322"
    },
    {
        "type": "message",
        "user": "U7Q6YMWN4",
        "text": "Ok talk tonight",
        "ts": "1511344439.000375"
    }
]